Transaction_id,User_id,Date_cleaned,Transaction_Type,Category_Clean,Amount_Clean,Is_Refund,is_Outlier,Payment_Mode_Clean,Location_Clean
T4999,U018,2023-04-25,Expense,Education,3888,NO,NO,CARD,Ahmedabad
T12828,U133,2022-08-05,Expense,Rent,649,NO,NO,UNKNOWN,Hyderabad
T7403,U091,2023-12-31,Income,Freelance,13239,NO,NO,CASH,Bangalore
T7495,U088,2022-10-28,Expense,Food,2287,NO,NO,CARD,Hyderabad
T12465,U042,2024-04-11,Expense,Education,4168,NO,NO,UNKNOWN,Unknown
T4518,U026,2022-08-16,Expense,Salary,828,NO,NO,CARD,Lucknow
T9824,U061,2024-12-12,Income,Utilities,62061,NO,NO,CARD,Ahmedabad
T0741,U053,2024-03-13,Expense,Others,5070,NO,NO,UPI,Kolkata
T12403,U004,2023-11-10,Income,Utilities,59543,NO,NO,UPI,Lucknow
T5282,U016,2022-04-15,Expense,Utilities,999999999,NO,YES,CARD,Delhi
T6861,U112,2021-04-18,Expense,Utilities,4262,NO,NO,UPI,Ahmedabad
T9446,U006,2022-06-29,Expense,Rent,5767,NO,NO,BANK TRANSFER,Bangalore
T3016,U099,2022-02-24,Expense,Food,23760,NO,NO,CARD,Bangalore
T11564,U148,2023-08-28,Expense,Freelance,898,NO,NO,UPI,Lucknow
T11382,U111,2023-02-06,Income,Rent,25143,NO,NO,CARD,Chennai
T3133,U024,2024-07-17,Expense,Others,9567,NO,NO,BANK TRANSFER,Pune
T1982,U089,2021-02-27,Income,Food,49683,NO,NO,UNKNOWN,Lucknow
T7154,U039,2024-09-21,Expense,Travel,222,NO,NO,UPI,Bangalore
T2699,U092,2023-02-25,Expense,Food,2553,NO,NO,UPI,Lucknow
T5774,U005,2021-02-14,Expense,Rent,7406,NO,NO,CARD,Bangalore
T12850,U076,2021-06-09,Expense,Salary,3010,NO,NO,UPI,Kolkata
T6195,U038,2024-11-20,Income,Entertainment,855881,NO,YES,BANK TRANSFER,Jaipur
T5731,U027,2023-02-04,Expense,Education,2206,NO,NO,BANK TRANSFER,Unknown
T0909,U013,2024-04-20,Expense,Education,7038,NO,NO,CARD,Jaipur
T7565,U075,2022-01-24,Expense,Investment,4286,NO,NO,BANK TRANSFER,Hyderabad
T1653,U099,2024-12-16,Expense,Food,8119,NO,NO,CARD,Hyderabad
T6239,U150,2021-12-28,Expense,Food,4189,NO,NO,CARD,Bangalore
T2849,U150,2022-10-10,Income,Travel,19947,NO,NO,BANK TRANSFER,Lucknow
T3127,U023,2021-05-22,Expense,Food,5107,NO,NO,UPI,Unknown
T4949,U101,2023-03-01,Expense,Health,3865,NO,NO,BANK TRANSFER,Jaipur
T3563,U007,2021-05-05,Expense,Rent,2407,NO,NO,CARD,Chennai
T10891,U055,2024-09-08,Expense,Rent,3085,NO,NO,CARD,Jaipur
T10872,U080,2023-02-22,Expense,Others,5252,NO,NO,UNKNOWN,Delhi
T6786,U017,2022-12-15,Expense,Health,1380,NO,NO,BANK TRANSFER,Hyderabad
T3396,U136,2021-09-22,Expense,Food,7619,NO,NO,CASH,Pune
T1215,U150,2023-12-29,Expense,Travel,4823,NO,NO,CASH,Ahmedabad
T5293,U044,2021-02-23,Expense,Rent,8497,NO,NO,UNKNOWN,Kolkata
T12220,U122,2023-11-14,Expense,Food,999999,NO,YES,UPI,Lucknow
T2003,U149,2021-04-15,Expense,Food,8241,NO,NO,UPI,Unknown
T9452,U062,2023-09-24,Expense,Health,8579,NO,NO,BANK TRANSFER,Ahmedabad
T4924,U082,2022-05-25,Expense,Education,235,NO,NO,CARD,Chennai
T11911,U069,2023-06-22,Expense,Rent,1263,NO,NO,UPI,Lucknow
T11270,U022,2023-08-09,Expense,Utilities,2134,NO,NO,BANK TRANSFER,Jaipur
T13032,U150,2021-06-19,Expense,Entertainment,2228,NO,NO,CASH,Delhi
T6095,U110,2024-01-11,Expense,Food,4641,NO,NO,BANK TRANSFER,Delhi
T0361,U055,2023-08-16,Expense,Rent,1081,NO,NO,CARD,Pune
T7314,U103,2022-02-26,Expense,Health,371,NO,NO,CASH,Mumbai
T11430,U108,2021-07-10,Expense,Food,225,NO,NO,CARD,Pune
T12663,U052,2023-04-15,Expense,Utilities,23776,NO,NO,UPI,Bangalore
T6106,U008,2023-04-23,Expense,Others,6707,NO,NO,CARD,Delhi
T9628,U096,2024-03-22,Expense,Savings,8380,NO,NO,BANK TRANSFER,Hyderabad
T1623,U017,2021-04-10,Expense,Utilities,601,NO,NO,BANK TRANSFER,Jaipur
T13765,U034,2024-09-05,Expense,Salary,3219,NO,NO,CASH,Hyderabad
T5930,U011,2024-04-21,Expense,Food,8111,NO,NO,UNKNOWN,Delhi
T1627,U069,2022-04-18,Expense,Food,5554,NO,NO,BANK TRANSFER,Hyderabad
T4242,U053,2024-08-15,Income,Freelance,41573,NO,NO,BANK TRANSFER,Mumbai
T12437,U004,2024-12-01,Expense,Travel,3110,NO,NO,BANK TRANSFER,Chennai
T8670,U030,2024-07-25,Expense,Rent,4277,NO,NO,CARD,Pune
T11341,U127,2024-01-17,Expense,Education,3047,NO,NO,CARD,Mumbai
T9556,U008,2024-06-27,Income,Entertainment,10183,NO,NO,UNKNOWN,Delhi
T2449,U028,2022-04-16,Expense,Travel,9888,NO,NO,BANK TRANSFER,Delhi
T4357,U088,2024-07-03,Expense,Education,7217,NO,NO,CASH,Delhi
T0815,U141,2021-10-05,Expense,Freelance,9725,NO,NO,BANK TRANSFER,Chennai
T7919,U086,2023-05-27,Expense,Food,9648,NO,NO,BANK TRANSFER,Kolkata
T5695,U061,2023-10-22,Expense,Uncategorised,1643,NO,NO,CARD,Mumbai
T2471,U066,2021-12-23,Expense,Education,7397,NO,NO,CASH,Delhi
T3475,U046,2022-12-10,Income,Education,70075,NO,NO,UPI,Kolkata
T5875,U081,2021-10-31,Expense,Education,864,NO,NO,BANK TRANSFER,Mumbai
T10128,U104,2024-09-06,Expense,Food,6228,NO,NO,CASH,Hyderabad
T3491,U061,2024-04-10,Expense,Health,1206,NO,NO,CASH,Ahmedabad
T2225,U028,2023-07-06,Expense,Rent,8204,NO,NO,CARD,Unknown
T6946,U068,2024-06-23,Expense,Bonus,5756,NO,NO,UPI,Hyderabad
T2022,U056,2021-12-20,Expense,Utilities,5576,NO,NO,BANK TRANSFER,Delhi
T13529,U123,2021-11-05,Expense,Health,9771,NO,NO,BANK TRANSFER,Pune
T12210,U118,2022-01-25,Expense,Rent,20509,NO,NO,BANK TRANSFER,Bangalore
T6904,U063,2024-09-13,Income,Travel,62193,NO,NO,UPI,Chennai
T0713,U055,2023-08-22,Expense,Utilities,3367,NO,NO,BANK TRANSFER,Ahmedabad
T7323,U009,2024-05-13,Expense,Travel,2721,NO,NO,UPI,Bangalore
T10231,U089,2023-02-13,Expense,Travel,2962,NO,NO,UPI,Ahmedabad
T11570,U052,2022-09-23,Expense,Entertainment,8283,NO,NO,CARD,Ahmedabad
T13926,U134,2024-09-16,Expense,Investment,3520,NO,NO,CASH,Mumbai
T0884,U115,2024-04-07,Expense,Others,5524,NO,NO,BANK TRANSFER,Hyderabad
T5033,U119,2021-12-18,Expense,Rent,999999,NO,YES,UPI,Pune
T8492,U101,2024-11-14,Expense,Entertainment,1800,NO,NO,BANK TRANSFER,Ahmedabad
T4699,U090,2023-08-07,Income,Rent,32146,NO,NO,CASH,Delhi
T1841,U097,2021-03-10,Income,Travel,57173,NO,NO,CASH,Unknown
T3041,U018,2021-07-11,Expense,Travel,2966,NO,NO,CASH,Bangalore
T7693,U116,2024-08-31,Expense,Food,1004,NO,NO,BANK TRANSFER,Kolkata
T0071,U078,2024-04-26,Expense,Food,6141,NO,NO,CASH,Pune
T12197,U026,2022-04-18,Expense,Bonus,9154,NO,NO,CARD,Delhi
T8563,U080,2024-12-29,Expense,Utilities,9705,NO,NO,CASH,Unknown
T6626,U049,2022-08-14,Expense,Savings,2637,NO,NO,CASH,Jaipur
T7302,U102,2024-09-19,Expense,Entertainment,1073,NO,NO,CARD,Lucknow
T3552,U095,2024-01-21,Income,Food,34145,NO,NO,BANK TRANSFER,Hyderabad
T1620,U040,2024-08-30,Expense,Rent,527,NO,NO,CASH,Mumbai
T7912,U115,2022-06-15,Expense,Food,5195,NO,NO,UPI,Lucknow
T3571,U064,2024-10-05,Expense,Health,3143,NO,NO,UPI,Chennai
T10957,U081,2023-08-06,Expense,Freelance,2135,NO,NO,CASH,Lucknow
T0294,U080,2024-12-25,Expense,Uncategorised,2163,NO,NO,UPI,Mumbai
T9414,U149,2024-06-09,Expense,Bonus,42078,NO,NO,UPI,Kolkata
T10537,U079,2023-08-01,Expense,Education,2778,NO,NO,UPI,Ahmedabad
T1125,U105,2024-11-22,Expense,Health,3929,NO,NO,CARD,Unknown
T8978,U103,2024-05-10,Income,Entertainment,23852,NO,NO,CARD,Lucknow
T5936,U022,2021-06-13,Expense,Bonus,6856,NO,NO,UNKNOWN,Chennai
T3751,U103,2024-05-31,Income,Travel,49639,NO,NO,UNKNOWN,Hyderabad
T0626,U122,2024-08-19,Expense,Travel,3150,NO,NO,BANK TRANSFER,Chennai
T9500,U090,2022-06-07,Expense,Health,9408,NO,NO,CASH,Hyderabad
T1537,U056,2022-06-25,Expense,Bonus,4114,NO,NO,UPI,Delhi
T9185,U117,2022-12-12,Income,Utilities,14249,NO,NO,BANK TRANSFER,Lucknow
T7093,U096,2023-03-29,Expense,Travel,9681,NO,NO,UPI,Delhi
T1990,U121,2022-03-29,Expense,Entertainment,3011,NO,NO,CARD,Kolkata
T4706,U150,2024-06-13,Expense,Food,3150,NO,NO,UPI,Jaipur
T8416,U133,2023-05-05,Income,Education,32789,NO,NO,CASH,Bangalore
T11932,U100,2023-02-10,Expense,Travel,6704,NO,NO,UPI,Mumbai
T4683,U062,2022-08-27,Expense,Freelance,4427,NO,NO,CARD,Chennai
T10528,U071,2021-11-27,Expense,Travel,3121,NO,NO,BANK TRANSFER,Pune
T10806,U149,2024-05-19,Expense,Utilities,3802,NO,NO,UPI,Jaipur
T10505,U099,2021-03-06,Expense,Investment,544,NO,NO,UPI,Ahmedabad
T13682,U145,2023-03-09,Expense,Travel,9053,NO,NO,UNKNOWN,Lucknow
T12807,U029,2021-06-05,Income,Utilities,32381,NO,NO,BANK TRANSFER,Chennai
T6557,U007,2023-01-28,Expense,Education,8305,NO,NO,UPI,Pune
T0409,U137,2021-02-08,Expense,Rent,8841,NO,NO,UNKNOWN,Mumbai
T10784,U022,2021-04-30,Income,Rent,46219,NO,NO,CARD,Lucknow
T2457,U054,2021-03-10,Expense,Travel,9800,NO,NO,CASH,Mumbai
T12395,U062,2021-04-10,Expense,Rent,4451,NO,NO,BANK TRANSFER,Mumbai
T1882,U101,2022-09-25,Expense,Investment,9358,NO,NO,CARD,Mumbai
T13924,U035,2021-08-24,Expense,Rent,3569,NO,NO,CASH,Jaipur
T13453,U110,2024-11-05,Expense,Salary,2979,NO,NO,CASH,Hyderabad
T9836,U058,2024-09-11,Expense,Savings,1863,NO,NO,BANK TRANSFER,Hyderabad
T13845,U066,2022-06-24,Expense,Health,34984,NO,NO,UPI,Chennai
T11381,U107,2024-05-12,Income,Rent,44031,NO,NO,BANK TRANSFER,Hyderabad
T5758,U049,2023-08-04,Expense,Investment,21771,NO,NO,UPI,Chennai
T12059,U077,2021-12-11,Income,Food,24920,NO,NO,UPI,Chennai
T8889,U131,2021-01-07,Expense,Rent,8861,NO,NO,BANK TRANSFER,Pune
T10327,U136,2022-05-25,Expense,Food,4201,NO,NO,BANK TRANSFER,Kolkata
T4967,U113,2022-02-17,Expense,Food,47473,NO,NO,BANK TRANSFER,Hyderabad
T11849,U040,2021-12-06,Income,Bonus,75822,NO,NO,CASH,Mumbai
T5167,U014,2021-10-26,Expense,Uncategorised,677,NO,NO,BANK TRANSFER,Mumbai
T3952,U120,2024-08-26,Expense,Rent,43252,NO,NO,CASH,Delhi
T5844,U086,2021-04-24,Expense,Misc,2615,NO,NO,CARD,Lucknow
T13040,U009,2024-06-04,Expense,Others,2855,NO,NO,UPI,Bangalore
T3167,U145,2021-11-28,Income,Others,57358,NO,NO,CASH,Delhi
T8867,U105,2022-11-14,Expense,Entertainment,6348,NO,NO,CARD,Mumbai
T5926,U016,2024-07-13,Expense,Food,4583,NO,NO,BANK TRANSFER,Unknown
T13662,U129,2021-10-18,Expense,Travel,4952,NO,NO,CASH,Hyderabad
T13593,U018,2024-03-11,Expense,Savings,3941,NO,NO,BANK TRANSFER,Mumbai
T12216,U116,2023-04-21,Income,Food,47262,NO,NO,BANK TRANSFER,Kolkata
T8335,U001,2021-06-19,Expense,Utilities,1998,NO,NO,UPI,Lucknow
T4933,U018,2021-03-17,Expense,Utilities,8124,NO,NO,UNKNOWN,Pune
T7036,U105,2021-01-12,Expense,Rent,1326,NO,NO,CARD,Unknown
T9072,U066,2024-09-26,Expense,Utilities,4328,NO,NO,UPI,Mumbai
T8270,U081,2023-04-04,Expense,Travel,276,NO,NO,BANK TRANSFER,Pune
T12265,U094,2022-04-02,Expense,Utilities,4215,NO,NO,CARD,Hyderabad
T4637,U005,2023-11-04,Expense,Food,6316,NO,NO,UPI,Pune
T9022,U089,2024-03-10,Expense,Food,21376,NO,NO,UPI,Chennai
T7016,U145,2021-01-09,Expense,Uncategorised,7391,NO,NO,CASH,Hyderabad
T12109,U144,2023-05-31,Expense,Food,2990,NO,NO,UPI,Mumbai
T9952,U045,2022-12-24,Expense,Entertainment,2230,NO,NO,UNKNOWN,Delhi
T13401,U064,2021-09-17,Expense,Rent,6197,NO,NO,UPI,Unknown
T11100,U142,2021-06-05,Expense,Travel,6502,NO,NO,CARD,Jaipur
T4072,U067,2021-07-11,Expense,Education,6902,NO,NO,CARD,Delhi
T8303,U091,2024-05-05,Expense,Utilities,0,NO,NO,BANK TRANSFER,Kolkata
T9115,U060,2022-04-21,Expense,Travel,9939,NO,NO,BANK TRANSFER,Pune
T2668,U126,2022-12-30,Expense,Education,1518,NO,NO,BANK TRANSFER,Lucknow
T1256,U035,2021-06-03,Expense,Utilities,2985,NO,NO,CASH,Delhi
T7219,U002,2024-06-28,Expense,Education,3150,NO,NO,BANK TRANSFER,Ahmedabad
T7845,U014,2024-12-27,Expense,Utilities,6671,NO,NO,UPI,Ahmedabad
T4986,U124,2023-07-04,Expense,Utilities,1409,NO,NO,UPI,Chennai
T1883,U047,2024-07-20,Expense,Rent,2497,NO,NO,BANK TRANSFER,Kolkata
T7034,U108,2021-03-24,Expense,Freelance,6324,NO,NO,CARD,Chennai
T11835,U125,2022-04-12,Expense,Uncategorised,7315,NO,NO,BANK TRANSFER,Jaipur
T0231,U031,2023-02-08,Expense,Food,7080,NO,NO,BANK TRANSFER,Kolkata
T2017,U090,2022-01-14,Expense,Food,7821,NO,NO,CASH,Pune
T9479,U114,2021-08-14,Expense,Food,988,NO,NO,UPI,Unknown
T1312,U070,2022-12-15,Income,Bonus,23504,NO,NO,BANK TRANSFER,Hyderabad
T0010,U017,2024-04-19,Expense,Salary,1064,NO,NO,CASH,Ahmedabad
T11433,U083,2021-10-12,Expense,Education,2683,NO,NO,CASH,Delhi
T4446,U017,2023-11-30,Expense,Freelance,5022,NO,NO,CASH,Hyderabad
T2782,U093,2021-04-01,Expense,Food,7849,NO,NO,UNKNOWN,Pune
T11291,U040,2024-06-10,Income,Entertainment,33565,NO,NO,CASH,Hyderabad
T6224,U092,2024-11-04,Income,Salary,66678,NO,NO,BANK TRANSFER,Chennai
T4124,U119,2024-03-05,Expense,Health,6304,NO,NO,UPI,Pune
T10115,U091,2022-02-23,Income,Food,50009,NO,NO,BANK TRANSFER,Pune
T3531,U134,2021-08-07,Expense,Education,5811,NO,NO,BANK TRANSFER,Pune
T1066,U057,2023-02-05,Expense,Food,7713,NO,NO,UPI,Pune
T9037,U142,2022-12-19,Income,Travel,70693,NO,NO,CASH,Ahmedabad
T12498,U012,2024-03-20,Expense,Health,2603,NO,NO,CASH,Kolkata
T6556,U037,2023-12-22,Expense,Rent,314,NO,NO,CASH,Mumbai
T4233,U089,2024-10-30,Expense,Entertainment,9806,NO,NO,BANK TRANSFER,Chennai
T1925,U060,2023-02-04,Expense,Others,3762,NO,NO,BANK TRANSFER,Hyderabad
T9678,U092,2021-03-15,Expense,Health,9891,NO,NO,UPI,Unknown
T3468,U143,2024-08-09,Expense,Uncategorised,6869,NO,NO,CARD,Jaipur
T2217,U113,2023-04-02,Expense,Food,6756,NO,NO,BANK TRANSFER,Pune
T7901,U028,2021-09-07,Expense,Freelance,356,NO,NO,BANK TRANSFER,Jaipur
T9324,U093,2021-10-03,Income,Entertainment,20156,NO,NO,CASH,Pune
T6515,U121,2024-03-16,Expense,Freelance,3790,NO,NO,CARD,Ahmedabad
T3401,U071,2021-10-07,Expense,Utilities,6766,NO,NO,CARD,Bangalore
T2246,U061,2021-04-01,Expense,Rent,3765,NO,NO,BANK TRANSFER,Chennai
T10375,U013,2023-08-06,Income,Investment,0,NO,NO,BANK TRANSFER,Delhi
T7960,U028,2021-07-25,Expense,Food,4638,NO,NO,CARD,Unknown
T13793,U141,2021-09-23,Income,Entertainment,11650,NO,NO,CASH,Hyderabad
T7316,U144,2024-02-22,Expense,Rent,5790,NO,NO,UNKNOWN,Pune
T4875,U076,2024-06-16,Expense,Food,12435,NO,NO,UPI,Lucknow
T1216,U042,2022-01-31,Income,Investment,31183,NO,NO,BANK TRANSFER,Jaipur
T11898,U035,2023-04-13,Expense,Rent,775,NO,NO,UPI,Unknown
T3071,U139,2021-11-03,Expense,Rent,8230,NO,NO,BANK TRANSFER,Lucknow
T12468,U043,2024-12-14,Expense,Utilities,5582,NO,NO,UPI,Ahmedabad
T5511,U114,2024-04-20,Expense,Food,5918,NO,NO,BANK TRANSFER,Pune
T5607,U093,2024-02-05,Income,Bonus,73830,NO,NO,UPI,Pune
T9770,U040,2021-02-21,Expense,Food,23340,NO,NO,CARD,Lucknow
T11278,U009,2022-07-19,Expense,Education,40813,NO,NO,UPI,Delhi
T10427,U077,2024-12-31,Expense,Travel,3414,NO,NO,UPI,Pune
T1377,U044,2022-03-31,Expense,Travel,2033,NO,NO,UPI,Mumbai
T2469,U038,2023-11-30,Income,Rent,44932,NO,NO,BANK TRANSFER,Kolkata
T6621,U104,2022-08-14,Expense,Investment,999999,NO,YES,CASH,Jaipur
T7679,U079,2024-05-03,Expense,Health,2274,NO,NO,CASH,Hyderabad
T8635,U039,2023-02-28,Expense,Food,330,NO,NO,BANK TRANSFER,Chennai
T4874,U123,2024-12-30,Expense,Entertainment,8592,NO,NO,CASH,Pune
T3143,U025,2023-05-01,Expense,Others,6779,NO,NO,CASH,Delhi
T13475,U033,2022-01-12,Income,Food,29235,NO,NO,BANK TRANSFER,Unknown
T8560,U023,2023-04-02,Expense,Entertainment,2143,NO,NO,CARD,Delhi
T8417,U089,2022-05-17,Expense,Rent,4945,NO,NO,CARD,Ahmedabad
T8379,U106,2021-10-16,Expense,Travel,8152,NO,NO,UPI,Delhi
T13913,U006,2022-12-07,Expense,Rent,7300,NO,NO,BANK TRANSFER,Pune
T11359,U135,2024-04-06,Expense,Travel,4603,NO,NO,BANK TRANSFER,Ahmedabad
T8916,U035,2022-10-13,Expense,Rent,4719,NO,NO,CARD,Mumbai
T5752,U112,2022-12-05,Expense,Entertainment,27792,NO,NO,BANK TRANSFER,Pune
T11316,U053,2022-06-10,Expense,Food,6691,NO,NO,CARD,Hyderabad
T4377,U065,2022-04-05,Expense,Rent,5935,NO,NO,BANK TRANSFER,Hyderabad
T10191,U150,2024-02-26,Expense,Others,9750,NO,NO,UPI,Mumbai
T10267,U128,2021-10-19,Expense,Health,6484,NO,NO,UPI,Jaipur
T10019,U029,2024-02-18,Expense,Rent,2398,NO,NO,BANK TRANSFER,Lucknow
T1053,U081,2021-08-25,Expense,Travel,498,NO,NO,CASH,Delhi
T2960,U124,2022-09-05,Expense,Rent,35588,NO,NO,CASH,Jaipur
T5402,U053,2021-11-02,Income,Food,13131,NO,NO,CARD,Lucknow
T1989,U027,2024-06-08,Expense,Savings,6321,NO,NO,CASH,Ahmedabad
T7284,U114,2023-08-30,Expense,Uncategorised,28207,NO,NO,BANK TRANSFER,Unknown
T11284,U125,2023-06-24,Expense,Utilities,0,NO,NO,CARD,Chennai
T1195,U102,2023-08-06,Expense,Food,10749,NO,NO,CASH,Lucknow
T6008,U053,2023-05-21,Expense,Investment,2232,NO,NO,UNKNOWN,Pune
T11465,U149,2022-03-30,Expense,Freelance,8161,NO,NO,CARD,Bangalore
T8940,U088,2024-11-05,Expense,Utilities,3825,NO,NO,CASH,Bangalore
T2577,U075,2022-07-13,Expense,Food,4923,NO,NO,BANK TRANSFER,Mumbai
T6064,U104,2023-11-04,Expense,Travel,1078,NO,NO,BANK TRANSFER,Delhi
T1619,U053,2021-02-16,Income,Entertainment,74630,NO,NO,BANK TRANSFER,Ahmedabad
T1405,U109,2022-02-12,Income,Entertainment,14180,NO,NO,CASH,Mumbai
T0352,U149,2024-11-08,Expense,Utilities,8479,NO,NO,UPI,Bangalore
T5467,U104,2023-11-05,Expense,Rent,5292,NO,NO,BANK TRANSFER,Hyderabad
T10397,U013,2022-10-20,Expense,Rent,3942,NO,NO,BANK TRANSFER,Lucknow
T3306,U065,2022-07-22,Expense,Rent,2923,NO,NO,BANK TRANSFER,Delhi
T12923,U075,2023-09-01,Expense,Food,8943,NO,NO,CARD,Pune
T2497,U149,2022-11-22,Expense,Investment,3159,NO,NO,CARD,Delhi
T12309,U024,2023-12-18,Expense,Food,12484,NO,NO,CARD,Bangalore
T6608,U081,2023-04-06,Expense,Food,4331,NO,NO,CASH,Hyderabad
T4870,U014,2024-10-04,Expense,Rent,9348,NO,NO,BANK TRANSFER,Jaipur
T12187,U060,2024-06-26,Expense,Food,8174,NO,NO,BANK TRANSFER,Pune
T13685,U047,2021-08-03,Income,Food,74243,NO,NO,CASH,Jaipur
T6605,U124,2023-10-17,Expense,Food,8640,NO,NO,CASH,Jaipur
T3940,U085,2021-06-25,Expense,Freelance,9784,NO,NO,CARD,Jaipur
T12289,U001,2021-12-26,Expense,Others,45093,NO,NO,CARD,Pune
T12849,U049,2021-04-21,Expense,Travel,2130,NO,NO,UPI,Lucknow
T6257,U036,2023-02-21,Expense,Rent,4816,NO,NO,UPI,Pune
T3936,U039,2023-10-05,Expense,Education,2247,NO,NO,CARD,Chennai
T10279,U087,2021-03-13,Income,Bonus,46587,NO,NO,CARD,Lucknow
T0177,U038,2022-06-13,Expense,Utilities,6610,NO,NO,CASH,Pune
T3986,U077,2024-12-20,Expense,Rent,4692,NO,NO,UPI,Jaipur
T2217,U113,2023-04-02,Expense,Health,6756,NO,NO,BANK TRANSFER,Pune
T3810,U004,2021-02-03,Expense,Entertainment,5305,NO,NO,BANK TRANSFER,Chennai
T7155,U060,2022-08-14,Income,Travel,67675,NO,NO,BANK TRANSFER,Bangalore
T8163,U016,2021-03-29,Expense,Entertainment,7845,NO,NO,CASH,Delhi
T7044,U049,2022-05-18,Expense,Savings,7183,NO,NO,CASH,Unknown
T3840,U144,2022-08-23,Expense,Utilities,6908,NO,NO,CARD,Bangalore
T3774,U020,2023-09-08,Expense,Utilities,47146,NO,NO,CARD,Delhi
T3961,U111,2024-07-15,Expense,Travel,5749,NO,NO,CASH,Pune
T13582,U133,2021-10-26,Expense,Rent,5542,NO,NO,CARD,Kolkata
T11104,U121,2022-09-14,Expense,Others,3429,NO,NO,CARD,Mumbai
T8714,U065,2021-06-23,Expense,Rent,237,NO,NO,BANK TRANSFER,Jaipur
T2709,U138,2022-08-18,Expense,Rent,8231,NO,NO,UPI,Chennai
T2156,U018,2022-11-05,Expense,Others,9859,NO,NO,UPI,Kolkata
T8551,U065,2024-03-20,Expense,Education,2288,NO,NO,UPI,Kolkata
T10622,U030,2022-01-26,Expense,Entertainment,5756,NO,NO,BANK TRANSFER,Hyderabad
T9673,U145,2021-10-31,Expense,Entertainment,28183,NO,NO,UPI,Delhi
T8967,U125,2023-03-16,Income,Travel,41720,NO,NO,BANK TRANSFER,Pune
T11141,U098,2024-10-07,Expense,Food,7335,NO,NO,BANK TRANSFER,Chennai
T4430,U147,2024-10-04,Expense,Rent,287,NO,NO,CARD,Hyderabad
T11810,U060,2021-12-30,Income,Food,57828,NO,NO,UPI,Ahmedabad
T10574,U061,2021-10-28,Expense,Education,9601,NO,NO,UNKNOWN,Kolkata
T9406,U131,2021-12-08,Expense,Travel,2186,NO,NO,CARD,Bangalore
T2288,U143,2021-06-14,Expense,Food,8093,NO,NO,CARD,Lucknow
T1733,U080,2023-05-03,Expense,Savings,2272,NO,NO,BANK TRANSFER,Hyderabad
T13220,U140,2024-02-05,Expense,Entertainment,4549,NO,NO,CASH,Chennai
T9379,U106,2021-11-26,Expense,Travel,21603,NO,NO,CASH,Jaipur
T0617,U046,2021-01-22,Expense,Savings,1641,NO,NO,CASH,Kolkata
T13759,U109,2021-12-27,Expense,Travel,7941,NO,NO,UPI,Chennai
T0147,U114,2021-06-27,Expense,Health,7135,NO,NO,CASH,Lucknow
T4332,U089,2023-11-21,Expense,Rent,4265,NO,NO,UPI,Hyderabad
T12052,U046,2023-09-09,Expense,Education,8634,NO,NO,BANK TRANSFER,Lucknow
T4585,U003,2024-05-21,Expense,Rent,1006,NO,NO,UPI,Hyderabad
T0859,U132,2024-10-27,Expense,Food,475,NO,NO,BANK TRANSFER,Delhi
T6964,U028,2022-04-16,Expense,Travel,0,NO,NO,CASH,Delhi
T5011,U129,2022-07-16,Expense,Rent,6799,NO,NO,CARD,Bangalore
T13370,U046,2021-09-23,Expense,Rent,0,NO,NO,CARD,Delhi
T1330,U108,2022-03-21,Expense,Salary,1564,NO,NO,UNKNOWN,Unknown
T4361,U008,2023-03-19,Expense,Bonus,1002,NO,NO,BANK TRANSFER,Ahmedabad
T7760,U089,2024-05-11,Expense,Food,46614,NO,NO,BANK TRANSFER,Lucknow
T7501,U047,2021-01-12,Expense,Freelance,4005,NO,NO,CASH,Kolkata
T10853,U083,2023-04-28,Expense,Travel,4601,NO,NO,UPI,Pune
T5130,U075,2021-09-10,Expense,Food,46896,NO,NO,UPI,Delhi
T12558,U124,2021-01-13,Expense,Bonus,0,NO,NO,CASH,Chennai
T4248,U058,2022-03-21,Income,Others,78532,NO,NO,BANK TRANSFER,Kolkata
T5305,U046,2023-01-16,Income,Travel,178518,NO,NO,BANK TRANSFER,Pune
T6784,U022,2021-01-12,Expense,Food,8687,NO,NO,UNKNOWN,Bangalore
T1468,U139,2022-12-07,Income,Rent,57170,NO,NO,UPI,Delhi
T5253,U075,2021-08-07,Expense,Health,7235,NO,NO,CARD,Bangalore
T6241,U037,2022-04-07,Expense,Health,9675,NO,NO,CASH,Mumbai
T4458,U075,2022-04-21,Expense,Food,4895,NO,NO,UPI,Ahmedabad
T4529,U064,2024-01-31,Income,Food,21355,NO,NO,BANK TRANSFER,Jaipur
T5154,U072,2024-11-03,Income,Food,13183,NO,NO,UPI,Chennai
T10901,U086,2022-07-12,Expense,Rent,9364,NO,NO,UPI,Delhi
T12719,U019,2021-05-18,Expense,Utilities,5042,NO,NO,CASH,Jaipur
T6988,U044,2023-10-07,Expense,Rent,2824,NO,NO,UPI,Ahmedabad
T2128,U126,2023-10-18,Expense,Rent,9979,NO,NO,UPI,Hyderabad
T1182,U023,2024-09-20,Expense,Rent,8548,NO,NO,UNKNOWN,Bangalore
T4182,U117,2023-03-03,Expense,Food,700,NO,NO,BANK TRANSFER,Pune
T4082,U138,2021-07-23,Expense,Rent,6556,NO,NO,UPI,Mumbai
T8735,U023,2023-07-12,Expense,Travel,8641,NO,NO,CARD,Hyderabad
T8123,U020,2023-05-15,Expense,Utilities,5988,NO,NO,BANK TRANSFER,Mumbai
T7895,U117,2024-08-23,Expense,Travel,6348,NO,NO,CARD,Chennai
T8735,U113,2021-05-15,Expense,Utilities,5549,NO,NO,UPI,Unknown
T10792,U053,2022-07-15,Expense,Investment,44898,NO,NO,CASH,Chennai
T8838,U010,2023-07-16,Expense,Rent,3221,NO,NO,UPI,Delhi
T1044,U075,2021-05-06,Expense,Travel,1810,NO,NO,CARD,Kolkata
T8602,U097,2024-12-07,Expense,Entertainment,9944,NO,NO,UPI,Delhi
T7931,U085,2021-12-08,Expense,Travel,1037,NO,NO,CASH,Bangalore
T13820,U148,2023-10-16,Expense,Freelance,6278,NO,NO,BANK TRANSFER,Hyderabad
T0241,U148,2023-12-13,Expense,Entertainment,2963,NO,NO,UPI,Unknown
T9531,U149,2021-06-15,Expense,Utilities,999,NO,NO,CASH,Chennai
T1003,U064,2022-08-11,Income,Rent,43737,NO,NO,UPI,Lucknow
T5549,U114,2021-01-30,Expense,Travel,45894,NO,NO,BANK TRANSFER,Mumbai
T13844,U006,2024-05-29,Expense,Health,7040,NO,NO,UPI,Jaipur
T9591,U034,2022-08-22,Expense,Investment,5011,NO,NO,UPI,Unknown
T5042,U008,2023-07-13,Expense,Travel,2082,NO,NO,CASH,Delhi
T6831,U145,2022-05-23,Income,Education,43378,NO,NO,UPI,Unknown
T0131,U108,2023-07-01,Expense,Utilities,4167,NO,NO,CASH,Pune
T3349,U130,2022-08-02,Expense,Rent,6260,NO,NO,CARD,Mumbai
T5111,U051,2023-09-02,Expense,Entertainment,747,NO,NO,CARD,Chennai
T2986,U127,2021-03-31,Expense,Entertainment,3645,NO,NO,UNKNOWN,Lucknow
T3113,U079,2023-03-17,Expense,Rent,5958,NO,NO,BANK TRANSFER,Mumbai
T5430,U061,2022-12-08,Income,Bonus,49098,NO,NO,CASH,Chennai
T13440,U062,2022-06-19,Expense,Rent,3833,NO,NO,CARD,Hyderabad
T1572,U097,2024-06-02,Expense,Health,2715,NO,NO,CARD,Ahmedabad
T13022,U105,2023-04-22,Expense,Travel,9245,NO,NO,BANK TRANSFER,Ahmedabad
T3628,U116,2024-12-07,Expense,Rent,12316,NO,NO,CASH,Jaipur
T7622,U124,2024-03-20,Expense,Food,2561,NO,NO,BANK TRANSFER,Unknown
T5287,U129,2024-04-11,Expense,Food,6832,NO,NO,CASH,Jaipur
T6525,U061,2021-04-23,Expense,Travel,9714,NO,NO,CASH,Delhi
T11583,U036,2024-10-20,Income,Others,73654,NO,NO,CARD,Mumbai
T5046,U123,2023-12-20,Expense,Food,5622,NO,NO,BANK TRANSFER,Jaipur
T11781,U065,2024-08-29,Expense,Entertainment,0,NO,NO,CARD,Delhi
T9393,U030,2022-07-31,Expense,Utilities,7748,NO,NO,CARD,Bangalore
T1258,U106,2022-11-14,Expense,Travel,4981,NO,NO,UNKNOWN,Jaipur
T0928,U102,2022-05-13,Expense,Travel,301,NO,NO,CARD,Hyderabad
T6037,U009,2024-10-05,Expense,Entertainment,3830,NO,NO,CARD,Unknown
T12742,U139,2021-10-18,Expense,Health,2985,NO,NO,UPI,Kolkata
T7198,U069,2021-01-27,Income,Rent,79870,NO,NO,UPI,Pune
T2353,U082,2023-02-12,Expense,Food,4426,NO,NO,BANK TRANSFER,Unknown
T7335,U024,2024-07-26,Expense,Investment,3640,NO,NO,UPI,Delhi
T7798,U040,2023-10-09,Expense,Rent,9476,NO,NO,UPI,Bangalore
T3213,U148,2023-05-31,Expense,Entertainment,7070,NO,NO,UPI,Hyderabad
T10710,U006,2023-08-01,Expense,Food,7174,NO,NO,UPI,Chennai
T0922,U086,2022-12-12,Expense,Uncategorised,3159,NO,NO,BANK TRANSFER,Ahmedabad
T5592,U028,2023-03-24,Expense,Others,1606,NO,NO,UPI,Lucknow
T2671,U058,2021-12-31,Expense,Rent,9434,NO,NO,UPI,Lucknow
T6020,U092,2022-08-03,Expense,Bonus,3280,NO,NO,BANK TRANSFER,Jaipur
T10398,U069,2022-10-06,Income,Food,15131,NO,NO,CASH,Unknown
T9004,U011,2022-11-23,Expense,Savings,886,NO,NO,CASH,Ahmedabad
T7005,U026,2022-11-20,Expense,Rent,7109,NO,NO,BANK TRANSFER,Delhi
T12998,U146,2022-12-08,Expense,Travel,4201,NO,NO,CASH,Jaipur
T3988,U129,2024-02-23,Expense,Food,655,NO,NO,BANK TRANSFER,Hyderabad
T5319,U037,2023-03-10,Income,Education,61598,NO,NO,CASH,Chennai
T3862,U042,2022-10-16,Income,Entertainment,44066,NO,NO,CASH,Kolkata
T5165,U126,2024-12-12,Income,Entertainment,224611,NO,NO,UPI,Delhi
T4714,U112,2024-05-30,Expense,Salary,46284,NO,NO,UPI,Ahmedabad
T4195,U097,2024-01-02,Income,Utilities,174110,NO,NO,CARD,Lucknow
T11757,U068,2024-09-21,Expense,Rent,2044,NO,NO,BANK TRANSFER,Pune
T10285,U040,2024-01-29,Expense,Food,5277,NO,NO,UPI,Kolkata
T10345,U058,2021-07-25,Expense,Salary,47843,NO,NO,UPI,Kolkata
T8961,U043,2021-05-19,Expense,Food,1115,NO,NO,CARD,Bangalore
T0428,U006,2021-10-09,Expense,Freelance,2017,NO,NO,BANK TRANSFER,Bangalore
T9117,U119,2021-05-28,Expense,Investment,2053,NO,NO,BANK TRANSFER,Chennai
T9348,U007,2022-01-29,Expense,Education,8839,NO,NO,CASH,Chennai
T3503,U017,2022-01-15,Expense,Utilities,9635,NO,NO,CASH,Lucknow
T11648,U132,2022-04-13,Income,Food,56581,NO,NO,BANK TRANSFER,Mumbai
T0481,U108,2023-07-17,Expense,Savings,392,NO,NO,BANK TRANSFER,Pune
T2248,U048,2024-12-10,Expense,Education,26916,NO,NO,CASH,Kolkata
T3455,U150,2022-09-27,Expense,Freelance,994,NO,NO,UNKNOWN,Kolkata
T12178,U072,2022-02-02,Income,Travel,63125,NO,NO,CASH,Chennai
T4186,U002,2022-11-11,Expense,Food,175,NO,NO,BANK TRANSFER,Chennai
T9132,U067,2022-08-10,Income,Travel,24394,NO,NO,UPI,Delhi
T2400,U126,2021-10-14,Income,Savings,67910,NO,NO,CASH,Delhi
T8437,U143,2024-07-20,Expense,Food,9531,NO,NO,UPI,Lucknow
T8881,U090,2022-11-05,Expense,Rent,7838,NO,NO,UPI,Bangalore
T10071,U043,2021-09-26,Expense,Food,2511,NO,NO,CARD,Chennai
T13867,U026,2023-09-11,Expense,Others,7734,NO,NO,CASH,Unknown
T13196,U061,2024-06-16,Expense,Food,1461,NO,NO,UPI,Jaipur
T5099,U008,2024-10-12,Expense,Food,2398,NO,NO,BANK TRANSFER,Chennai
T1027,U011,2024-03-21,Income,Food,33170,NO,NO,CARD,Kolkata
T2238,U023,2023-09-24,Expense,Uncategorised,7858,NO,NO,UNKNOWN,Kolkata
T12671,U139,2024-10-30,Expense,Rent,3913,NO,NO,CARD,Hyderabad
T4155,U042,2022-12-09,Expense,Entertainment,5279,NO,NO,CASH,Jaipur
T8170,U148,2021-02-08,Expense,Travel,4694,NO,NO,UPI,Ahmedabad
T11558,U012,2024-08-20,Expense,Utilities,2060,NO,NO,UPI,Hyderabad
T11219,U135,2021-11-12,Expense,Investment,32436,NO,NO,CARD,Unknown
T13688,U003,2024-12-01,Expense,Utilities,7717,NO,NO,UNKNOWN,Lucknow
T12772,U145,2023-02-12,Income,Travel,42921,NO,NO,CASH,Mumbai
T13289,U072,2022-12-23,Expense,Rent,3021,NO,NO,BANK TRANSFER,Ahmedabad
T9714,U092,2022-12-25,Expense,Rent,562,NO,NO,CARD,Chennai
T6767,U099,2024-08-03,Expense,Freelance,1574,NO,NO,CARD,Delhi
T12720,U031,2024-10-30,Expense,Rent,6879,NO,NO,CASH,Lucknow
T0721,U005,2022-02-13,Expense,Education,5599,NO,NO,BANK TRANSFER,Bangalore
T3212,U143,2021-02-15,Expense,Education,4374,NO,NO,BANK TRANSFER,Hyderabad
T8580,U118,2024-01-10,Expense,Rent,552,NO,NO,CARD,Delhi
T11720,U080,2024-03-02,Expense,Salary,1686,NO,NO,UNKNOWN,Chennai
T8316,U116,2021-05-22,Income,Food,30473,NO,NO,BANK TRANSFER,Delhi
T2817,U104,2024-07-13,Expense,Education,3325,NO,NO,UPI,Kolkata
T1400,U066,2023-11-25,Expense,Others,5535,NO,NO,CARD,Jaipur
T2220,U092,2022-06-02,Expense,Food,33228,NO,NO,UPI,Jaipur
T9269,U093,2021-03-29,Expense,Rent,999999,NO,YES,BANK TRANSFER,Bangalore
T6710,U008,2023-11-12,Income,Health,44802,NO,NO,CARD,Lucknow
T7206,U142,2023-01-03,Expense,Travel,9188,NO,NO,CARD,Ahmedabad
T7386,U054,2021-08-09,Expense,Uncategorised,8716,NO,NO,BANK TRANSFER,Pune
T0019,U011,2021-03-23,Expense,Utilities,9273,NO,NO,CARD,Bangalore
T13011,U031,2023-06-28,Expense,Uncategorised,39845,NO,NO,CASH,Delhi
T5686,U139,2021-02-25,Income,Savings,18231,NO,NO,UPI,Delhi
T13942,U125,2022-06-05,Expense,Education,9636,NO,NO,CASH,Mumbai
T10500,U042,2024-03-30,Expense,Food,7121,NO,NO,CASH,Chennai
T1516,U076,2023-09-23,Expense,Utilities,5447,NO,NO,UPI,Mumbai
T4498,U109,2024-10-26,Expense,Travel,2163,NO,NO,CARD,Chennai
T0053,U089,2022-09-05,Expense,Utilities,6402,NO,NO,UPI,Kolkata
T5945,U039,2022-02-13,Expense,Entertainment,19467,NO,NO,BANK TRANSFER,Bangalore
T4812,U066,2022-09-08,Expense,Food,1336,NO,NO,CASH,Ahmedabad
T4854,U111,2024-05-16,Expense,Rent,7761,NO,NO,CASH,Bangalore
T5368,U033,2024-03-12,Expense,Travel,9556,NO,NO,BANK TRANSFER,Lucknow
T8845,U040,2024-03-02,Expense,Education,8138,NO,NO,BANK TRANSFER,Pune
T7231,U038,2023-11-22,Income,Rent,13959,NO,NO,CASH,Chennai
T2058,U121,2022-11-17,Expense,Rent,3084,NO,NO,CASH,Jaipur
T12121,U105,2021-07-23,Expense,Others,887,NO,NO,UPI,Kolkata
T7330,U147,2023-12-21,Expense,Rent,7874,NO,NO,BANK TRANSFER,Pune
T8770,U028,2024-01-23,Expense,Salary,7174,NO,NO,UPI,Bangalore
T13194,U017,2022-09-20,Expense,Travel,5391,NO,NO,UNKNOWN,Jaipur
T8201,U104,2023-07-12,Expense,Health,4771,NO,NO,BANK TRANSFER,Pune
T11881,U089,2023-06-22,Expense,Others,9430,NO,NO,BANK TRANSFER,Lucknow
T12496,U018,2023-09-28,Expense,Food,5045,NO,NO,CASH,Chennai
T6321,U138,2021-01-11,Expense,Salary,29287,NO,NO,CARD,Delhi
T9997,U105,2022-06-23,Expense,Food,9991,NO,NO,BANK TRANSFER,Unknown
T6756,U091,2023-11-09,Expense,Food,3891,NO,NO,CASH,Hyderabad
T3533,U130,2024-02-28,Expense,Entertainment,37865,NO,NO,UPI,Bangalore
T6023,U033,2023-07-30,Expense,Investment,0,NO,NO,BANK TRANSFER,Unknown
T11620,U149,2022-05-29,Expense,Rent,4955,NO,NO,CARD,Chennai
T1544,U083,2021-05-29,Expense,Investment,9757,NO,NO,BANK TRANSFER,Hyderabad
T5786,U149,2023-10-07,Income,Salary,43818,NO,NO,BANK TRANSFER,Delhi
T4990,U093,2022-02-15,Expense,Travel,3607,NO,NO,CARD,Ahmedabad
T5113,U094,2024-05-16,Expense,Food,1150,NO,NO,BANK TRANSFER,Pune
T0591,U021,2023-01-11,Expense,Food,999999,NO,YES,BANK TRANSFER,Mumbai
T7367,U063,2024-04-28,Expense,Others,1453,NO,NO,CARD,Lucknow
T7885,U040,2021-02-24,Income,Bonus,69923,NO,NO,BANK TRANSFER,Hyderabad
T8892,U063,2022-08-10,Expense,Travel,9369,NO,NO,BANK TRANSFER,Hyderabad
T1799,U086,2022-05-31,Expense,Entertainment,2186,NO,NO,BANK TRANSFER,Chennai
T13397,U132,2023-05-04,Expense,Food,2642,NO,NO,CASH,Delhi
T6170,U073,2021-06-11,Income,Rent,27454,NO,NO,UNKNOWN,Kolkata
T4918,U130,2022-05-01,Expense,Entertainment,20656,NO,NO,CARD,Kolkata
T13238,U059,2023-01-30,Income,Salary,10347,NO,NO,CASH,Bangalore
T3437,U092,2023-08-28,Income,Investment,0,NO,NO,CARD,Jaipur
T9845,U086,2022-08-31,Expense,Food,388,NO,NO,CARD,Mumbai
T12697,U004,2023-10-30,Expense,Rent,0,NO,NO,UPI,Jaipur
T3845,U117,2022-09-05,Expense,Rent,3756,NO,NO,BANK TRANSFER,Jaipur
T9152,U068,2023-07-25,Expense,Food,4153,NO,NO,UPI,Delhi
T5889,U061,2024-08-19,Income,Savings,36129,NO,NO,UPI,Kolkata
T1409,U060,2021-08-01,Expense,Food,384,NO,NO,BANK TRANSFER,Delhi
T13399,U119,2022-07-14,Expense,Travel,3700,NO,NO,CARD,Ahmedabad
T7644,U076,2022-04-26,Expense,Utilities,3901,NO,NO,BANK TRANSFER,Lucknow
T0997,U087,2023-12-23,Expense,Food,3507,NO,NO,UPI,Delhi
T8909,U002,2024-06-27,Expense,Utilities,9883,NO,NO,CASH,Chennai
T10044,U062,2022-06-09,Income,Food,63348,NO,NO,CARD,Kolkata
T0328,U095,2024-12-12,Income,Education,45361,NO,NO,CARD,Hyderabad
T1479,U045,2021-08-20,Expense,Rent,236,NO,NO,CASH,Unknown
T6902,U016,2023-12-14,Expense,Food,6168,NO,NO,UNKNOWN,Mumbai
T2648,U033,2021-03-26,Expense,Rent,6798,NO,NO,CASH,Bangalore
T12733,U057,2021-04-06,Expense,Health,4051,NO,NO,CARD,Bangalore
T11044,U145,2024-09-30,Expense,Travel,7998,NO,NO,UPI,Lucknow
T4115,U053,2023-10-09,Expense,Entertainment,1255,NO,NO,BANK TRANSFER,Bangalore
T13558,U080,2021-08-09,Expense,Food,1621,NO,NO,CARD,Mumbai
T12420,U044,2022-09-28,Expense,Rent,6725,NO,NO,CASH,Chennai
T9183,U137,2021-04-01,Expense,Rent,2799,NO,NO,CASH,Hyderabad
T7634,U033,2022-01-13,Expense,Travel,4958,NO,NO,BANK TRANSFER,Pune
T5344,U122,2022-01-21,Expense,Entertainment,1099,NO,NO,BANK TRANSFER,Lucknow
T13242,U031,2022-11-13,Expense,Utilities,5642,NO,NO,CARD,Bangalore
T4096,U047,2024-03-25,Expense,Food,1020,NO,NO,CASH,Bangalore
T0987,U049,2024-05-20,Expense,Travel,3738,NO,NO,BANK TRANSFER,Mumbai
T7842,U087,2023-07-12,Expense,Others,3192,NO,NO,CASH,Kolkata
T6844,U012,2023-05-21,Expense,Travel,7691,NO,NO,UPI,Jaipur
T4457,U139,2023-12-08,Expense,Food,9222,NO,NO,CARD,Chennai
T5843,U124,2021-05-26,Expense,Travel,4241,NO,NO,CASH,Hyderabad
T8397,U144,2023-12-17,Expense,Entertainment,1180,NO,NO,BANK TRANSFER,Kolkata
T1364,U048,2021-02-17,Expense,Utilities,36056,NO,NO,UPI,Mumbai
T6632,U009,2023-05-10,Expense,Rent,6358,NO,NO,CARD,Bangalore
T2424,U069,2022-08-15,Expense,Rent,5345,NO,NO,BANK TRANSFER,Chennai
T9900,U048,2021-04-30,Expense,Savings,702,NO,NO,BANK TRANSFER,Lucknow
T0903,U102,2023-12-20,Expense,Education,7292,NO,NO,UPI,Pune
T3847,U134,2022-10-11,Expense,Travel,941,NO,NO,CASH,Kolkata
T13825,U127,2024-11-17,Expense,Travel,6574,NO,NO,UPI,Delhi
T3164,U023,2024-11-26,Expense,Freelance,409,NO,NO,UPI,Pune
T12585,U136,2022-03-07,Income,Travel,32906,NO,NO,UPI,Kolkata
T5542,U018,2021-10-14,Expense,Food,0,NO,NO,BANK TRANSFER,Jaipur
T5327,U072,2023-12-14,Expense,Travel,3903,NO,NO,CASH,Delhi
T8454,U087,2021-05-24,Expense,Utilities,9694,NO,NO,CASH,Jaipur
T12124,U037,2024-09-08,Expense,Food,9013,NO,NO,UPI,Bangalore
T4591,U091,2022-09-05,Expense,Rent,1980,NO,NO,CASH,Jaipur
T12097,U132,2021-09-04,Expense,Education,7818,NO,NO,UPI,Jaipur
T12210,U118,2022-01-25,Expense,Entertainment,20509,NO,NO,BANK TRANSFER,Bangalore
T2661,U078,2024-01-09,Expense,Travel,9237,NO,NO,UPI,Ahmedabad
T6007,U138,2022-04-03,Expense,Health,6682,NO,NO,CASH,Mumbai
T4407,U143,2022-07-29,Expense,Health,6714,NO,NO,BANK TRANSFER,Hyderabad
T5887,U060,2021-08-23,Expense,Savings,8859,NO,NO,CASH,Kolkata
T6734,U110,2024-06-03,Expense,Travel,1098,NO,NO,UNKNOWN,Pune
T9475,U092,2023-11-06,Income,Freelance,35719,NO,NO,UPI,Pune
T4511,U107,2022-07-06,Expense,Utilities,6170,NO,NO,CARD,Bangalore
T12067,U046,2023-09-23,Expense,Health,2318,NO,NO,BANK TRANSFER,Mumbai
T9561,U117,2022-03-11,Expense,Travel,6354,NO,NO,BANK TRANSFER,Lucknow
T9929,U102,2023-03-15,Expense,Bonus,8158,NO,NO,CARD,Ahmedabad
T5732,U038,2021-08-16,Expense,Entertainment,1702,NO,NO,UPI,Pune
T9603,U145,2023-06-28,Expense,Salary,6760,NO,NO,BANK TRANSFER,Kolkata
T2106,U010,2023-04-21,Expense,Education,8201,NO,NO,UPI,Jaipur
T0824,U007,2021-03-04,Expense,Travel,3219,NO,NO,UPI,Lucknow
T13434,U145,2022-05-30,Expense,Salary,2954,NO,NO,CARD,Pune
T9341,U059,2022-10-15,Expense,Travel,8122,NO,NO,BANK TRANSFER,Unknown
T5459,U067,2021-08-28,Expense,Utilities,1008,NO,NO,UPI,Jaipur
T2041,U009,2023-02-15,Expense,Education,8382,NO,NO,UPI,Lucknow
T3551,U025,2023-09-23,Expense,Food,1372,NO,NO,CARD,Mumbai
T10339,U081,2022-05-05,Income,Food,46281,NO,NO,UPI,Hyderabad
T8081,U100,2021-12-14,Expense,Rent,6566,NO,NO,BANK TRANSFER,Mumbai
T5647,U082,2023-05-10,Expense,Food,984,NO,NO,CARD,Bangalore
T4580,U149,2023-11-07,Expense,Health,1259,NO,NO,CARD,Pune
T8724,U074,2024-09-24,Income,Freelance,46784,NO,NO,CASH,Unknown
T3529,U017,2024-01-23,Expense,Rent,7393,NO,NO,CASH,Bangalore
T0924,U133,2023-09-13,Income,Food,56971,NO,NO,CASH,Pune
T13214,U004,2023-09-09,Expense,Education,9349,NO,NO,BANK TRANSFER,Unknown
T6638,U084,2023-08-02,Expense,Entertainment,1868,NO,NO,CASH,Bangalore
T9811,U048,2024-01-06,Expense,Health,2774,NO,NO,BANK TRANSFER,Pune
T1789,U038,2022-05-31,Income,Food,30722,NO,NO,CARD,Jaipur
T1978,U035,2024-01-02,Expense,Rent,2481,NO,NO,BANK TRANSFER,Jaipur
T1222,U121,2021-01-11,Expense,Others,8855,NO,NO,UPI,Delhi
T8043,U007,2022-11-10,Expense,Entertainment,3954,NO,NO,BANK TRANSFER,Unknown
T11433,U004,2021-05-11,Expense,Savings,4941,NO,NO,BANK TRANSFER,Mumbai
T11885,U128,2024-04-21,Expense,Rent,2043,NO,NO,CASH,Bangalore
T4257,U104,2024-06-26,Expense,Utilities,6574,NO,NO,CASH,Lucknow
T13042,U008,2022-07-28,Expense,Salary,2392,NO,NO,BANK TRANSFER,Jaipur
T1288,U071,2024-12-23,Expense,Food,6626,NO,NO,BANK TRANSFER,Lucknow
T12635,U026,2024-07-22,Expense,Others,3054,NO,NO,CASH,Pune
T3008,U055,2022-07-30,Income,Food,37631,NO,NO,CARD,Mumbai
T6709,U067,2023-12-21,Expense,Entertainment,38973,NO,NO,UPI,Delhi
T4064,U127,2023-04-11,Expense,Entertainment,3980,NO,NO,UPI,Pune
T9245,U041,2021-05-24,Expense,Food,8729,NO,NO,UPI,Lucknow
T6899,U106,2022-10-30,Expense,Bonus,7773,NO,NO,CASH,Lucknow
T0874,U136,2021-09-07,Expense,Entertainment,210,NO,NO,UPI,Bangalore
T4836,U123,2023-12-17,Expense,Rent,2611,NO,NO,CASH,Pune
T12202,U037,2022-11-02,Expense,Rent,34418,NO,NO,UPI,Chennai
T4056,U143,2021-08-24,Expense,Health,4883,NO,NO,CARD,Chennai
T0449,U128,2021-07-28,Expense,Travel,1652,NO,NO,CARD,Hyderabad
T13189,U021,2021-03-17,Expense,Savings,8006,NO,NO,CASH,Unknown
T4959,U150,2022-06-10,Expense,Rent,6829,NO,NO,CASH,Jaipur
T8420,U136,2021-06-03,Expense,Salary,4713,NO,NO,CASH,Bangalore
T10250,U057,2024-12-20,Income,Food,14297,NO,NO,BANK TRANSFER,Mumbai
T4214,U036,2021-12-13,Expense,Education,2087,NO,NO,CARD,Bangalore
T12332,U054,2023-04-30,Income,Food,11168,NO,NO,BANK TRANSFER,Mumbai
T0949,U144,2023-04-06,Expense,Salary,5997,NO,NO,CARD,Bangalore
T7649,U029,2023-10-07,Expense,Utilities,0,NO,NO,CARD,Chennai
T2428,U029,2023-12-16,Expense,Utilities,8195,NO,NO,CASH,Hyderabad
T5449,U035,2023-04-19,Expense,Food,4677,NO,NO,CARD,Jaipur
T0494,U034,2022-07-15,Income,Travel,59853,NO,NO,CARD,Ahmedabad
T11981,U128,2022-04-26,Expense,Entertainment,464,NO,NO,UPI,Chennai
T11887,U009,2023-04-15,Expense,Education,48330,NO,NO,UPI,Lucknow
T10700,U126,2023-11-28,Expense,Food,0,NO,NO,CARD,Lucknow
T5579,U030,2023-06-06,Expense,Salary,8757,NO,NO,BANK TRANSFER,Ahmedabad
T11783,U121,2022-07-01,Expense,Food,5855,NO,NO,CASH,Kolkata
T12587,U133,2024-10-02,Expense,Entertainment,3444,NO,NO,CARD,Ahmedabad
T3025,U146,2022-12-19,Expense,Food,14582,NO,NO,UPI,Delhi
T12272,U136,2023-04-15,Income,Food,18733,NO,NO,CARD,Ahmedabad
T5026,U009,2024-07-16,Expense,Rent,3702,NO,NO,UPI,Mumbai
T13932,U147,2023-11-21,Expense,Rent,6062,NO,NO,BANK TRANSFER,Lucknow
T7669,U082,2023-08-04,Expense,Others,9155,NO,NO,CASH,Mumbai
T1165,U017,2023-04-04,Expense,Food,4949,NO,NO,CASH,Jaipur
T5963,U081,2022-03-21,Expense,Rent,5066,NO,NO,BANK TRANSFER,Lucknow
T10275,U119,2022-06-03,Expense,Food,6432,NO,NO,CARD,Chennai
T4226,U070,2021-04-23,Expense,Utilities,1945,NO,NO,BANK TRANSFER,Mumbai
T12985,U022,2023-02-18,Expense,Others,7288,NO,NO,CARD,Delhi
T3001,U099,2024-07-14,Expense,Rent,4942,NO,NO,UPI,Bangalore
T7356,U059,2022-03-03,Expense,Travel,1443,NO,NO,CARD,Kolkata
T7058,U036,2021-09-14,Income,Utilities,66905,NO,NO,CARD,Mumbai
T3582,U058,2023-10-11,Expense,Food,1731,NO,NO,BANK TRANSFER,Pune
T12681,U061,2024-07-24,Expense,Uncategorised,4462,NO,NO,BANK TRANSFER,Ahmedabad
T3707,U107,2021-02-20,Expense,Travel,4343,NO,NO,CARD,Bangalore
T2950,U135,2021-11-04,Expense,Food,842,NO,NO,UPI,Bangalore
T3609,U095,2023-07-22,Expense,Education,1969,NO,NO,CASH,Kolkata
T10866,U095,2024-05-05,Expense,Entertainment,2811,NO,NO,CASH,Lucknow
T5999,U045,2024-10-21,Expense,Savings,1223,NO,NO,CARD,Hyderabad
T3159,U119,2023-01-25,Expense,Rent,9301,NO,NO,CASH,Ahmedabad
T5007,U080,2023-02-28,Income,Travel,19382,NO,NO,BANK TRANSFER,Ahmedabad
T0060,U038,2024-01-12,Expense,Travel,2984,NO,NO,CARD,Unknown
T11837,U126,2023-01-28,Expense,Education,9399,NO,NO,CARD,Jaipur
T1520,U024,2021-05-23,Expense,Education,-1000,YES,NO,CARD,Delhi
T1448,U110,2022-05-07,Expense,Freelance,845,NO,NO,CARD,Chennai
T8400,U082,2022-07-10,Expense,Salary,8421,NO,NO,BANK TRANSFER,Ahmedabad
T5292,U034,2022-01-27,Expense,Rent,7687,NO,NO,CASH,Delhi
T0358,U097,2022-10-23,Expense,Entertainment,8337,NO,NO,UPI,Chennai
T12179,U042,2023-04-13,Expense,Entertainment,5205,NO,NO,BANK TRANSFER,Pune
T2843,U097,2022-02-18,Expense,Travel,4206,NO,NO,BANK TRANSFER,Mumbai
T9460,U014,2024-08-30,Expense,Travel,1690,NO,NO,UPI,Lucknow
T7743,U090,2022-05-24,Income,Utilities,37280,NO,NO,UPI,Kolkata
T3030,U083,2024-01-21,Expense,Savings,744,NO,NO,BANK TRANSFER,Chennai
T1421,U127,2022-05-06,Expense,Food,773,NO,NO,CASH,Jaipur
T11211,U068,2023-12-24,Expense,Utilities,4103,NO,NO,BANK TRANSFER,Pune
T11014,U107,2021-01-06,Expense,Others,3389,NO,NO,UNKNOWN,Ahmedabad
T1121,U096,2023-10-17,Expense,Rent,847,NO,NO,CARD,Unknown
T11298,U086,2021-11-11,Expense,Food,49400,NO,NO,CARD,Chennai
T8808,U073,2023-07-18,Expense,Rent,5271,NO,NO,CARD,Hyderabad
T7009,U004,2022-04-05,Expense,Travel,4005,NO,NO,CASH,Jaipur
T5062,U114,2024-10-08,Expense,Bonus,9352,NO,NO,BANK TRANSFER,Chennai
T4736,U113,2021-04-10,Expense,Travel,8679,NO,NO,CASH,Mumbai
T7426,U115,2023-07-15,Income,Uncategorised,61209,NO,NO,UNKNOWN,Chennai
T1835,U041,2023-07-19,Income,Salary,12429,NO,NO,CARD,Unknown
T8282,U108,2021-02-08,Expense,Food,0,NO,NO,CASH,Lucknow
T1617,U010,2021-05-24,Expense,Travel,2583,NO,NO,BANK TRANSFER,Unknown
T13174,U064,2021-11-21,Expense,Utilities,6829,NO,NO,CARD,Lucknow
T11208,U006,2021-11-06,Expense,Food,9647,NO,NO,UPI,Pune
T1324,U047,2021-06-30,Expense,Travel,-1000,YES,NO,CASH,Lucknow
T13156,U047,2022-04-24,Expense,Travel,7482,NO,NO,CARD,Pune
T10465,U085,2022-06-30,Expense,Salary,9698,NO,NO,CASH,Hyderabad
T0273,U137,2022-02-12,Expense,Health,8773,NO,NO,CASH,Hyderabad
T7155,U076,2022-09-07,Expense,Investment,2236,NO,NO,CASH,Chennai
T1069,U103,2023-06-20,Expense,Travel,4119,NO,NO,CASH,Pune
T2552,U019,2022-09-27,Income,Food,50800,NO,NO,UPI,Kolkata
T12833,U059,2023-09-16,Expense,Food,1790,NO,NO,BANK TRANSFER,Mumbai
T9201,U019,2022-09-19,Expense,Rent,788,NO,NO,CASH,Pune
T10730,U008,2024-04-15,Expense,Utilities,5717,NO,NO,BANK TRANSFER,Kolkata
T3185,U132,2024-04-28,Expense,Rent,2771,NO,NO,UPI,Lucknow
T4506,U113,2021-07-02,Income,Food,222939,NO,NO,BANK TRANSFER,Delhi
T6940,U092,2021-04-22,Expense,Food,3869,NO,NO,CASH,Chennai
T8627,U054,2024-12-22,Expense,Rent,2837,NO,NO,BANK TRANSFER,Pune
T10707,U150,2024-02-12,Income,Freelance,76239,NO,NO,CARD,Mumbai
T11015,U138,2021-02-08,Expense,Salary,5375,NO,NO,UPI,Bangalore
T6233,U026,2021-01-12,Expense,Food,4953,NO,NO,UPI,Mumbai
T11312,U018,2022-05-12,Expense,Education,4494,NO,NO,BANK TRANSFER,Jaipur
T5179,U050,2021-03-27,Expense,Food,619,NO,NO,CARD,Bangalore
T8773,U004,2023-09-24,Expense,Others,5649,NO,NO,BANK TRANSFER,Jaipur
T12753,U059,2023-06-23,Expense,Rent,845,NO,NO,UPI,Ahmedabad
T8713,U041,2024-01-12,Income,Food,37665,NO,NO,UPI,Bangalore
T1091,U033,2022-10-30,Expense,Utilities,740,NO,NO,BANK TRANSFER,Bangalore
T11096,U064,2024-08-18,Income,Travel,77578,NO,NO,CASH,Bangalore
T7666,U009,2024-11-27,Expense,Rent,7815,NO,NO,UPI,Unknown
T3826,U111,2024-03-27,Expense,Utilities,2158,NO,NO,CARD,Delhi
T6281,U027,2024-07-08,Expense,Food,3765,NO,NO,BANK TRANSFER,Mumbai
T2649,U023,2022-12-27,Expense,Food,4039,NO,NO,UPI,Kolkata
T3645,U085,2023-10-07,Expense,Food,4218,NO,NO,CARD,Bangalore
T13724,U096,2022-08-28,Expense,Travel,1009,NO,NO,UPI,Kolkata
T4315,U049,2022-04-16,Expense,Education,2220,NO,NO,BANK TRANSFER,Mumbai
T4131,U032,2023-07-02,Expense,Utilities,1969,NO,NO,CARD,Jaipur
T0599,U010,2022-06-23,Expense,Rent,3050,NO,NO,BANK TRANSFER,Pune
T6679,U006,2022-07-29,Income,Entertainment,50581,NO,NO,UPI,Unknown
T3446,U036,2022-11-19,Income,Food,65464,NO,NO,UPI,Kolkata
T4680,U003,2022-10-03,Expense,Education,3207,NO,NO,BANK TRANSFER,Delhi
T3972,U027,2022-05-01,Expense,Education,8479,NO,NO,UPI,Jaipur
T11462,U147,2024-04-13,Expense,Utilities,861,NO,NO,UPI,Hyderabad
T11490,U127,2024-08-01,Income,Rent,34452,NO,NO,CARD,Pune
T2973,U052,2023-07-24,Expense,Travel,9804,NO,NO,CASH,Bangalore
T12274,U016,2024-01-08,Expense,Investment,6666,NO,NO,CARD,Jaipur
T3587,U089,2023-05-29,Expense,Entertainment,8355,NO,NO,BANK TRANSFER,Delhi
T9205,U111,2021-02-24,Expense,Rent,9644,NO,NO,UPI,Hyderabad
T2439,U129,2022-04-02,Expense,Rent,1690,NO,NO,CARD,Pune
T9679,U028,2023-05-20,Expense,Entertainment,9727,NO,NO,UPI,Lucknow
T13096,U110,2023-03-15,Expense,Entertainment,4753,NO,NO,CASH,Delhi
T11952,U052,2021-08-02,Expense,Travel,5025,NO,NO,BANK TRANSFER,Kolkata
T1629,U060,2021-03-07,Expense,Entertainment,2628,NO,NO,BANK TRANSFER,Unknown
T11073,U129,2022-07-25,Expense,Food,1611,NO,NO,CASH,Pune
T0496,U065,2023-01-15,Expense,Travel,6020,NO,NO,CARD,Pune
T3419,U081,2023-12-14,Expense,Food,3123,NO,NO,BANK TRANSFER,Chennai
T12923,U119,2022-11-12,Expense,Bonus,25106,NO,NO,BANK TRANSFER,Unknown
T10148,U078,2023-08-10,Expense,Rent,1317,NO,NO,UPI,Pune
T0881,U069,2023-02-16,Expense,Education,4235,NO,NO,BANK TRANSFER,Delhi
T4819,U041,2024-03-01,Expense,Utilities,2966,NO,NO,BANK TRANSFER,Unknown
T11108,U114,2022-03-07,Expense,Food,2265,NO,NO,UPI,Delhi
T6885,U100,2021-03-07,Expense,Food,1346,NO,NO,BANK TRANSFER,Mumbai
T5946,U096,2022-01-20,Expense,Travel,-500,YES,NO,CASH,Chennai
T13677,U014,2023-05-16,Expense,Rent,702,NO,NO,CARD,Hyderabad
T1763,U095,2024-09-21,Income,Health,0,NO,NO,CARD,Hyderabad
T5130,U110,2024-03-02,Expense,Bonus,1505,NO,NO,BANK TRANSFER,Kolkata
T9955,U032,2024-06-27,Expense,Others,4697,NO,NO,CARD,Bangalore
T1203,U082,2023-08-16,Expense,Education,10239,NO,NO,BANK TRANSFER,Kolkata
T2284,U125,2021-09-07,Expense,Rent,999999,NO,YES,UPI,Kolkata
T1030,U031,2021-09-22,Expense,Food,7245,NO,NO,CASH,Mumbai
T0932,U081,2024-12-10,Expense,Travel,4258,NO,NO,BANK TRANSFER,Bangalore
T12819,U002,2023-04-21,Expense,Rent,4253,NO,NO,CARD,Hyderabad
T1137,U026,2022-01-06,Expense,Travel,6666,NO,NO,BANK TRANSFER,Jaipur
T4052,U066,2021-11-11,Expense,Food,4882,NO,NO,CASH,Lucknow
T6325,U076,2023-12-03,Expense,Rent,4597,NO,NO,UNKNOWN,Lucknow
T12879,U124,2023-12-11,Income,Entertainment,65471,NO,NO,UPI,Unknown
T9995,U025,2024-04-20,Income,Rent,28581,NO,NO,BANK TRANSFER,Unknown
T3904,U141,2021-10-28,Expense,Entertainment,3737,NO,NO,UNKNOWN,Jaipur
T2126,U087,2022-05-03,Expense,Others,8214,NO,NO,CARD,Kolkata
T2433,U090,2024-12-02,Expense,Entertainment,7287,NO,NO,UPI,Bangalore
T1875,U062,2023-05-13,Expense,Health,6868,NO,NO,CASH,Pune
T9425,U046,2021-11-04,Expense,Rent,-1000,YES,NO,BANK TRANSFER,Bangalore
T2991,U087,2022-02-22,Expense,Rent,7173,NO,NO,BANK TRANSFER,Hyderabad
T0651,U038,2021-02-23,Expense,Bonus,2693,NO,NO,UPI,Bangalore
T7770,U118,2022-09-28,Expense,Education,7900,NO,NO,CARD,Ahmedabad
T4293,U056,2024-03-27,Income,Utilities,75757,NO,NO,CASH,Chennai
T0163,U098,2021-12-20,Income,Food,749253,NO,YES,BANK TRANSFER,Ahmedabad
T11855,U094,2021-08-19,Expense,Rent,5531,NO,NO,CASH,Chennai
T1122,U095,2023-05-16,Expense,Travel,6790,NO,NO,CASH,Kolkata
T4911,U041,2023-11-22,Expense,Misc,4827,NO,NO,CARD,Ahmedabad
T2532,U002,2022-11-30,Expense,Travel,5094,NO,NO,CASH,Bangalore
T4480,U079,2024-01-25,Expense,Utilities,36568,NO,NO,CASH,Pune
T12486,U068,2024-11-13,Expense,Travel,5316,NO,NO,UPI,Delhi
T0896,U029,2021-02-05,Expense,Utilities,3429,NO,NO,CASH,Jaipur
T5973,U072,2021-07-06,Expense,Rent,41358,NO,NO,CARD,Jaipur
T6904,U007,2024-02-14,Expense,Food,6805,NO,NO,CARD,Bangalore
T8131,U032,2021-03-28,Expense,Uncategorised,2358,NO,NO,CASH,Unknown
T1677,U092,2021-12-01,Expense,Food,196,NO,NO,CASH,Kolkata
T1491,U057,2024-05-12,Expense,Utilities,1060,NO,NO,CARD,Delhi
T10357,U030,2021-09-11,Expense,Freelance,6159,NO,NO,UPI,Delhi
T12436,U101,2024-09-17,Expense,Rent,6954,NO,NO,CASH,Bangalore
T5733,U026,2024-10-09,Expense,Entertainment,761,NO,NO,BANK TRANSFER,Kolkata
T5311,U090,2024-12-11,Expense,Food,740,NO,NO,BANK TRANSFER,Pune
T11851,U139,2022-03-21,Income,Uncategorised,56318,NO,NO,CASH,Delhi
T11308,U130,2024-04-19,Expense,Food,5925,NO,NO,BANK TRANSFER,Ahmedabad
T4886,U084,2024-04-29,Expense,Entertainment,8050,NO,NO,CARD,Kolkata
T2497,U149,2022-11-22,Expense,Others,3159,NO,NO,CARD,Delhi
T1292,U033,2021-09-03,Expense,Utilities,2524,NO,NO,CARD,Unknown
T10247,U004,2023-04-21,Expense,Savings,1765,NO,NO,UPI,Delhi
T6267,U118,2022-10-18,Expense,Health,6244,NO,NO,CARD,Jaipur
T2147,U083,2023-05-20,Expense,Food,3685,NO,NO,CASH,Unknown
T2372,U027,2024-11-09,Expense,Utilities,577,NO,NO,UNKNOWN,Unknown
T13416,U036,2021-04-04,Expense,Travel,8458,NO,NO,CARD,Kolkata
T5176,U012,2023-05-28,Expense,Health,4457,NO,NO,BANK TRANSFER,Unknown
T11325,U112,2021-12-16,Expense,Education,4041,NO,NO,CARD,Delhi
T2985,U019,2023-04-22,Expense,Travel,8682,NO,NO,CASH,Bangalore
T9918,U013,2024-09-18,Expense,Food,1015,NO,NO,BANK TRANSFER,Hyderabad
T2483,U084,2024-11-28,Expense,Health,3386,NO,NO,CARD,Unknown
T4024,U111,2024-12-12,Expense,Travel,859,NO,NO,CARD,Lucknow
T5269,U009,2022-08-17,Expense,Entertainment,6325,NO,NO,BANK TRANSFER,Ahmedabad
T1909,U001,2024-07-15,Income,Travel,25294,NO,NO,CASH,Chennai
T5739,U050,2023-02-12,Expense,Travel,6743,NO,NO,CASH,Lucknow
T9914,U011,2023-01-03,Expense,Utilities,8612,NO,NO,CARD,Delhi
T1696,U135,2023-09-03,Expense,Rent,4741,NO,NO,BANK TRANSFER,Chennai
T4382,U083,2024-02-11,Expense,Travel,6928,NO,NO,UPI,Pune
T1703,U101,2023-10-14,Expense,Rent,6098,NO,NO,CASH,Kolkata
T11839,U024,2021-09-06,Expense,Food,7894,NO,NO,UPI,Bangalore
T3779,U121,2021-05-31,Expense,Travel,4833,NO,NO,CASH,Ahmedabad
T2817,U104,2024-07-13,Expense,Food,3325,NO,NO,UPI,Kolkata
T8367,U118,2022-03-12,Expense,Rent,7676,NO,NO,CASH,Mumbai
T8883,U011,2021-03-18,Expense,Travel,7316,NO,NO,CARD,Ahmedabad
T12170,U150,2024-07-27,Expense,Bonus,4959,NO,NO,CASH,Delhi
T2377,U129,2022-03-02,Expense,Utilities,4716,NO,NO,CASH,Unknown
T12768,U148,2021-03-13,Expense,Freelance,-500,YES,NO,UPI,Pune
T12406,U014,2022-08-05,Expense,Rent,7861,NO,NO,UPI,Lucknow
T2841,U138,2024-11-01,Expense,Bonus,9950,NO,NO,CASH,Chennai
T6630,U038,2022-11-10,Expense,Entertainment,165,NO,NO,CASH,Chennai
T4021,U122,2022-03-02,Expense,Food,4220,NO,NO,BANK TRANSFER,Jaipur
T1959,U073,2024-07-28,Expense,Food,6813,NO,NO,BANK TRANSFER,Unknown
T10141,U059,2024-02-05,Expense,Others,8656,NO,NO,CARD,Delhi
T6884,U060,2023-09-12,Expense,Education,2491,NO,NO,CASH,Pune
T6263,U145,2023-08-29,Expense,Food,789,NO,NO,UPI,Kolkata
T3619,U125,2024-09-10,Expense,Rent,9698,NO,NO,CASH,Jaipur
T10606,U118,2024-03-02,Expense,Food,9163,NO,NO,CASH,Jaipur
T6395,U027,2024-01-01,Expense,Utilities,12083,NO,NO,CARD,Delhi
T6127,U082,2023-10-17,Expense,Rent,4367,NO,NO,CARD,Ahmedabad
T0780,U113,2024-07-24,Expense,Entertainment,23072,NO,NO,CARD,Chennai
T10538,U054,2024-12-06,Expense,Travel,1213,NO,NO,BANK TRANSFER,Unknown
T0850,U062,2022-09-29,Expense,Education,2790,NO,NO,UNKNOWN,Pune
T12046,U001,2024-02-01,Expense,Rent,4103,NO,NO,UNKNOWN,Bangalore
T2132,U052,2021-09-09,Expense,Utilities,14145,NO,NO,CARD,Delhi
T1316,U018,2023-05-15,Expense,Food,4022,NO,NO,CARD,Pune
T12512,U083,2023-02-20,Income,Travel,11930,NO,NO,BANK TRANSFER,Bangalore
T2536,U051,2023-08-17,Expense,Uncategorised,1718,NO,NO,CASH,Chennai
T3512,U128,2024-11-09,Income,Food,73576,NO,NO,CASH,Hyderabad
T4136,U106,2024-04-14,Expense,Utilities,9445,NO,NO,CARD,Delhi
T10852,U069,2023-01-31,Income,Salary,35129,NO,NO,CARD,Delhi
T8877,U137,2024-05-27,Expense,Utilities,9544,NO,NO,UNKNOWN,Mumbai
T13911,U141,2024-11-14,Expense,Investment,6601,NO,NO,BANK TRANSFER,Delhi
T11074,U135,2024-12-02,Expense,Education,4585,NO,NO,UPI,Mumbai
T9787,U058,2021-01-03,Expense,Entertainment,2876,NO,NO,CARD,Ahmedabad
T3957,U003,2022-03-03,Expense,Education,2838,NO,NO,CASH,Lucknow
T10152,U122,2024-04-19,Expense,Rent,9907,NO,NO,CASH,Hyderabad
T5677,U047,2024-09-07,Expense,Misc,4862,NO,NO,CASH,Delhi
T4598,U094,2023-04-02,Expense,Utilities,4833,NO,NO,CASH,Jaipur
T8207,U011,2022-04-06,Expense,Food,5528,NO,NO,CARD,Lucknow
T0255,U080,2021-11-21,Expense,Travel,36537,NO,NO,CARD,Pune
T13215,U069,2022-04-19,Expense,Rent,6629,NO,NO,CASH,Chennai
T6386,U078,2021-08-11,Expense,Rent,4914,NO,NO,CARD,Mumbai
T10026,U083,2022-03-10,Expense,Investment,3272,NO,NO,BANK TRANSFER,Lucknow
T2700,U070,2021-02-01,Expense,Rent,5143,NO,NO,BANK TRANSFER,Hyderabad
T8653,U118,2021-08-07,Expense,Rent,6284,NO,NO,UPI,Unknown
T7799,U086,2023-05-11,Expense,Rent,3142,NO,NO,BANK TRANSFER,Jaipur
T4008,U134,2024-01-03,Expense,Travel,5749,NO,NO,CARD,Ahmedabad
T1591,U066,2024-01-11,Expense,Food,4161,NO,NO,UPI,Bangalore
T5065,U039,2022-05-11,Expense,Utilities,2470,NO,NO,CARD,Delhi
T2539,U098,2022-05-02,Expense,Travel,3559,NO,NO,CARD,Ahmedabad
T4307,U053,2024-06-10,Income,Bonus,57937,NO,NO,CARD,Kolkata
T0795,U071,2024-01-25,Expense,Food,938,NO,NO,UPI,Pune
T2180,U098,2024-11-19,Income,Travel,45500,NO,NO,CASH,Delhi
T13678,U086,2023-03-17,Expense,Health,4017,NO,NO,BANK TRANSFER,Kolkata
T13787,U073,2021-10-03,Expense,Travel,2362,NO,NO,CARD,Hyderabad
T11242,U075,2021-09-27,Expense,Food,9607,NO,NO,CASH,Jaipur
T2367,U145,2024-06-29,Expense,Bonus,5859,NO,NO,UPI,Unknown
T9543,U130,2021-10-12,Expense,Entertainment,4585,NO,NO,CARD,Unknown
T1870,U029,2021-08-13,Expense,Rent,6041,NO,NO,UPI,Delhi
T0104,U010,2021-12-25,Expense,Entertainment,6604,NO,NO,UPI,Unknown
T6138,U037,2024-03-12,Expense,Entertainment,2732,NO,NO,BANK TRANSFER,Kolkata
T12908,U135,2022-04-11,Expense,Food,6811,NO,NO,CASH,Ahmedabad
T9882,U004,2022-06-19,Expense,Rent,29728,NO,NO,CARD,Chennai
T4453,U149,2021-08-09,Expense,Education,34972,NO,NO,CARD,Delhi
T12958,U051,2021-05-05,Income,Food,19404,NO,NO,BANK TRANSFER,Delhi
T13294,U114,2023-10-31,Expense,Education,9814,NO,NO,CASH,Kolkata
T5391,U095,2023-11-07,Expense,Entertainment,15273,NO,NO,CASH,Unknown
T11689,U005,2024-06-21,Expense,Education,13391,NO,NO,BANK TRANSFER,Ahmedabad
T1685,U015,2021-11-04,Expense,Travel,1536,NO,NO,BANK TRANSFER,Lucknow
T13468,U079,2023-12-20,Expense,Others,6413,NO,NO,CASH,Ahmedabad
T0539,U072,2021-07-30,Expense,Health,4046,NO,NO,UPI,Lucknow
T1494,U043,2021-01-12,Expense,Food,799,NO,NO,CASH,Ahmedabad
T13791,U112,2021-11-22,Expense,Entertainment,676,NO,NO,UPI,Pune
T13881,U103,2022-06-09,Income,Entertainment,55142,NO,NO,CARD,Bangalore
T1940,U088,2021-09-20,Expense,Rent,678,NO,NO,UNKNOWN,Chennai
T7589,U081,2023-02-03,Expense,Food,7054,NO,NO,UPI,Bangalore
T10175,U065,2022-08-16,Expense,Food,5833,NO,NO,CARD,Pune
T9571,U080,2023-07-14,Expense,Travel,9116,NO,NO,UPI,Unknown
T10362,U128,2023-04-06,Expense,Rent,5930,NO,NO,UPI,Hyderabad
T6164,U090,2021-02-23,Expense,Food,3283,NO,NO,UPI,Kolkata
T0494,U034,2022-07-15,Income,Rent,59853,NO,NO,CARD,Ahmedabad
T0582,U090,2024-05-31,Expense,Food,9782,NO,NO,BANK TRANSFER,Mumbai
T8729,U132,2022-09-28,Expense,Entertainment,5889,NO,NO,CARD,Bangalore
T4175,U014,2022-02-09,Expense,Food,4213,NO,NO,UPI,Delhi
T11778,U034,2024-12-04,Expense,Salary,474,NO,NO,CARD,Kolkata
T1559,U057,2024-10-18,Expense,Food,2484,NO,NO,BANK TRANSFER,Jaipur
T3671,U005,2024-11-23,Expense,Utilities,10276,NO,NO,CARD,Delhi
T6046,U049,2024-01-04,Expense,Rent,1355,NO,NO,UPI,Jaipur
T12992,U038,2022-08-25,Expense,Food,8939,NO,NO,UPI,Hyderabad
T1562,U149,2023-11-22,Expense,Food,9476,NO,NO,BANK TRANSFER,Ahmedabad
T3667,U140,2022-01-03,Expense,Travel,7781,NO,NO,BANK TRANSFER,Lucknow
T13403,U002,2022-06-25,Expense,Rent,8199,NO,NO,CASH,Jaipur
T6489,U035,2023-05-10,Expense,Others,-500,YES,NO,CASH,Bangalore
T3698,U142,2021-11-08,Income,Utilities,35988,NO,NO,CARD,Delhi
T12454,U068,2024-04-20,Expense,Rent,3990,NO,NO,UPI,Mumbai
T7566,U024,2022-01-31,Expense,Others,3937,NO,NO,BANK TRANSFER,Hyderabad
T0802,U106,2023-12-24,Expense,Savings,4771,NO,NO,CASH,Kolkata
T1518,U098,2024-07-16,Expense,Education,4172,NO,NO,CASH,Delhi
T1920,U004,2022-02-04,Expense,Travel,9438,NO,NO,UPI,Hyderabad
T8718,U003,2021-09-02,Expense,Entertainment,2978,NO,NO,CARD,Pune
T9684,U117,2021-01-12,Expense,Food,3929,NO,NO,BANK TRANSFER,Bangalore
T4578,U033,2021-02-13,Expense,Bonus,5634,NO,NO,CARD,Delhi
T6058,U043,2022-10-14,Expense,Food,45761,NO,NO,CARD,Bangalore
T5876,U103,2021-02-24,Expense,Utilities,5735,NO,NO,UPI,Mumbai
T10549,U099,2021-06-21,Expense,Rent,7219,NO,NO,CARD,Pune
T1594,U112,2023-07-19,Income,Savings,42662,NO,NO,UNKNOWN,Kolkata
T7175,U117,2022-03-26,Expense,Savings,2088,NO,NO,CARD,Ahmedabad
T0038,U055,2022-06-08,Expense,Utilities,6329,NO,NO,UPI,Mumbai
T10021,U116,2023-06-15,Expense,Food,5427,NO,NO,BANK TRANSFER,Ahmedabad
T8235,U046,2023-01-01,Expense,Uncategorised,2291,NO,NO,UPI,Lucknow
T11808,U146,2022-04-05,Income,Food,50347,NO,NO,CASH,Jaipur
T1904,U145,2021-03-01,Expense,Bonus,2560,NO,NO,BANK TRANSFER,Bangalore
T13997,U086,2024-10-22,Expense,Entertainment,4593,NO,NO,UPI,Pune
T9241,U121,2021-09-20,Expense,Others,3269,NO,NO,UNKNOWN,Hyderabad
T0813,U028,2023-05-21,Expense,Travel,4978,NO,NO,CARD,Hyderabad
T0479,U131,2021-07-22,Expense,Food,1813,NO,NO,UPI,Lucknow
T9722,U135,2023-05-24,Expense,Travel,5676,NO,NO,CARD,Jaipur
T4138,U092,2024-07-29,Expense,Health,48145,NO,NO,CARD,Pune
T6090,U131,2022-10-27,Income,Freelance,62697,NO,NO,CARD,Bangalore
T8427,U134,2021-08-22,Expense,Bonus,9156,NO,NO,CARD,Hyderabad
T3881,U134,2021-12-14,Expense,Bonus,9614,NO,NO,UPI,Chennai
T0566,U140,2024-06-08,Income,Food,248568,NO,NO,CARD,Jaipur
T0940,U034,2024-07-12,Expense,Freelance,5059,NO,NO,UNKNOWN,Lucknow
T6444,U082,2022-10-08,Expense,Health,7280,NO,NO,CARD,Unknown
T6141,U129,2024-09-16,Expense,Others,2345,NO,NO,BANK TRANSFER,Kolkata
T11676,U067,2021-03-26,Expense,Rent,8677,NO,NO,UPI,Hyderabad
T13375,U136,2022-04-23,Expense,Investment,2160,NO,NO,CARD,Hyderabad
T2941,U124,2024-06-27,Income,Rent,22339,NO,NO,CASH,Ahmedabad
T2546,U027,2022-08-28,Expense,Food,9979,NO,NO,UPI,Pune
T11011,U051,2024-10-01,Expense,Rent,6700,NO,NO,CARD,Unknown
T8410,U060,2023-06-15,Expense,Utilities,1852,NO,NO,CASH,Ahmedabad
T8791,U004,2021-12-06,Expense,Education,5377,NO,NO,CASH,Chennai
T10864,U024,2021-11-05,Expense,Bonus,7392,NO,NO,CARD,Lucknow
T7902,U046,2024-07-17,Expense,Rent,9741,NO,NO,UPI,Mumbai
T9467,U122,2022-09-17,Expense,Food,4041,NO,NO,BANK TRANSFER,Delhi
T9495,U010,2023-06-02,Expense,Others,6607,NO,NO,UPI,Delhi
T10384,U125,2023-01-22,Expense,Health,1023,NO,NO,UNKNOWN,Chennai
T13708,U064,2023-04-24,Income,Food,19377,NO,NO,CASH,Delhi
T12330,U061,2024-07-20,Expense,Bonus,9816,NO,NO,CARD,Mumbai
T13948,U113,2024-10-31,Expense,Rent,8979,NO,NO,CASH,Ahmedabad
T0840,U105,2021-03-29,Expense,Utilities,6579,NO,NO,CASH,Pune
T7486,U025,2022-12-14,Expense,Food,-500,YES,NO,UPI,Pune
T11621,U064,2024-03-18,Expense,Travel,6668,NO,NO,CARD,Ahmedabad
T4547,U097,2021-10-27,Expense,Travel,2407,NO,NO,CASH,Jaipur
T0661,U052,2024-06-18,Income,Entertainment,71587,NO,NO,BANK TRANSFER,Lucknow
T0653,U129,2023-02-06,Income,Rent,59790,NO,NO,UPI,Chennai
T11406,U131,2022-12-01,Income,Food,18816,NO,NO,CARD,Lucknow
T7999,U088,2024-07-26,Expense,Education,2548,NO,NO,CASH,Bangalore
T6551,U032,2023-02-09,Income,Travel,63775,NO,NO,CARD,Lucknow
T1751,U145,2023-08-21,Expense,Rent,325,NO,NO,CASH,Chennai
T13856,U077,2024-10-05,Income,Investment,17694,NO,NO,BANK TRANSFER,Ahmedabad
T2157,U148,2021-10-02,Expense,Rent,9019,NO,NO,CARD,Jaipur
T7815,U147,2023-03-15,Income,Food,67233,NO,NO,CASH,Lucknow
T10450,U075,2024-07-27,Expense,Education,5147,NO,NO,CARD,Kolkata
T10586,U063,2021-05-14,Expense,Food,922,NO,NO,CARD,Pune
T4189,U145,2022-03-11,Expense,Bonus,2112,NO,NO,UNKNOWN,Kolkata
T5142,U030,2022-12-29,Expense,Entertainment,4635,NO,NO,CARD,Kolkata
T7047,U007,2024-04-18,Expense,Utilities,3122,NO,NO,CARD,Lucknow
T7286,U144,2023-12-11,Income,Health,76998,NO,NO,CARD,Mumbai
T2381,U123,2024-04-09,Expense,Utilities,0,NO,NO,CASH,Bangalore
T4558,U079,2024-08-01,Expense,Rent,4394,NO,NO,UNKNOWN,Bangalore
T1436,U040,2023-01-17,Expense,Utilities,3663,NO,NO,BANK TRANSFER,Jaipur
T7831,U048,2021-09-06,Income,Education,63251,NO,NO,CARD,Unknown
T12764,U076,2023-12-24,Expense,Savings,179,NO,NO,UPI,Mumbai
T13667,U127,2022-01-17,Expense,Travel,3471,NO,NO,UPI,Hyderabad
T12777,U142,2022-04-23,Expense,Food,195,NO,NO,UPI,Lucknow
T3170,U042,2021-07-02,Income,Investment,44914,NO,NO,BANK TRANSFER,Lucknow
T2549,U101,2024-09-08,Expense,Education,6768,NO,NO,CASH,Delhi
T9668,U068,2021-09-27,Expense,Health,9021,NO,NO,BANK TRANSFER,Hyderabad
T12822,U049,2022-04-10,Expense,Rent,4300,NO,NO,BANK TRANSFER,Delhi
T6652,U147,2023-12-21,Expense,Rent,2386,NO,NO,UNKNOWN,Delhi
T2336,U144,2021-03-05,Expense,Travel,404,NO,NO,BANK TRANSFER,Unknown
T13834,U091,2024-12-09,Expense,Rent,6921,NO,NO,BANK TRANSFER,Delhi
T5253,U082,2021-11-21,Expense,Others,17265,NO,NO,BANK TRANSFER,Chennai
T8310,U150,2023-07-29,Expense,Food,8512,NO,NO,CASH,Ahmedabad
T11059,U112,2024-05-17,Expense,Food,0,NO,NO,BANK TRANSFER,Lucknow
T6469,U102,2023-09-06,Expense,Food,1416,NO,NO,CARD,Unknown
T8469,U113,2024-10-18,Expense,Education,32952,NO,NO,BANK TRANSFER,Pune
T3376,U045,2024-04-05,Income,Food,44601,NO,NO,CARD,Jaipur
T7940,U022,2024-08-22,Expense,Bonus,8736,NO,NO,CARD,Pune
T12826,U049,2023-02-03,Expense,Utilities,235,NO,NO,CASH,Jaipur
T3023,U014,2024-10-16,Expense,Entertainment,3588,NO,NO,BANK TRANSFER,Jaipur
T12125,U067,2021-01-31,Expense,Rent,4113,NO,NO,UPI,Lucknow
T2989,U113,2022-07-27,Expense,Health,1050,NO,NO,CASH,Ahmedabad
T6708,U071,2021-04-29,Income,Travel,38205,NO,NO,UPI,Kolkata
T5247,U017,2023-12-21,Expense,Freelance,9194,NO,NO,CARD,Bangalore
T5112,U095,2023-10-15,Expense,Utilities,0,NO,NO,UPI,Delhi
T8711,U048,2024-07-31,Expense,Education,8483,NO,NO,BANK TRANSFER,Bangalore
T4378,U026,2021-07-12,Expense,Entertainment,2766,NO,NO,CARD,Hyderabad
T11317,U056,2024-08-23,Expense,Investment,9917,NO,NO,CARD,Mumbai
T8957,U028,2024-12-04,Expense,Food,5476,NO,NO,CASH,Jaipur
T2753,U105,2021-10-01,Expense,Others,9290,NO,NO,CARD,Mumbai
T0466,U062,2021-12-16,Expense,Food,578,NO,NO,UPI,Ahmedabad
T9846,U085,2021-07-31,Expense,Others,6780,NO,NO,BANK TRANSFER,Hyderabad
T2472,U126,2023-08-29,Expense,Food,-500,YES,NO,CASH,Delhi
T11252,U094,2023-04-03,Income,Others,39948,NO,NO,BANK TRANSFER,Jaipur
T4500,U100,2024-09-23,Expense,Investment,8108,NO,NO,BANK TRANSFER,Lucknow
T10389,U016,2022-05-05,Expense,Education,5533,NO,NO,UPI,Hyderabad
T5559,U124,2023-08-06,Expense,Food,2506,NO,NO,CASH,Jaipur
T12545,U123,2024-05-11,Expense,Bonus,5276,NO,NO,CASH,Lucknow
T3176,U141,2022-12-13,Expense,Food,39024,NO,NO,CARD,Delhi
T3837,U077,2023-02-05,Expense,Utilities,8285,NO,NO,CASH,Chennai
T8514,U036,2021-03-05,Expense,Food,8250,NO,NO,UNKNOWN,Mumbai
T7831,U048,2021-09-06,Income,Salary,63251,NO,NO,CARD,Unknown
T8308,U015,2024-07-20,Expense,Travel,8413,NO,NO,CASH,Unknown
T4973,U038,2022-04-27,Expense,Salary,3579,NO,NO,CARD,Jaipur
T10078,U104,2024-07-01,Expense,Uncategorised,1972,NO,NO,UPI,Delhi
T11480,U064,2022-12-09,Expense,Education,0,NO,NO,CASH,Lucknow
T1393,U138,2022-06-13,Expense,Food,232,NO,NO,CASH,Lucknow
T1876,U120,2022-02-22,Income,Food,75496,NO,NO,UPI,Pune
T8135,U056,2021-06-02,Expense,Rent,6351,NO,NO,CARD,Unknown
T5140,U091,2023-12-06,Expense,Freelance,1313,NO,NO,UPI,Pune
T12073,U039,2022-09-01,Expense,Food,387,NO,NO,CARD,Hyderabad
T12701,U017,2022-07-16,Expense,Others,2407,NO,NO,CARD,Lucknow
T3877,U002,2023-01-24,Expense,Freelance,3999,NO,NO,CARD,Kolkata
T3286,U080,2024-08-22,Income,Utilities,60670,NO,NO,CASH,Unknown
T11601,U073,2021-08-13,Expense,Travel,2585,NO,NO,UPI,Pune
T7846,U055,2023-05-14,Expense,Travel,4227,NO,NO,CASH,Unknown
T3826,U018,2024-02-29,Expense,Entertainment,8718,NO,NO,CASH,Pune
T1749,U024,2023-12-17,Income,Food,40858,NO,NO,UPI,Kolkata
T11574,U013,2022-03-29,Expense,Savings,2845,NO,NO,CASH,Bangalore
T13106,U147,2024-04-29,Expense,Rent,7932,NO,NO,CASH,Chennai
T3387,U129,2021-09-01,Income,Savings,25243,NO,NO,CARD,Unknown
T4221,U116,2021-01-29,Expense,Food,479,NO,NO,CASH,Lucknow
T0569,U045,2022-12-22,Expense,Travel,5063,NO,NO,BANK TRANSFER,Lucknow
T8649,U018,2021-03-16,Expense,Health,8067,NO,NO,UNKNOWN,Hyderabad
T7523,U120,2024-11-02,Expense,Food,9734,NO,NO,BANK TRANSFER,Mumbai
T11043,U111,2021-10-05,Income,Rent,157969,NO,NO,UPI,Mumbai
T10987,U076,2024-12-09,Expense,Freelance,8335,NO,NO,CASH,Mumbai
T11329,U008,2023-07-26,Expense,Rent,7477,NO,NO,CASH,Hyderabad
T5470,U072,2021-07-06,Income,Food,77877,NO,NO,CARD,Delhi
T8398,U061,2022-03-23,Expense,Entertainment,230,NO,NO,BANK TRANSFER,Pune
T7828,U059,2023-02-22,Expense,Others,4165,NO,NO,CARD,Ahmedabad
T9944,U143,2023-02-22,Expense,Travel,4469,NO,NO,BANK TRANSFER,Bangalore
T0187,U092,2021-12-15,Income,Rent,33995,NO,NO,CASH,Kolkata
T11992,U004,2021-02-13,Expense,Salary,2391,NO,NO,CARD,Bangalore
T8385,U106,2024-12-09,Income,Travel,40631,NO,NO,BANK TRANSFER,Pune
T4041,U112,2024-07-26,Expense,Food,7695,NO,NO,UPI,Unknown
T10725,U134,2022-11-29,Expense,Utilities,2816,NO,NO,CARD,Hyderabad
T4695,U030,2021-05-12,Expense,Entertainment,3502,NO,NO,UNKNOWN,Mumbai
T4784,U011,2022-09-14,Expense,Entertainment,222,NO,NO,UNKNOWN,Mumbai
T5682,U027,2022-08-02,Expense,Others,8810,NO,NO,CASH,Pune
T8500,U117,2024-01-22,Income,Education,511549,NO,YES,UPI,Jaipur
T5443,U044,2023-05-28,Expense,Bonus,6167,NO,NO,CASH,Hyderabad
T13279,U008,2022-05-20,Income,Misc,74525,NO,NO,CARD,Jaipur
T3150,U025,2024-03-07,Income,Food,33351,NO,NO,UPI,Pune
T2918,U072,2023-08-02,Expense,Rent,7362,NO,NO,CASH,Jaipur
T13681,U080,2023-08-14,Expense,Investment,2207,NO,NO,CASH,Lucknow
T0736,U081,2023-02-08,Expense,Travel,665,NO,NO,CASH,Unknown
T1128,U140,2022-08-15,Expense,Travel,2979,NO,NO,CASH,Bangalore
T9459,U067,2023-08-27,Expense,Food,7995,NO,NO,CASH,Bangalore
T2035,U066,2022-02-26,Expense,Rent,7805,NO,NO,CASH,Bangalore
T2652,U036,2024-10-18,Expense,Travel,999999999,NO,YES,BANK TRANSFER,Lucknow
T13789,U123,2024-12-15,Expense,Entertainment,3902,NO,NO,CARD,Pune
T7696,U069,2022-07-01,Expense,Utilities,2059,NO,NO,BANK TRANSFER,Jaipur
T0671,U064,2021-01-19,Expense,Entertainment,1768,NO,NO,BANK TRANSFER,Bangalore
T12751,U113,2022-06-29,Expense,Food,7470,NO,NO,CARD,Bangalore
T4929,U123,2024-05-28,Expense,Others,8718,NO,NO,CASH,Lucknow
T6242,U121,2024-05-03,Expense,Utilities,2721,NO,NO,UPI,Bangalore
T9064,U117,2022-01-11,Expense,Food,7200,NO,NO,UNKNOWN,Mumbai
T7275,U016,2022-06-24,Income,Travel,45702,NO,NO,UPI,Jaipur
T10524,U104,2023-04-25,Expense,Freelance,6023,NO,NO,CASH,Jaipur
T13963,U149,2021-10-03,Expense,Travel,5085,NO,NO,CASH,Pune
T11583,U002,2024-01-05,Expense,Travel,2306,NO,NO,UPI,Bangalore
T1740,U011,2021-01-05,Income,Rent,18229,NO,NO,UPI,Ahmedabad
T0320,U045,2021-03-19,Expense,Entertainment,5034,NO,NO,CASH,Lucknow
T7448,U011,2021-04-19,Expense,Rent,9386,NO,NO,CASH,Hyderabad
T13497,U034,2023-08-06,Income,Travel,36713,NO,NO,CARD,Hyderabad
T0706,U074,2024-03-13,Expense,Food,9189,NO,NO,CASH,Delhi
T11467,U058,2021-01-03,Expense,Food,4129,NO,NO,CASH,Mumbai
T12562,U077,2023-09-13,Expense,Utilities,1947,NO,NO,UPI,Kolkata
T1588,U024,2021-04-27,Expense,Education,4200,NO,NO,UPI,Delhi
T8798,U059,2024-04-11,Expense,Food,5519,NO,NO,UPI,Jaipur
T1988,U148,2021-08-02,Expense,Rent,32169,NO,NO,CARD,Kolkata
T2305,U017,2022-08-11,Income,Travel,73108,NO,NO,UPI,Hyderabad
T11488,U060,2022-10-11,Expense,Salary,9420,NO,NO,CASH,Bangalore
T1704,U019,2022-03-27,Income,Travel,33482,NO,NO,CARD,Lucknow
T5950,U082,2021-02-10,Expense,Rent,4290,NO,NO,CASH,Mumbai
T5833,U016,2024-06-02,Expense,Others,938,NO,NO,UPI,Delhi
T5207,U073,2021-08-24,Expense,Utilities,436,NO,NO,CASH,Jaipur
T8120,U118,2024-08-12,Income,Others,55932,NO,NO,BANK TRANSFER,Chennai
T7067,U102,2023-02-26,Expense,Rent,1363,NO,NO,UPI,Chennai
T7794,U149,2021-01-09,Expense,Education,5615,NO,NO,CASH,Bangalore
T4424,U034,2024-06-26,Expense,Entertainment,355,NO,NO,UPI,Ahmedabad
T0252,U018,2022-08-17,Expense,Salary,1588,NO,NO,CASH,Kolkata
T4645,U072,2022-02-22,Expense,Education,30779,NO,NO,BANK TRANSFER,Mumbai
T4685,U081,2023-06-06,Expense,Rent,4072,NO,NO,CASH,Chennai
T4043,U058,2021-04-18,Expense,Food,8886,NO,NO,CASH,Hyderabad
T13653,U004,2022-12-03,Expense,Rent,4890,NO,NO,UNKNOWN,Mumbai
T8604,U072,2023-01-04,Expense,Salary,-500,YES,NO,BANK TRANSFER,Chennai
T8128,U142,2022-06-05,Expense,Rent,6532,NO,NO,UPI,Mumbai
T4070,U018,2021-04-15,Income,Travel,26564,NO,NO,CASH,Mumbai
T4493,U068,2022-10-19,Expense,Travel,8220,NO,NO,BANK TRANSFER,Chennai
T7203,U066,2022-03-11,Expense,Rent,7260,NO,NO,BANK TRANSFER,Unknown
T0708,U018,2024-05-17,Expense,Rent,1167,NO,NO,CARD,Bangalore
T1025,U074,2022-10-23,Income,Uncategorised,51393,NO,NO,BANK TRANSFER,Ahmedabad
T2296,U037,2024-07-11,Expense,Travel,2608,NO,NO,UNKNOWN,Jaipur
T0549,U049,2023-05-17,Expense,Travel,1855,NO,NO,CARD,Unknown
T10851,U090,2021-11-13,Expense,Rent,23592,NO,NO,CASH,Hyderabad
T8997,U071,2021-04-13,Expense,Food,4097,NO,NO,BANK TRANSFER,Chennai
T13095,U123,2023-06-19,Expense,Rent,27897,NO,NO,UNKNOWN,Kolkata
T13223,U019,2024-07-22,Expense,Entertainment,2206,NO,NO,UPI,Lucknow
T12434,U069,2023-05-05,Expense,Food,6064,NO,NO,UPI,Pune
T9032,U064,2023-09-30,Expense,Health,0,NO,NO,UPI,Chennai
T0821,U149,2024-11-23,Expense,Utilities,1954,NO,NO,CARD,Jaipur
T0766,U087,2024-08-19,Expense,Savings,7621,NO,NO,UPI,Jaipur
T12075,U035,2024-09-15,Expense,Rent,1156,NO,NO,CASH,Lucknow
T2955,U137,2022-06-13,Expense,Food,8204,NO,NO,UPI,Unknown
T3923,U025,2023-05-16,Expense,Entertainment,27034,NO,NO,CASH,Unknown
T11176,U131,2023-02-03,Expense,Rent,8929,NO,NO,CASH,Ahmedabad
T9206,U012,2022-05-06,Income,Rent,17856,NO,NO,CASH,Mumbai
T4395,U008,2023-04-07,Expense,Education,8630,NO,NO,BANK TRANSFER,Pune
T7563,U148,2024-04-11,Expense,Food,47690,NO,NO,BANK TRANSFER,Jaipur
T9380,U120,2022-04-14,Income,Entertainment,46791,NO,NO,BANK TRANSFER,Hyderabad
T7731,U076,2021-05-09,Expense,Food,1601,NO,NO,UPI,Chennai
T10255,U053,2023-11-13,Income,Health,31321,NO,NO,BANK TRANSFER,Bangalore
T8610,U038,2024-10-12,Expense,Food,3710,NO,NO,CASH,Pune
T10323,U016,2021-05-25,Expense,Bonus,5734,NO,NO,UPI,Bangalore
T9971,U087,2024-04-03,Expense,Salary,2795,NO,NO,UPI,Pune
T13335,U029,2023-04-29,Income,Utilities,45040,NO,NO,CASH,Lucknow
T13651,U010,2023-03-24,Expense,Utilities,2596,NO,NO,BANK TRANSFER,Mumbai
T3385,U037,2023-12-28,Expense,Rent,552,NO,NO,CARD,Jaipur
T9853,U059,2023-04-29,Expense,Food,7344,NO,NO,BANK TRANSFER,Lucknow
T13718,U038,2022-11-19,Expense,Rent,8629,NO,NO,UPI,Delhi
T8159,U061,2021-09-24,Income,Salary,13923,NO,NO,CARD,Pune
T10075,U131,2023-07-18,Expense,Investment,11474,NO,NO,UPI,Mumbai
T1212,U104,2023-11-08,Expense,Food,4398,NO,NO,BANK TRANSFER,Ahmedabad
T10217,U029,2024-09-01,Expense,Rent,3064,NO,NO,UPI,Bangalore
T5110,U116,2024-07-03,Expense,Travel,7733,NO,NO,CASH,Delhi
T5471,U115,2022-04-30,Expense,Food,3243,NO,NO,CARD,Lucknow
T9260,U148,2022-09-15,Expense,Bonus,5177,NO,NO,BANK TRANSFER,Jaipur
T8213,U146,2022-04-11,Expense,Food,5891,NO,NO,BANK TRANSFER,Kolkata
T11592,U146,2023-08-22,Expense,Rent,1661,NO,NO,CARD,Kolkata
T13218,U049,2024-07-31,Expense,Savings,1701,NO,NO,CARD,Bangalore
T4470,U049,2024-04-21,Expense,Bonus,8034,NO,NO,BANK TRANSFER,Kolkata
T6540,U088,2022-04-07,Expense,Investment,2342,NO,NO,CARD,Unknown
T13473,U084,2023-01-30,Expense,Rent,12318,NO,NO,UPI,Bangalore
T7722,U067,2023-10-13,Expense,Entertainment,6373,NO,NO,CARD,Delhi
T5154,U023,2024-05-16,Expense,Salary,3651,NO,NO,BANK TRANSFER,Bangalore
T11094,U002,2024-09-12,Expense,Travel,9538,NO,NO,BANK TRANSFER,Pune
T12912,U084,2022-01-03,Expense,Rent,1153,NO,NO,UPI,Mumbai
T5633,U150,2023-12-13,Expense,Rent,3478,NO,NO,BANK TRANSFER,Pune
T8092,U092,2021-11-16,Expense,Rent,38338,NO,NO,CARD,Ahmedabad
T1565,U088,2024-02-10,Expense,Travel,1182,NO,NO,CARD,Hyderabad
T6791,U141,2022-06-06,Expense,Entertainment,8980,NO,NO,CASH,Hyderabad
T9104,U031,2023-12-27,Expense,Food,6403,NO,NO,BANK TRANSFER,Kolkata
T4300,U098,2024-06-15,Expense,Health,2577,NO,NO,UPI,Pune
T1208,U049,2021-12-25,Expense,Food,1256,NO,NO,CASH,Hyderabad
T11346,U068,2022-05-29,Expense,Food,1730,NO,NO,UNKNOWN,Hyderabad
T5353,U128,2021-08-28,Expense,Food,7052,NO,NO,CARD,Delhi
T10336,U147,2021-02-18,Expense,Food,4813,NO,NO,CARD,Unknown
T2102,U085,2024-08-22,Expense,Entertainment,1339,NO,NO,CARD,Lucknow
T9433,U141,2023-05-04,Expense,Utilities,4645,NO,NO,CARD,Jaipur
T7393,U069,2024-12-25,Income,Salary,880897,NO,YES,CARD,Bangalore
T12004,U011,2024-11-08,Income,Health,59168,NO,NO,CASH,Pune
T7459,U055,2024-06-23,Expense,Travel,9616,NO,NO,UPI,Ahmedabad
T4310,U077,2022-09-24,Expense,Rent,2229,NO,NO,UPI,Unknown
T9144,U076,2021-04-23,Expense,Salary,10372,NO,NO,BANK TRANSFER,Lucknow
T0751,U105,2021-08-06,Expense,Utilities,1592,NO,NO,CASH,Delhi
T13315,U131,2024-06-24,Expense,Freelance,4507,NO,NO,BANK TRANSFER,Lucknow
T10212,U140,2021-01-29,Income,Food,44992,NO,NO,UPI,Hyderabad
T12076,U107,2022-06-11,Income,Utilities,55153,NO,NO,CASH,Ahmedabad
T2510,U063,2024-08-03,Expense,Rent,6905,NO,NO,CARD,Hyderabad
T0285,U077,2023-02-16,Expense,Travel,13817,NO,NO,BANK TRANSFER,Chennai
T9738,U017,2023-07-03,Expense,Investment,4848,NO,NO,CARD,Chennai
T5660,U129,2021-06-15,Expense,Rent,5865,NO,NO,BANK TRANSFER,Pune
T1061,U132,2022-09-02,Income,Food,67414,NO,NO,UPI,Lucknow
T10644,U029,2023-10-21,Expense,Food,6111,NO,NO,CARD,Pune
T7726,U069,2024-10-23,Expense,Bonus,1365,NO,NO,UPI,Pune
T1337,U039,2024-05-20,Expense,Health,6151,NO,NO,CASH,Ahmedabad
T10544,U059,2024-01-05,Income,Education,69872,NO,NO,CASH,Mumbai
T9761,U029,2022-06-24,Income,Utilities,34091,NO,NO,UPI,Lucknow
T12782,U028,2023-12-24,Expense,Bonus,4252,NO,NO,BANK TRANSFER,Ahmedabad
T10444,U088,2022-03-20,Expense,Travel,-500,YES,NO,CASH,Unknown
T3601,U044,2022-05-15,Income,Others,58578,NO,NO,CARD,Delhi
T4879,U033,2022-11-12,Expense,Education,1666,NO,NO,CASH,Delhi
T9572,U099,2021-04-21,Expense,Uncategorised,5990,NO,NO,BANK TRANSFER,Hyderabad
T8294,U035,2021-06-11,Expense,Entertainment,0,NO,NO,UPI,Hyderabad
T4001,U104,2024-08-21,Expense,Utilities,11745,NO,NO,CARD,Delhi
T1300,U063,2024-01-07,Expense,Freelance,4354,NO,NO,BANK TRANSFER,Bangalore
T6716,U117,2023-01-21,Expense,Rent,999999,NO,YES,CASH,Kolkata
T1323,U093,2021-09-01,Expense,Utilities,4333,NO,NO,UPI,Chennai
T10129,U143,2024-07-13,Expense,Education,2130,NO,NO,CASH,Lucknow
T13918,U115,2021-02-06,Expense,Utilities,2220,NO,NO,CASH,Delhi
T1449,U028,2024-06-07,Expense,Salary,5177,NO,NO,CARD,Chennai
T6254,U109,2024-11-25,Expense,Travel,2792,NO,NO,BANK TRANSFER,Ahmedabad
T1200,U105,2022-04-26,Expense,Health,3515,NO,NO,CARD,Pune
T2757,U049,2024-11-12,Expense,Health,1266,NO,NO,CASH,Jaipur
T1085,U072,2021-08-18,Expense,Food,203,NO,NO,CARD,Kolkata
T9227,U009,2023-06-27,Income,Bonus,35465,NO,NO,CASH,Lucknow
T2642,U056,2023-01-05,Expense,Rent,2115,NO,NO,CASH,Ahmedabad
T9340,U022,2022-08-21,Expense,Misc,3503,NO,NO,BANK TRANSFER,Kolkata
T12740,U040,2024-02-06,Expense,Rent,4484,NO,NO,CASH,Bangalore
T6152,U012,2022-04-20,Income,Utilities,54591,NO,NO,UNKNOWN,Pune
T0845,U094,2024-07-28,Expense,Education,8299,NO,NO,CARD,Delhi
T9723,U129,2021-09-03,Income,Travel,40910,NO,NO,BANK TRANSFER,Jaipur
T11264,U056,2024-09-29,Expense,Rent,2093,NO,NO,CASH,Bangalore
T2647,U102,2024-03-03,Expense,Utilities,1727,NO,NO,UPI,Bangalore
T4179,U008,2024-06-15,Expense,Rent,38838,NO,NO,UNKNOWN,Delhi
T3199,U092,2023-02-28,Expense,Rent,5136,NO,NO,CASH,Bangalore
T7241,U003,2024-01-08,Income,Education,61592,NO,NO,UPI,Unknown
T4727,U104,2022-12-04,Expense,Rent,9627,NO,NO,CARD,Kolkata
T1792,U119,2021-10-09,Expense,Savings,4406,NO,NO,BANK TRANSFER,Hyderabad
T0291,U012,2024-11-09,Expense,Rent,2678,NO,NO,BANK TRANSFER,Bangalore
T1065,U006,2024-06-18,Income,Rent,23810,NO,NO,UPI,Pune
T12411,U095,2024-04-22,Expense,Rent,7137,NO,NO,CARD,Kolkata
T3346,U023,2023-12-14,Expense,Food,9662,NO,NO,CARD,Lucknow
T8680,U064,2022-01-08,Expense,Food,4785,NO,NO,UPI,Delhi
T6619,U111,2023-05-19,Income,Food,45865,NO,NO,CARD,Kolkata
T7818,U119,2021-05-19,Expense,Rent,583,NO,NO,BANK TRANSFER,Bangalore
T13634,U102,2021-12-01,Expense,Investment,9387,NO,NO,UPI,Hyderabad
T9993,U120,2022-02-04,Expense,Savings,5124,NO,NO,UPI,Ahmedabad
T12800,U010,2023-06-04,Expense,Rent,324,NO,NO,CARD,Jaipur
T2227,U126,2022-06-24,Income,Health,56184,NO,NO,BANK TRANSFER,Jaipur
T1387,U017,2023-08-16,Expense,Utilities,1629,NO,NO,CARD,Delhi
T13703,U024,2021-08-01,Expense,Food,2708,NO,NO,CARD,Delhi
T2178,U049,2023-07-13,Income,Rent,0,NO,NO,BANK TRANSFER,Chennai
T8450,U004,2024-05-12,Expense,Travel,2092,NO,NO,UPI,Pune
T2154,U066,2023-06-06,Expense,Food,1763,NO,NO,CARD,Ahmedabad
T9216,U065,2024-06-22,Expense,Utilities,5239,NO,NO,UPI,Bangalore
T6539,U046,2023-06-25,Expense,Food,5668,NO,NO,BANK TRANSFER,Pune
T2755,U054,2024-09-04,Income,Utilities,34107,NO,NO,BANK TRANSFER,Pune
T7740,U111,2023-01-25,Expense,Entertainment,8540,NO,NO,CASH,Ahmedabad
T0637,U063,2023-12-09,Expense,Utilities,1756,NO,NO,UPI,Bangalore
T2749,U033,2021-05-05,Expense,Rent,7103,NO,NO,UPI,Pune
T11671,U091,2022-10-02,Expense,Utilities,4956,NO,NO,UNKNOWN,Jaipur
T3169,U014,2024-02-27,Income,Savings,24567,NO,NO,BANK TRANSFER,Hyderabad
T7072,U068,2021-02-08,Expense,Rent,6184,NO,NO,BANK TRANSFER,Ahmedabad
T4648,U057,2023-06-07,Expense,Rent,3226,NO,NO,UPI,Chennai
T2204,U049,2022-02-03,Expense,Bonus,25651,NO,NO,UPI,Delhi
T10378,U132,2023-10-22,Expense,Rent,3499,NO,NO,BANK TRANSFER,Mumbai
T5278,U050,2024-01-17,Expense,Travel,9354,NO,NO,BANK TRANSFER,Bangalore
T11316,U053,2022-06-10,Expense,Entertainment,6691,NO,NO,CARD,Hyderabad
T4653,U078,2023-04-07,Expense,Utilities,13033,NO,NO,CARD,Mumbai
T4505,U039,2022-08-30,Expense,Others,5628,NO,NO,UPI,Lucknow
T1024,U122,2021-12-16,Expense,Utilities,6643,NO,NO,CARD,Lucknow
T8508,U054,2021-08-03,Expense,Food,39484,NO,NO,BANK TRANSFER,Lucknow
T3679,U101,2022-04-11,Expense,Food,5595,NO,NO,CARD,Lucknow
T8203,U147,2024-10-16,Expense,Others,1396,NO,NO,UPI,Chennai
T9129,U149,2023-12-22,Expense,Food,2325,NO,NO,CASH,Hyderabad
T13482,U039,2023-01-18,Expense,Entertainment,7379,NO,NO,CARD,Lucknow
T13343,U112,2023-04-25,Expense,Rent,1568,NO,NO,CASH,Ahmedabad
T3384,U110,2022-07-17,Expense,Food,1759,NO,NO,BANK TRANSFER,Bangalore
T13876,U129,2023-07-07,Expense,Food,1433,NO,NO,CARD,Bangalore
T12679,U028,2024-12-20,Expense,Food,5106,NO,NO,CASH,Hyderabad
T4093,U098,2021-02-07,Expense,Food,7894,NO,NO,CASH,Delhi
T9321,U087,2024-11-04,Expense,Food,1117,NO,NO,CARD,Kolkata
T12623,U149,2023-07-29,Expense,Health,6880,NO,NO,CASH,Hyderabad
T12878,U041,2023-11-25,Expense,Food,1763,NO,NO,UPI,Pune
T12206,U077,2023-02-10,Expense,Food,18358,NO,NO,CARD,Mumbai
T8244,U025,2023-03-06,Income,Bonus,10557,NO,NO,CASH,Ahmedabad
T11840,U110,2021-07-13,Expense,Others,5892,NO,NO,CASH,Ahmedabad
T7718,U110,2021-02-21,Expense,Food,8105,NO,NO,UPI,Ahmedabad
T0583,U074,2024-01-01,Expense,Others,6347,NO,NO,CASH,Kolkata
T2302,U007,2024-03-25,Expense,Travel,3377,NO,NO,UPI,Jaipur
T1912,U077,2023-11-02,Expense,Travel,3391,NO,NO,UPI,Lucknow
T10930,U127,2024-10-28,Expense,Food,5889,NO,NO,CASH,Bangalore
T7287,U051,2021-03-16,Expense,Utilities,8951,NO,NO,CARD,Chennai
T11132,U117,2021-08-03,Expense,Rent,1218,NO,NO,CASH,Unknown
T12005,U005,2024-06-10,Expense,Entertainment,6856,NO,NO,CASH,Mumbai
T6431,U094,2022-10-15,Expense,Rent,3959,NO,NO,UPI,Pune
T9712,U047,2021-10-19,Expense,Food,-500,YES,NO,BANK TRANSFER,Chennai
T12451,U110,2023-03-11,Expense,Salary,5009,NO,NO,CASH,Chennai
T9003,U025,2021-07-16,Expense,Utilities,5841,NO,NO,CARD,Kolkata
T3789,U113,2023-09-25,Expense,Food,17432,NO,NO,CARD,Mumbai
T2036,U117,2024-10-20,Expense,Travel,390,NO,NO,UPI,Hyderabad
T6031,U138,2023-02-07,Expense,Entertainment,3413,NO,NO,CASH,Chennai
T5640,U035,2021-01-10,Expense,Health,7583,NO,NO,UPI,Jaipur
T12673,U126,2023-06-12,Expense,Food,6958,NO,NO,CARD,Jaipur
T3402,U014,2022-04-21,Income,Food,14080,NO,NO,BANK TRANSFER,Delhi
T6762,U071,2021-01-02,Expense,Travel,8065,NO,NO,CASH,Mumbai
T11143,U068,2022-03-26,Expense,Travel,301,NO,NO,CASH,Lucknow
T7060,U030,2021-09-03,Expense,Entertainment,7231,NO,NO,UPI,Lucknow
T2674,U126,2022-03-22,Expense,Others,7306,NO,NO,BANK TRANSFER,Ahmedabad
T10533,U145,2023-11-11,Expense,Rent,369,NO,NO,CASH,Bangalore
T6371,U039,2021-09-30,Expense,Education,7080,NO,NO,CARD,Lucknow
T5970,U010,2024-04-23,Expense,Food,2704,NO,NO,CASH,Delhi
T0349,U098,2023-11-20,Expense,Education,4307,NO,NO,CASH,Delhi
T10973,U045,2024-02-23,Income,Utilities,55060,NO,NO,UPI,Jaipur
T4864,U115,2024-07-22,Expense,Rent,6643,NO,NO,BANK TRANSFER,Delhi
T3431,U121,2023-07-19,Expense,Education,999999,NO,YES,BANK TRANSFER,Jaipur
T6816,U147,2022-09-10,Expense,Travel,49391,NO,NO,UPI,Chennai
T1039,U005,2021-05-11,Expense,Uncategorised,2898,NO,NO,CARD,Kolkata
T8844,U027,2023-12-02,Expense,Travel,3476,NO,NO,CASH,Pune
T13020,U133,2021-11-01,Expense,Food,1391,NO,NO,BANK TRANSFER,Pune
T4301,U119,2022-05-28,Expense,Utilities,7331,NO,NO,CASH,Delhi
T9803,U067,2023-08-19,Expense,Education,6022,NO,NO,BANK TRANSFER,Delhi
T1967,U090,2024-09-14,Expense,Health,1210,NO,NO,CASH,Lucknow
T9323,U029,2024-07-11,Expense,Rent,6207,NO,NO,CARD,Jaipur
T3526,U061,2021-10-25,Expense,Utilities,0,NO,NO,UPI,Ahmedabad
T1311,U122,2023-12-23,Income,Bonus,78671,NO,NO,CASH,Delhi
T1305,U060,2024-12-09,Expense,Education,4512,NO,NO,UPI,Hyderabad
T3769,U021,2024-06-24,Expense,Food,8786,NO,NO,CARD,Ahmedabad
T8444,U055,2024-11-07,Income,Education,15169,NO,NO,CARD,Ahmedabad
T5357,U106,2021-07-07,Expense,Food,7234,NO,NO,CASH,Lucknow
T2553,U095,2024-10-03,Expense,Uncategorised,4220,NO,NO,CARD,Ahmedabad
T10942,U059,2021-12-27,Expense,Food,-500,YES,NO,CARD,Pune
T13833,U032,2022-11-06,Expense,Travel,733,NO,NO,UPI,Lucknow
T11047,U076,2024-07-30,Expense,Entertainment,1503,NO,NO,UPI,Mumbai
T9129,U084,2022-03-06,Expense,Investment,9706,NO,NO,UNKNOWN,Lucknow
T13371,U100,2024-03-13,Expense,Food,1145,NO,NO,CARD,Hyderabad
T5787,U113,2024-04-10,Income,Rent,70904,NO,NO,CASH,Hyderabad
T13200,U074,2024-12-08,Expense,Travel,4999,NO,NO,BANK TRANSFER,Lucknow
T13014,U149,2021-07-15,Expense,Others,8070,NO,NO,CARD,Mumbai
T11753,U101,2022-03-21,Expense,Misc,2027,NO,NO,CARD,Pune
T7986,U023,2021-11-19,Expense,Food,9073,NO,NO,UPI,Pune
T2903,U083,2023-01-14,Expense,Entertainment,2280,NO,NO,BANK TRANSFER,Unknown
T4794,U125,2022-06-11,Expense,Entertainment,6428,NO,NO,BANK TRANSFER,Kolkata
T3593,U038,2021-03-12,Expense,Food,3053,NO,NO,CARD,Bangalore
T4690,U150,2021-12-01,Expense,Rent,3009,NO,NO,CASH,Kolkata
T11484,U112,2021-12-13,Expense,Others,8766,NO,NO,UPI,Kolkata
T7457,U066,2021-12-15,Expense,Investment,4021,NO,NO,CASH,Jaipur
T13960,U148,2021-07-18,Expense,Rent,6889,NO,NO,UPI,Chennai
T2148,U009,2023-09-04,Expense,Rent,999999999,NO,YES,BANK TRANSFER,Kolkata
T7007,U127,2023-05-30,Expense,Investment,2381,NO,NO,CARD,Unknown
T4599,U079,2023-01-10,Expense,Rent,4542,NO,NO,UPI,Pune
T10831,U062,2024-09-30,Expense,Rent,9525,NO,NO,BANK TRANSFER,Pune
T10681,U049,2022-01-12,Expense,Rent,9964,NO,NO,UNKNOWN,Unknown
T5878,U127,2023-06-03,Expense,Entertainment,35345,NO,NO,CASH,Unknown
T4351,U145,2021-11-04,Expense,Utilities,9312,NO,NO,UNKNOWN,Jaipur
T0561,U036,2022-02-13,Expense,Food,9384,NO,NO,BANK TRANSFER,Ahmedabad
T8165,U094,2023-12-28,Expense,Food,8755,NO,NO,BANK TRANSFER,Unknown
T4108,U015,2024-05-21,Expense,Savings,6219,NO,NO,CASH,Mumbai
T0624,U134,2024-07-16,Expense,Utilities,8913,NO,NO,UPI,Jaipur
T12538,U059,2023-10-21,Expense,Travel,3975,NO,NO,CASH,Lucknow
T6041,U007,2023-07-18,Expense,Bonus,9757,NO,NO,BANK TRANSFER,Jaipur
T7841,U109,2023-01-17,Expense,Education,549,NO,NO,CARD,Bangalore
T13938,U083,2023-10-08,Expense,Entertainment,8719,NO,NO,CARD,Delhi
T2763,U029,2023-04-19,Expense,Bonus,4572,NO,NO,UPI,Pune
T3886,U148,2021-06-13,Expense,Travel,716,NO,NO,UPI,Ahmedabad
T1723,U132,2021-01-21,Income,Utilities,61112,NO,NO,CASH,Jaipur
T3123,U018,2021-02-09,Expense,Savings,9132,NO,NO,UPI,Mumbai
T1238,U132,2023-04-24,Expense,Entertainment,3517,NO,NO,CASH,Bangalore
T0511,U122,2021-08-14,Expense,Entertainment,2461,NO,NO,BANK TRANSFER,Chennai
T10005,U088,2021-07-26,Expense,Rent,3758,NO,NO,CARD,Pune
T1577,U019,2023-02-13,Expense,Food,8172,NO,NO,UPI,Pune
T11005,U042,2022-12-29,Expense,Rent,3680,NO,NO,CASH,Chennai
T5709,U107,2023-07-21,Expense,Travel,9309,NO,NO,UPI,Delhi
T0174,U068,2024-01-20,Expense,Rent,2206,NO,NO,CASH,Delhi
T12409,U108,2024-07-24,Expense,Entertainment,36084,NO,NO,CARD,Mumbai
T11580,U066,2022-10-21,Expense,Food,794,NO,NO,BANK TRANSFER,Unknown
T2609,U058,2022-08-01,Income,Rent,60328,NO,NO,BANK TRANSFER,Ahmedabad
T13566,U002,2023-04-30,Expense,Travel,4009,NO,NO,BANK TRANSFER,Unknown
T5093,U074,2021-03-27,Expense,Investment,12491,NO,NO,UNKNOWN,Bangalore
T1969,U100,2021-03-16,Expense,Travel,5345,NO,NO,UPI,Lucknow
T8327,U106,2023-10-25,Expense,Food,6136,NO,NO,UPI,Unknown
T1935,U063,2022-06-07,Expense,Food,993,NO,NO,UPI,Hyderabad
T8489,U095,2024-09-11,Expense,Bonus,0,NO,NO,UPI,Ahmedabad
T0700,U138,2021-04-09,Expense,Health,9768,NO,NO,CARD,Ahmedabad
T3884,U058,2023-11-28,Expense,Freelance,7942,NO,NO,CARD,Mumbai
T13781,U132,2022-12-24,Expense,Travel,8573,NO,NO,UPI,Mumbai
T3561,U079,2022-07-30,Expense,Food,31361,NO,NO,CARD,Chennai
T6339,U077,2022-02-16,Expense,Others,8697,NO,NO,UPI,Ahmedabad
T6697,U096,2022-04-16,Income,Food,70158,NO,NO,UPI,Mumbai
T4975,U132,2023-07-16,Expense,Rent,1286,NO,NO,UPI,Delhi
T0732,U115,2021-07-03,Expense,Food,2861,NO,NO,CARD,Hyderabad
T6210,U141,2022-04-25,Income,Food,57735,NO,NO,BANK TRANSFER,Bangalore
T10570,U008,2024-10-04,Expense,Savings,7047,NO,NO,CASH,Delhi
T0880,U053,2023-08-07,Expense,Rent,1526,NO,NO,UPI,Kolkata
T4114,U027,2022-11-26,Expense,Travel,5302,NO,NO,BANK TRANSFER,Mumbai
T7654,U089,2021-11-28,Expense,Food,1514,NO,NO,CARD,Kolkata
T12475,U024,2021-05-03,Expense,Health,4397,NO,NO,CARD,Hyderabad
T9285,U134,2022-08-28,Expense,Travel,9691,NO,NO,BANK TRANSFER,Lucknow
T12446,U084,2024-05-26,Expense,Entertainment,7843,NO,NO,CARD,Chennai
T6442,U074,2023-06-10,Expense,Utilities,7288,NO,NO,UPI,Bangalore
T10963,U100,2021-01-06,Expense,Rent,6741,NO,NO,BANK TRANSFER,Lucknow
T12010,U109,2022-10-23,Expense,Food,8325,NO,NO,UPI,Bangalore
T12501,U093,2024-10-22,Income,Utilities,19211,NO,NO,CARD,Ahmedabad
T5845,U097,2023-04-08,Expense,Rent,4730,NO,NO,BANK TRANSFER,Mumbai
T2993,U091,2022-01-22,Expense,Food,9197,NO,NO,CARD,Kolkata
T9124,U089,2022-08-11,Income,Rent,24714,NO,NO,CARD,Ahmedabad
T2293,U115,2022-12-20,Expense,Bonus,3445,NO,NO,CASH,Jaipur
T3626,U017,2023-08-23,Expense,Food,6754,NO,NO,CASH,Bangalore
T3866,U149,2024-05-12,Expense,Food,8393,NO,NO,BANK TRANSFER,Chennai
T10281,U007,2023-07-17,Expense,Travel,0,NO,NO,BANK TRANSFER,Delhi
T5164,U017,2022-10-25,Expense,Food,4468,NO,NO,BANK TRANSFER,Ahmedabad
T10582,U109,2024-10-03,Expense,Food,1586,NO,NO,CARD,Kolkata
T0886,U126,2024-05-11,Expense,Entertainment,3550,NO,NO,UPI,Jaipur
T5764,U067,2023-03-25,Expense,Utilities,4237,NO,NO,CASH,Mumbai
T9904,U016,2022-03-22,Expense,Travel,4125,NO,NO,CASH,Kolkata
T12552,U097,2022-02-05,Expense,Food,2949,NO,NO,UPI,Chennai
T8639,U066,2022-06-24,Expense,Travel,2962,NO,NO,CASH,Kolkata
T10101,U100,2022-11-21,Expense,Rent,5150,NO,NO,BANK TRANSFER,Chennai
T7920,U064,2021-05-30,Expense,Rent,7744,NO,NO,CASH,Lucknow
T2105,U023,2024-02-04,Expense,Food,0,NO,NO,CARD,Hyderabad
T0314,U075,2021-12-28,Income,Savings,57089,NO,NO,BANK TRANSFER,Chennai
T11006,U101,2024-06-22,Expense,Utilities,3416,NO,NO,CARD,Chennai
T3388,U119,2023-03-19,Expense,Food,2799,NO,NO,UPI,Pune
T4385,U014,2022-04-17,Expense,Health,999999,NO,YES,BANK TRANSFER,Bangalore
T13788,U055,2024-10-09,Income,Others,51772,NO,NO,CASH,Unknown
T1078,U033,2022-12-16,Expense,Health,2891,NO,NO,CASH,Bangalore
T5322,U144,2023-12-18,Income,Others,53035,NO,NO,BANK TRANSFER,Ahmedabad
T7867,U065,2021-04-14,Expense,Travel,1419,NO,NO,UPI,Ahmedabad
T11877,U092,2024-01-10,Expense,Bonus,2685,NO,NO,CASH,Jaipur
T3137,U108,2021-05-27,Income,Food,30703,NO,NO,UPI,Kolkata
T2095,U065,2023-05-05,Expense,Entertainment,3573,NO,NO,CARD,Pune
T13184,U049,2024-02-22,Expense,Food,49694,NO,NO,UPI,Chennai
T4553,U022,2023-04-19,Expense,Rent,1842,NO,NO,CASH,Chennai
T0269,U069,2022-10-25,Expense,Travel,5806,NO,NO,UPI,Lucknow
T0541,U048,2021-05-29,Expense,Travel,5319,NO,NO,UPI,Pune
T8642,U085,2024-07-23,Expense,Utilities,8077,NO,NO,UNKNOWN,Delhi
T5317,U115,2021-03-04,Expense,Travel,2005,NO,NO,CARD,Chennai
T3092,U004,2024-11-27,Expense,Education,3212,NO,NO,CASH,Bangalore
T5594,U100,2022-05-22,Expense,Salary,5023,NO,NO,CARD,Lucknow
T2737,U009,2024-04-29,Expense,Health,8833,NO,NO,CARD,Bangalore
T2016,U124,2023-05-08,Expense,Freelance,834,NO,NO,UNKNOWN,Delhi
T1702,U106,2024-04-01,Expense,Health,4327,NO,NO,CARD,Pune
T10010,U073,2022-05-09,Expense,Travel,396,NO,NO,CARD,Delhi
T10970,U116,2021-08-09,Expense,Food,24908,NO,NO,CARD,Pune
T13819,U110,2022-08-13,Expense,Others,1687,NO,NO,UPI,Chennai
T6154,U105,2024-12-13,Expense,Entertainment,2842,NO,NO,CASH,Kolkata
T4930,U030,2024-11-07,Expense,Rent,1669,NO,NO,CASH,Unknown
T7830,U013,2024-02-03,Expense,Food,0,NO,NO,BANK TRANSFER,Lucknow
T7904,U001,2021-11-06,Expense,Rent,3483,NO,NO,CASH,Pune
T4042,U044,2023-06-06,Income,Rent,74365,NO,NO,UPI,Chennai
T6214,U007,2023-06-03,Expense,Utilities,4757,NO,NO,BANK TRANSFER,Lucknow
T3730,U075,2024-02-16,Expense,Entertainment,2331,NO,NO,CASH,Lucknow
T8826,U054,2023-12-27,Expense,Rent,0,NO,NO,CASH,Mumbai
T4527,U065,2022-03-21,Expense,Utilities,2193,NO,NO,BANK TRANSFER,Chennai
T5911,U087,2021-11-24,Expense,Rent,2640,NO,NO,CASH,Kolkata
T8268,U060,2024-04-08,Expense,Rent,7870,NO,NO,CASH,Kolkata
T12342,U142,2024-12-08,Expense,Utilities,5971,NO,NO,CASH,Mumbai
T13018,U016,2022-08-31,Expense,Bonus,1881,NO,NO,CARD,Jaipur
T3570,U139,2021-03-27,Expense,Freelance,2214,NO,NO,UPI,Mumbai
T7786,U130,2024-02-15,Expense,Rent,6734,NO,NO,UPI,Pune
T7042,U066,2021-01-22,Expense,Travel,7699,NO,NO,CARD,Lucknow
T10452,U143,2023-05-28,Expense,Rent,43829,NO,NO,CARD,Bangalore
T6600,U121,2022-02-09,Expense,Utilities,4749,NO,NO,UPI,Mumbai
T0273,U137,2022-02-12,Expense,Food,8773,NO,NO,CASH,Hyderabad
T4761,U133,2024-07-13,Expense,Utilities,5559,NO,NO,CARD,Bangalore
T10326,U139,2021-01-10,Expense,Travel,3091,NO,NO,BANK TRANSFER,Ahmedabad
T0722,U111,2021-06-05,Expense,Rent,1909,NO,NO,BANK TRANSFER,Jaipur
T8210,U013,2022-02-01,Income,Savings,14332,NO,NO,CASH,Unknown
T4187,U107,2022-09-21,Expense,Rent,2498,NO,NO,CARD,Mumbai
T1138,U027,2021-10-18,Income,Food,10591,NO,NO,UPI,Kolkata
T10041,U100,2022-08-06,Expense,Education,8266,NO,NO,UPI,Chennai
T13863,U094,2024-04-06,Income,Travel,63801,NO,NO,BANK TRANSFER,Mumbai
T9429,U121,2024-07-30,Expense,Entertainment,2839,NO,NO,CASH,Bangalore
T11637,U044,2022-06-30,Expense,Food,4888,NO,NO,CARD,Mumbai
T9795,U141,2023-09-22,Expense,Bonus,2511,NO,NO,UPI,Kolkata
T10098,U057,2023-08-08,Expense,Food,2977,NO,NO,CARD,Delhi
T12317,U061,2024-05-11,Expense,Food,1928,NO,NO,UPI,Delhi
T9928,U041,2024-06-11,Expense,Entertainment,933,NO,NO,CASH,Lucknow
T3430,U089,2024-11-27,Expense,Food,5084,NO,NO,CARD,Lucknow
T5061,U042,2022-09-21,Expense,Bonus,7841,NO,NO,UPI,Jaipur
T2335,U065,2024-08-22,Expense,Rent,1580,NO,NO,UPI,Chennai
T5256,U068,2022-01-11,Expense,Food,4587,NO,NO,CASH,Chennai
T6343,U142,2023-06-20,Income,Salary,14430,NO,NO,BANK TRANSFER,Ahmedabad
T0044,U108,2024-11-15,Expense,Travel,1120,NO,NO,BANK TRANSFER,Bangalore
T6013,U041,2023-09-20,Income,Investment,76663,NO,NO,CASH,Ahmedabad
T0436,U148,2022-09-18,Expense,Education,6967,NO,NO,UPI,Lucknow
T8578,U118,2022-02-08,Expense,Food,5837,NO,NO,UPI,Delhi
T8073,U045,2021-04-03,Expense,Education,9447,NO,NO,BANK TRANSFER,Pune
T9519,U106,2022-02-07,Income,Rent,25793,NO,NO,BANK TRANSFER,Lucknow
T2020,U112,2022-01-25,Expense,Entertainment,9225,NO,NO,CARD,Kolkata
T4674,U070,2021-11-15,Expense,Food,420,NO,NO,BANK TRANSFER,Mumbai
T3082,U047,2022-12-28,Expense,Travel,4391,NO,NO,UPI,Delhi
T11813,U009,2021-07-11,Expense,Rent,19439,NO,NO,CASH,Mumbai
T10525,U096,2023-04-15,Expense,Rent,6306,NO,NO,CARD,Lucknow
T1664,U100,2021-06-29,Expense,Rent,7350,NO,NO,CARD,Kolkata
T8856,U068,2024-05-20,Expense,Investment,2596,NO,NO,CASH,Delhi
T13703,U109,2021-08-28,Expense,Investment,3016,NO,NO,BANK TRANSFER,Hyderabad
T6505,U100,2024-06-11,Expense,Savings,7353,NO,NO,BANK TRANSFER,Kolkata
T8887,U041,2021-04-30,Expense,Others,462,NO,NO,CASH,Ahmedabad
T0823,U057,2021-07-03,Expense,Health,26092,NO,NO,UPI,Unknown
T6935,U137,2023-10-10,Expense,Bonus,8996,NO,NO,CASH,Hyderabad
T4540,U072,2023-02-20,Income,Utilities,11567,NO,NO,BANK TRANSFER,Hyderabad
T1859,U134,2021-05-30,Income,Uncategorised,21664,NO,NO,BANK TRANSFER,Pune
T4143,U016,2024-05-28,Expense,Entertainment,45883,NO,NO,CARD,Lucknow
T7725,U008,2021-04-18,Expense,Rent,6162,NO,NO,BANK TRANSFER,Hyderabad
T12707,U063,2022-10-29,Expense,Food,36849,NO,NO,UPI,Pune
T6498,U119,2024-03-21,Expense,Health,1444,NO,NO,CASH,Ahmedabad
T2482,U077,2023-05-23,Expense,Health,3230,NO,NO,UNKNOWN,Mumbai
T9736,U116,2024-10-15,Expense,Travel,3377,NO,NO,CARD,Unknown
T6693,U077,2023-07-07,Expense,Bonus,9934,NO,NO,CASH,Mumbai
T6497,U056,2024-12-28,Expense,Others,10976,NO,NO,CASH,Bangalore
T2239,U119,2024-07-15,Expense,Entertainment,2910,NO,NO,UPI,Unknown
T5661,U144,2021-11-13,Expense,Food,8646,NO,NO,CARD,Unknown
T3040,U069,2022-09-07,Expense,Entertainment,8282,NO,NO,CARD,Unknown
T3653,U087,2023-07-30,Expense,Entertainment,5861,NO,NO,BANK TRANSFER,Delhi
T7603,U121,2022-10-10,Expense,Rent,936,NO,NO,CASH,Unknown
T7466,U023,2023-01-26,Expense,Entertainment,7837,NO,NO,CARD,Bangalore
T4739,U094,2023-12-10,Expense,Rent,1783,NO,NO,BANK TRANSFER,Delhi
T3077,U106,2024-09-12,Income,Bonus,61600,NO,NO,CARD,Ahmedabad
T6105,U072,2024-06-28,Expense,Utilities,3379,NO,NO,CARD,Delhi
T10862,U105,2023-06-30,Expense,Utilities,8922,NO,NO,CASH,Chennai
T1072,U022,2022-06-07,Expense,Food,1817,NO,NO,UPI,Kolkata
T13137,U018,2024-03-08,Expense,Utilities,1575,NO,NO,UNKNOWN,Unknown
T7767,U033,2023-05-06,Income,Rent,79594,NO,NO,UPI,Ahmedabad
T8546,U141,2023-02-27,Expense,Utilities,6927,NO,NO,CASH,Bangalore
T0201,U010,2021-01-01,Expense,Utilities,4214,NO,NO,UPI,Chennai
T9098,U041,2022-12-24,Income,Salary,45134,NO,NO,CARD,Unknown
T3024,U093,2023-10-23,Expense,Freelance,1389,NO,NO,UPI,Delhi
T12948,U076,2024-08-31,Income,Health,52125,NO,NO,CARD,Hyderabad
T6435,U005,2024-10-15,Expense,Rent,9998,NO,NO,UPI,Ahmedabad
T2829,U048,2021-02-12,Expense,Savings,3535,NO,NO,CARD,Jaipur
T7445,U046,2021-09-26,Expense,Education,5472,NO,NO,UPI,Hyderabad
T8611,U040,2021-11-07,Expense,Utilities,8489,NO,NO,CASH,Ahmedabad
T12330,U061,2024-07-20,Expense,Travel,9816,NO,NO,CARD,Mumbai
T5883,U106,2023-08-06,Expense,Food,2092,NO,NO,BANK TRANSFER,Chennai
T5005,U009,2024-12-02,Expense,Food,990,NO,NO,UPI,Unknown
T2591,U066,2023-02-12,Expense,Food,43659,NO,NO,UPI,Lucknow
T3614,U072,2024-05-04,Expense,Others,7889,NO,NO,CARD,Bangalore
T8570,U014,2021-11-11,Expense,Rent,30032,NO,NO,CARD,Delhi
T8239,U051,2022-06-28,Income,Rent,66783,NO,NO,UPI,Ahmedabad
T3274,U079,2021-03-06,Income,Rent,60496,NO,NO,CASH,Mumbai
T1251,U024,2024-11-27,Expense,Entertainment,2295,NO,NO,UNKNOWN,Chennai
T12802,U053,2023-06-07,Expense,Investment,3630,NO,NO,CASH,Jaipur
T0647,U099,2024-01-07,Expense,Travel,832,NO,NO,CARD,Unknown
T13336,U049,2023-10-27,Income,Food,31943,NO,NO,UPI,Delhi
T1946,U130,2023-04-17,Expense,Food,2754,NO,NO,BANK TRANSFER,Bangalore
T5723,U003,2024-08-24,Expense,Utilities,2791,NO,NO,UPI,Delhi
T8601,U118,2022-04-25,Expense,Travel,5534,NO,NO,UPI,Hyderabad
T6404,U135,2021-12-20,Expense,Rent,2366,NO,NO,CARD,Bangalore
T10822,U140,2021-09-08,Expense,Utilities,0,NO,NO,UPI,Bangalore
T6690,U094,2022-06-27,Expense,Rent,6869,NO,NO,CARD,Ahmedabad
T8906,U002,2024-06-21,Expense,Food,18922,NO,NO,BANK TRANSFER,Pune
T6096,U079,2021-08-09,Expense,Freelance,9173,NO,NO,UPI,Delhi
T5582,U116,2023-03-30,Expense,Investment,8982,NO,NO,CASH,Bangalore
T0124,U037,2024-12-30,Income,Salary,61007,NO,NO,BANK TRANSFER,Delhi
T9746,U018,2022-12-06,Income,Entertainment,30853,NO,NO,BANK TRANSFER,Mumbai
T4702,U093,2024-08-29,Expense,Food,8631,NO,NO,CASH,Chennai
T11749,U025,2021-01-20,Expense,Food,770,NO,NO,CASH,Delhi
T0970,U050,2021-09-25,Expense,Entertainment,999999,NO,YES,CARD,Hyderabad
T9158,U044,2021-12-23,Expense,Food,3141,NO,NO,UNKNOWN,Chennai
T12863,U011,2021-02-16,Expense,Others,6658,NO,NO,UPI,Delhi
T11384,U097,2024-12-26,Expense,Food,623,NO,NO,CARD,Chennai
T4127,U087,2024-03-24,Expense,Travel,0,NO,NO,CARD,Lucknow
T4938,U036,2022-06-15,Income,Others,40888,NO,NO,UPI,Bangalore
T8962,U101,2024-12-14,Expense,Food,5608,NO,NO,UNKNOWN,Jaipur
T11712,U137,2024-11-11,Expense,Education,7746,NO,NO,CASH,Lucknow
T5096,U011,2024-10-05,Expense,Food,5135,NO,NO,CASH,Lucknow
T12364,U027,2023-09-13,Expense,Travel,4185,NO,NO,CARD,Lucknow
T7895,U052,2024-05-14,Expense,Utilities,8718,NO,NO,CASH,Mumbai
T9757,U021,2021-10-08,Expense,Food,14576,NO,NO,CASH,Mumbai
T7880,U115,2021-08-18,Expense,Rent,4609,NO,NO,BANK TRANSFER,Kolkata
T6715,U018,2021-12-17,Expense,Freelance,6452,NO,NO,UPI,Delhi
T7066,U023,2024-12-23,Income,Food,53920,NO,NO,UPI,Ahmedabad
T1675,U059,2024-12-06,Income,Travel,76580,NO,NO,CARD,Bangalore
T5629,U035,2021-03-13,Expense,Rent,1804,NO,NO,BANK TRANSFER,Chennai
T4094,U037,2024-12-11,Expense,Health,386,NO,NO,UPI,Kolkata
T7083,U088,2022-02-23,Expense,Others,3074,NO,NO,BANK TRANSFER,Hyderabad
T2476,U025,2022-10-12,Expense,Education,9231,NO,NO,CASH,Ahmedabad
T11667,U004,2022-02-07,Expense,Travel,1041,NO,NO,CASH,Delhi
T12391,U121,2024-03-17,Expense,Health,1743,NO,NO,BANK TRANSFER,Lucknow
T3478,U078,2021-09-07,Expense,Freelance,3025,NO,NO,BANK TRANSFER,Pune
T12092,U073,2024-07-17,Expense,Rent,472,NO,NO,BANK TRANSFER,Delhi
T4441,U148,2021-06-09,Expense,Rent,3603,NO,NO,UPI,Bangalore
T9822,U133,2023-03-08,Expense,Entertainment,8987,NO,NO,BANK TRANSFER,Chennai
T1380,U046,2021-06-08,Income,Food,61795,NO,NO,UPI,Chennai
T7469,U149,2024-03-20,Expense,Savings,38750,NO,NO,CARD,Chennai
T6764,U148,2024-05-27,Expense,Bonus,8263,NO,NO,CARD,Jaipur
T7924,U141,2021-08-01,Expense,Freelance,38906,NO,NO,UPI,Lucknow
T2462,U024,2022-04-04,Expense,Utilities,8428,NO,NO,UPI,Jaipur
T9267,U046,2023-02-18,Income,Education,59307,NO,NO,UPI,Hyderabad
T4993,U049,2021-12-21,Expense,Travel,7669,NO,NO,UPI,Kolkata
T5407,U090,2024-09-27,Expense,Rent,2296,NO,NO,BANK TRANSFER,Bangalore
T3269,U046,2022-07-19,Expense,Rent,766,NO,NO,CARD,Ahmedabad
T2877,U148,2024-04-09,Expense,Investment,1906,NO,NO,UPI,Unknown
T10353,U070,2021-05-07,Expense,Education,3472,NO,NO,BANK TRANSFER,Kolkata
T12478,U049,2023-07-29,Expense,Rent,145,NO,NO,UPI,Kolkata
T6806,U003,2024-01-03,Expense,Food,3397,NO,NO,UPI,Ahmedabad
T9677,U108,2021-09-16,Expense,Rent,4868,NO,NO,CASH,Mumbai
T1206,U035,2023-04-10,Expense,Health,1392,NO,NO,BANK TRANSFER,Lucknow
T4276,U127,2021-11-07,Income,Rent,55811,NO,NO,UPI,Ahmedabad
T3640,U044,2024-05-27,Income,Travel,79367,NO,NO,UNKNOWN,Kolkata
T10897,U079,2023-06-18,Income,Rent,45035,NO,NO,UPI,Jaipur
T2670,U006,2023-01-03,Expense,Others,2390,NO,NO,CASH,Hyderabad
T11185,U136,2024-10-10,Expense,Others,4752,NO,NO,CASH,Bangalore
T7218,U109,2024-04-25,Expense,Entertainment,6913,NO,NO,UPI,Pune
T12492,U054,2024-10-04,Expense,Utilities,9345,NO,NO,CASH,Kolkata
T2139,U142,2023-02-09,Expense,Investment,1207,NO,NO,BANK TRANSFER,Lucknow
T9979,U072,2024-03-04,Expense,Food,5126,NO,NO,BANK TRANSFER,Lucknow
T1168,U048,2022-11-16,Expense,Travel,139,NO,NO,CARD,Hyderabad
T12090,U010,2023-11-11,Expense,Food,2810,NO,NO,BANK TRANSFER,Unknown
T5297,U036,2021-12-25,Expense,Savings,1799,NO,NO,UPI,Bangalore
T12521,U076,2021-09-07,Expense,Food,560,NO,NO,BANK TRANSFER,Lucknow
T12678,U084,2022-06-10,Expense,Entertainment,2688,NO,NO,CARD,Delhi
T13865,U037,2023-10-04,Expense,Education,3670,NO,NO,BANK TRANSFER,Jaipur
T6990,U097,2024-08-09,Expense,Education,9095,NO,NO,BANK TRANSFER,Jaipur
T10724,U104,2022-04-09,Expense,Travel,0,NO,NO,CARD,Delhi
T0157,U003,2021-03-01,Expense,Entertainment,8780,NO,NO,CARD,Chennai
T11554,U085,2023-12-12,Expense,Uncategorised,4414,NO,NO,CASH,Kolkata
T4700,U058,2023-01-25,Expense,Others,-1000,YES,NO,UPI,Chennai
T2977,U049,2023-07-19,Income,Freelance,30887,NO,NO,BANK TRANSFER,Hyderabad
T0007,U030,2024-05-01,Expense,Investment,-1000,YES,NO,CASH,Jaipur
T10333,U133,2024-03-31,Expense,Travel,802,NO,NO,CARD,Delhi
T13111,U147,2023-01-23,Expense,Food,387,NO,NO,UPI,Ahmedabad
T8026,U140,2021-09-12,Expense,Travel,9857,NO,NO,CARD,Hyderabad
T2752,U104,2022-06-20,Income,Travel,73053,NO,NO,UPI,Bangalore
T10878,U046,2021-02-25,Expense,Education,5098,NO,NO,BANK TRANSFER,Lucknow
T13364,U052,2023-04-09,Expense,Investment,452,NO,NO,CASH,Jaipur
T8491,U059,2021-10-23,Expense,Food,2945,NO,NO,CASH,Unknown
T13253,U137,2022-12-31,Income,Savings,66153,NO,NO,UPI,Unknown
T1857,U063,2021-06-29,Expense,Freelance,4016,NO,NO,CASH,Mumbai
T11820,U070,2023-08-25,Expense,Others,825,NO,NO,UPI,Kolkata
T6408,U147,2023-10-02,Expense,Rent,6474,NO,NO,CARD,Jaipur
T11565,U047,2023-02-13,Expense,Utilities,1290,NO,NO,UNKNOWN,Ahmedabad
T12143,U016,2022-06-02,Expense,Food,5081,NO,NO,CARD,Hyderabad
T12744,U030,2024-02-10,Income,Food,75823,NO,NO,UPI,Bangalore
T9751,U012,2023-06-22,Income,Freelance,31120,NO,NO,UPI,Jaipur
T2080,U087,2023-09-05,Expense,Food,7529,NO,NO,CARD,Pune
T4349,U013,2024-08-10,Expense,Utilities,2771,NO,NO,BANK TRANSFER,Kolkata
T1244,U008,2023-05-20,Expense,Utilities,9686,NO,NO,CARD,Ahmedabad
T11672,U073,2022-05-09,Expense,Health,3584,NO,NO,UNKNOWN,Pune
T7390,U146,2021-07-16,Expense,Utilities,9042,NO,NO,BANK TRANSFER,Lucknow
T9830,U070,2023-04-28,Income,Travel,49059,NO,NO,CASH,Jaipur
T9925,U144,2023-10-23,Expense,Rent,8630,NO,NO,CASH,Ahmedabad
T3358,U115,2022-06-15,Expense,Food,6926,NO,NO,CASH,Kolkata
T6504,U130,2021-07-26,Expense,Others,4356,NO,NO,UPI,Bangalore
T12399,U083,2024-04-04,Expense,Rent,18668,NO,NO,UPI,Pune
T4457,U139,2024-01-04,Expense,Education,4591,NO,NO,UPI,Mumbai
T8931,U076,2024-08-03,Expense,Rent,279,NO,NO,CARD,Lucknow
T0397,U063,2023-12-21,Expense,Investment,7616,NO,NO,CASH,Mumbai
T0743,U013,2022-07-16,Expense,Travel,11372,NO,NO,BANK TRANSFER,Unknown
T0500,U038,2022-07-23,Expense,Utilities,3540,NO,NO,UPI,Jaipur
T12407,U018,2023-09-12,Expense,Rent,8221,NO,NO,BANK TRANSFER,Hyderabad
T4795,U043,2022-06-12,Expense,Food,8571,NO,NO,CARD,Delhi
T11422,U039,2023-07-03,Expense,Food,2306,NO,NO,CARD,Jaipur
T8022,U004,2023-08-04,Income,Entertainment,76991,NO,NO,UNKNOWN,Chennai
T12290,U092,2021-01-16,Expense,Savings,1107,NO,NO,CARD,Hyderabad
T7905,U053,2024-08-27,Expense,Travel,9775,NO,NO,UPI,Jaipur
T6134,U023,2021-11-26,Expense,Food,3900,NO,NO,UNKNOWN,Kolkata
T1493,U070,2022-09-20,Expense,Utilities,6906,NO,NO,CASH,Lucknow
T13309,U047,2021-06-20,Expense,Education,340,NO,NO,BANK TRANSFER,Pune
T3889,U093,2023-07-04,Expense,Food,6224,NO,NO,UPI,Bangalore
T2338,U051,2023-04-20,Expense,Rent,4242,NO,NO,BANK TRANSFER,Unknown
T10514,U039,2022-09-11,Expense,Rent,639,NO,NO,CASH,Ahmedabad
T10337,U098,2023-12-29,Expense,Food,1547,NO,NO,BANK TRANSFER,Unknown
T1387,U017,2023-08-16,Expense,Food,1629,NO,NO,CARD,Delhi
T9043,U012,2024-06-02,Expense,Entertainment,1881,NO,NO,UNKNOWN,Unknown
T10489,U142,2021-05-31,Expense,Investment,155,NO,NO,CASH,Ahmedabad
T8169,U025,2022-12-27,Income,Freelance,37978,NO,NO,CASH,Lucknow
T10539,U149,2023-06-25,Expense,Entertainment,1040,NO,NO,CASH,Unknown
T9771,U149,2023-10-25,Income,Food,44913,NO,NO,UPI,Jaipur
T3032,U147,2022-01-16,Expense,Savings,3621,NO,NO,CARD,Ahmedabad
T2866,U036,2023-11-11,Expense,Food,7582,NO,NO,CASH,Delhi
T2254,U039,2021-06-29,Expense,Health,-500,YES,NO,UPI,Lucknow
T8905,U115,2024-10-28,Expense,Others,9403,NO,NO,BANK TRANSFER,Lucknow
T13231,U118,2024-04-21,Expense,Food,1845,NO,NO,BANK TRANSFER,Bangalore
T1180,U001,2023-04-17,Income,Rent,48060,NO,NO,UNKNOWN,Kolkata
T9100,U129,2023-10-04,Expense,Food,122,NO,NO,UNKNOWN,Mumbai
T0363,U010,2022-07-13,Expense,Others,791,NO,NO,UNKNOWN,Delhi
T12313,U131,2022-07-08,Income,Utilities,46846,NO,NO,UNKNOWN,Unknown
T9378,U137,2022-06-21,Income,Food,39248,NO,NO,CASH,Jaipur
T13689,U146,2023-11-29,Expense,Health,10666,NO,NO,CARD,Lucknow
T7983,U138,2022-07-16,Expense,Food,1316,NO,NO,BANK TRANSFER,Ahmedabad
T11560,U108,2023-05-17,Expense,Rent,0,NO,NO,BANK TRANSFER,Chennai
T8548,U082,2023-04-05,Expense,Rent,4364,NO,NO,CASH,Jaipur
T10064,U087,2024-04-17,Income,Rent,78341,NO,NO,UNKNOWN,Mumbai
T9286,U103,2023-11-10,Expense,Rent,3765,NO,NO,UPI,Bangalore
T3843,U070,2023-10-08,Expense,Rent,2375,NO,NO,UPI,Kolkata
T9133,U035,2024-08-16,Expense,Rent,9313,NO,NO,CASH,Jaipur
T8486,U149,2021-09-28,Expense,Rent,6129,NO,NO,CASH,Unknown
T7447,U120,2023-05-26,Expense,Food,5835,NO,NO,CASH,Bangalore
T2727,U078,2023-11-14,Expense,Entertainment,7539,NO,NO,CARD,Jaipur
T4987,U086,2021-08-28,Expense,Rent,33245,NO,NO,BANK TRANSFER,Pune
T9984,U114,2021-10-30,Expense,Salary,576,NO,NO,CASH,Jaipur
T9688,U143,2023-03-23,Income,Uncategorised,50255,NO,NO,CARD,Lucknow
T10482,U109,2023-08-06,Expense,Education,46470,NO,NO,BANK TRANSFER,Mumbai
T13755,U080,2024-06-05,Expense,Entertainment,6402,NO,NO,UPI,Lucknow
T13615,U149,2022-06-28,Expense,Education,1671,NO,NO,UPI,Chennai
T2711,U086,2021-05-03,Expense,Utilities,3371,NO,NO,CASH,Mumbai
T12142,U103,2022-07-16,Income,Education,360058,NO,NO,CARD,Delhi
T10540,U143,2021-05-25,Expense,Education,4353,NO,NO,UPI,Unknown
T0270,U113,2022-04-24,Expense,Travel,993,NO,NO,UPI,Delhi
T11218,U116,2024-08-17,Expense,Education,18396,NO,NO,BANK TRANSFER,Lucknow
T2669,U061,2023-10-02,Expense,Travel,510,NO,NO,BANK TRANSFER,Chennai
T8617,U080,2024-07-26,Expense,Education,9358,NO,NO,CASH,Pune
T4165,U028,2024-07-10,Expense,Freelance,6435,NO,NO,BANK TRANSFER,Hyderabad
T1336,U022,2022-10-28,Expense,Utilities,9615,NO,NO,CASH,Lucknow
T2490,U146,2021-01-04,Expense,Food,6659,NO,NO,UPI,Unknown
T7234,U061,2021-05-05,Expense,Travel,8074,NO,NO,CASH,Jaipur
T13004,U144,2021-08-24,Expense,Salary,8309,NO,NO,CASH,Hyderabad
T4839,U016,2022-10-11,Expense,Rent,1993,NO,NO,CARD,Jaipur
T6363,U141,2024-07-02,Expense,Utilities,5667,NO,NO,BANK TRANSFER,Delhi
T9663,U147,2023-06-15,Expense,Food,8290,NO,NO,CARD,Lucknow
T10936,U017,2021-02-11,Expense,Others,993,NO,NO,UPI,Pune
T3805,U067,2021-08-04,Expense,Food,231,NO,NO,UPI,Mumbai
T4435,U131,2022-03-20,Expense,Rent,1731,NO,NO,BANK TRANSFER,Mumbai
T11127,U009,2024-04-06,Expense,Travel,9061,NO,NO,BANK TRANSFER,Chennai
T13964,U046,2021-08-11,Income,Investment,32601,NO,NO,UPI,Bangalore
T1353,U114,2021-01-29,Income,Freelance,41522,NO,NO,UPI,Ahmedabad
T4807,U148,2023-12-27,Expense,Food,0,NO,NO,CASH,Lucknow
T6364,U128,2021-10-27,Expense,Entertainment,3755,NO,NO,CASH,Chennai
T12597,U108,2024-05-23,Income,Entertainment,50480,NO,NO,CASH,Delhi
T13511,U076,2024-09-26,Expense,Health,5210,NO,NO,CARD,Ahmedabad
T4109,U114,2021-03-22,Expense,Savings,9201,NO,NO,CASH,Jaipur
T4725,U066,2023-12-17,Expense,Food,6307,NO,NO,BANK TRANSFER,Delhi
T3147,U101,2023-10-26,Income,Entertainment,53514,NO,NO,CARD,Mumbai
T7787,U147,2023-07-06,Expense,Food,400,NO,NO,BANK TRANSFER,Ahmedabad
T8275,U042,2024-10-23,Expense,Freelance,5511,NO,NO,CARD,Ahmedabad
T0331,U137,2023-12-28,Expense,Travel,587,NO,NO,BANK TRANSFER,Delhi
T13074,U033,2022-07-19,Income,Utilities,61140,NO,NO,UPI,Kolkata
T11974,U053,2023-10-10,Expense,Education,9628,NO,NO,CARD,Kolkata
T13645,U148,2024-09-22,Expense,Health,5908,NO,NO,UPI,Bangalore
T11566,U119,2024-09-02,Expense,Others,0,NO,NO,BANK TRANSFER,Jaipur
T7549,U127,2021-01-18,Expense,Food,7537,NO,NO,CASH,Lucknow
T13889,U107,2024-05-04,Expense,Travel,3892,NO,NO,UPI,Hyderabad
T7879,U072,2023-01-06,Expense,Entertainment,6176,NO,NO,CASH,Bangalore
T8301,U099,2022-07-21,Expense,Food,45945,NO,NO,CARD,Mumbai
T0412,U143,2021-09-15,Expense,Bonus,14330,NO,NO,BANK TRANSFER,Mumbai
T3481,U072,2024-11-02,Expense,Education,32903,NO,NO,BANK TRANSFER,Mumbai
T6629,U118,2024-08-06,Expense,Utilities,735,NO,NO,CARD,Delhi
T5573,U136,2022-02-15,Expense,Rent,48793,NO,NO,BANK TRANSFER,Kolkata
T11568,U019,2023-01-22,Expense,Food,17355,NO,NO,CARD,Pune
T5982,U112,2023-01-18,Expense,Savings,2370,NO,NO,UPI,Mumbai
T7909,U066,2023-04-11,Expense,Entertainment,5199,NO,NO,UPI,Chennai
T9948,U009,2022-04-25,Expense,Others,6440,NO,NO,BANK TRANSFER,Lucknow
T13732,U135,2024-04-19,Income,Utilities,46790,NO,NO,BANK TRANSFER,Bangalore
T5157,U140,2021-11-11,Expense,Food,6547,NO,NO,BANK TRANSFER,Kolkata
T13169,U141,2021-12-15,Expense,Entertainment,5354,NO,NO,UNKNOWN,Hyderabad
T5442,U091,2022-03-07,Expense,Rent,9282,NO,NO,CARD,Delhi
T6826,U047,2024-01-23,Expense,Travel,5591,NO,NO,UPI,Mumbai
T12068,U089,2024-09-18,Expense,Travel,2077,NO,NO,CARD,Delhi
T1756,U022,2021-07-07,Expense,Travel,4047,NO,NO,CARD,Unknown
T6549,U081,2024-09-27,Expense,Food,999999999,NO,YES,UNKNOWN,Delhi
T13311,U112,2023-12-21,Expense,Education,5808,NO,NO,CASH,Jaipur
T9618,U055,2024-11-03,Expense,Food,9745,NO,NO,UPI,Kolkata
T5605,U087,2021-09-22,Expense,Rent,1651,NO,NO,BANK TRANSFER,Ahmedabad
T8841,U101,2021-01-21,Expense,Travel,1902,NO,NO,BANK TRANSFER,Hyderabad
T5482,U029,2023-05-31,Expense,Travel,7093,NO,NO,BANK TRANSFER,Hyderabad
T5385,U067,2023-01-14,Income,Travel,19423,NO,NO,UNKNOWN,Chennai
T3722,U145,2021-11-02,Expense,Education,8937,NO,NO,CARD,Chennai
T9440,U150,2024-01-06,Expense,Food,7041,NO,NO,CASH,Lucknow
T10913,U096,2022-03-15,Expense,Entertainment,949,NO,NO,CASH,Lucknow
T8840,U137,2021-06-12,Income,Freelance,29816,NO,NO,CARD,Delhi
T6268,U076,2024-01-12,Expense,Bonus,34284,NO,NO,CASH,Unknown
T8762,U039,2024-09-21,Expense,Bonus,2204,NO,NO,UPI,Mumbai
T6974,U080,2023-01-18,Expense,Rent,4505,NO,NO,UPI,Lucknow
T4863,U031,2021-03-13,Income,Savings,25390,NO,NO,UPI,Ahmedabad
T6533,U055,2024-11-06,Expense,Food,3133,NO,NO,BANK TRANSFER,Hyderabad
T6775,U094,2024-03-27,Expense,Misc,13149,NO,NO,CARD,Unknown
T1774,U053,2021-09-15,Expense,Rent,8339,NO,NO,BANK TRANSFER,Unknown
T6463,U067,2023-01-26,Income,Entertainment,43524,NO,NO,UPI,Hyderabad
T0495,U014,2022-07-06,Income,Food,142875,NO,NO,UPI,Kolkata
T7606,U107,2023-08-18,Expense,Food,1377,NO,NO,BANK TRANSFER,Bangalore
T6344,U120,2022-07-11,Expense,Food,0,NO,NO,BANK TRANSFER,Bangalore
T11871,U086,2023-05-09,Expense,Food,-1000,YES,NO,CASH,Hyderabad
T7024,U117,2021-03-07,Expense,Rent,8842,NO,NO,CASH,Jaipur
T1788,U007,2021-07-21,Expense,Food,6696,NO,NO,CARD,Kolkata
T12615,U037,2024-07-26,Expense,Rent,-500,YES,NO,BANK TRANSFER,Delhi
T4811,U025,2023-05-29,Expense,Travel,1892,NO,NO,BANK TRANSFER,Mumbai
T1252,U112,2023-11-19,Expense,Others,8880,NO,NO,CASH,Delhi
T5363,U054,2022-11-26,Expense,Utilities,937,NO,NO,BANK TRANSFER,Chennai
T5086,U142,2023-03-27,Income,Entertainment,64120,NO,NO,CASH,Jaipur
T11273,U045,2023-09-11,Expense,Food,2375,NO,NO,BANK TRANSFER,Unknown
T12276,U104,2021-03-24,Expense,Food,7563,NO,NO,UPI,Pune
T0072,U011,2024-03-16,Expense,Entertainment,7481,NO,NO,CASH,Mumbai
T0297,U025,2021-12-27,Expense,Utilities,1107,NO,NO,CASH,Ahmedabad
T2578,U045,2021-03-13,Expense,Health,9500,NO,NO,BANK TRANSFER,Ahmedabad
T13129,U020,2024-10-07,Expense,Travel,518,NO,NO,BANK TRANSFER,Unknown
T13971,U021,2024-11-05,Expense,Entertainment,8573,NO,NO,CARD,Delhi
T10307,U112,2023-08-31,Expense,Salary,15504,NO,NO,BANK TRANSFER,Bangalore
T3343,U077,2021-02-12,Expense,Entertainment,925,NO,NO,CASH,Bangalore
T9156,U039,2022-04-22,Expense,Entertainment,8291,NO,NO,CARD,Unknown
T7369,U127,2024-06-15,Income,Food,285939,NO,NO,CASH,Mumbai
T10784,U112,2024-11-23,Expense,Salary,3762,NO,NO,BANK TRANSFER,Hyderabad
T1566,U073,2021-11-16,Expense,Food,7998,NO,NO,UPI,Hyderabad
T13691,U074,2023-04-24,Expense,Food,44674,NO,NO,CARD,Kolkata
T3586,U086,2022-04-17,Expense,Travel,999999,NO,YES,BANK TRANSFER,Ahmedabad
T1597,U013,2023-05-03,Expense,Uncategorised,6271,NO,NO,UPI,Mumbai
T13665,U136,2023-12-22,Expense,Others,114,NO,NO,CARD,Hyderabad
T3931,U109,2022-04-19,Income,Travel,12226,NO,NO,BANK TRANSFER,Ahmedabad
T0299,U016,2024-01-30,Expense,Food,4723,NO,NO,BANK TRANSFER,Pune
T12008,U026,2024-11-29,Expense,Others,1239,NO,NO,UPI,Pune
T2447,U110,2023-08-01,Expense,Others,5424,NO,NO,BANK TRANSFER,Bangalore
T10835,U053,2021-06-08,Expense,Travel,335,NO,NO,CARD,Bangalore
T11023,U100,2022-01-30,Expense,Rent,1239,NO,NO,BANK TRANSFER,Bangalore
T11070,U005,2021-04-25,Expense,Food,0,NO,NO,CASH,Ahmedabad
T6243,U030,2024-05-12,Expense,Utilities,6149,NO,NO,CASH,Pune
T5047,U069,2023-05-31,Expense,Utilities,4061,NO,NO,CARD,Kolkata
T10076,U042,2021-08-28,Expense,Utilities,5964,NO,NO,CARD,Jaipur
T4871,U116,2024-05-08,Expense,Rent,3758,NO,NO,CARD,Lucknow
T2170,U092,2021-07-16,Expense,Rent,9322,NO,NO,UPI,Pune
T1497,U054,2022-04-17,Expense,Travel,999999999,NO,YES,BANK TRANSFER,Unknown
T12688,U069,2022-04-07,Expense,Food,39620,NO,NO,CARD,Hyderabad
T1680,U037,2022-07-16,Expense,Rent,5983,NO,NO,BANK TRANSFER,Chennai
T5750,U005,2023-11-06,Expense,Rent,-500,YES,NO,BANK TRANSFER,Pune
T7159,U088,2021-12-27,Expense,Bonus,4678,NO,NO,CASH,Ahmedabad
T1690,U127,2021-11-02,Expense,Food,2012,NO,NO,CARD,Unknown
T2034,U096,2022-02-06,Expense,Others,3618,NO,NO,CARD,Ahmedabad
T7866,U017,2021-12-18,Expense,Entertainment,6511,NO,NO,BANK TRANSFER,Unknown
T0166,U015,2022-03-26,Income,Entertainment,57026,NO,NO,UNKNOWN,Lucknow
T1825,U065,2022-07-15,Expense,Utilities,4725,NO,NO,UNKNOWN,Jaipur
T1492,U047,2021-05-15,Income,Salary,112085,NO,NO,CARD,Chennai
T8255,U132,2023-12-28,Income,Health,57627,NO,NO,CASH,Chennai
T8509,U023,2023-04-06,Expense,Entertainment,1301,NO,NO,CASH,Lucknow
T5541,U150,2024-10-25,Expense,Travel,7036,NO,NO,UPI,Unknown
T5561,U098,2023-08-27,Expense,Salary,7916,NO,NO,UPI,Ahmedabad
T11358,U039,2021-06-27,Expense,Travel,6136,NO,NO,CARD,Chennai
T10995,U032,2023-02-19,Expense,Investment,45912,NO,NO,UPI,Kolkata
T8191,U123,2023-10-12,Expense,Rent,2703,NO,NO,UNKNOWN,Kolkata
T1359,U040,2024-04-30,Expense,Travel,7644,NO,NO,UPI,Ahmedabad
T4659,U080,2023-09-16,Expense,Travel,0,NO,NO,BANK TRANSFER,Jaipur
T7949,U120,2021-08-05,Expense,Travel,7932,NO,NO,BANK TRANSFER,Bangalore
T2494,U099,2023-01-10,Expense,Bonus,4670,NO,NO,CASH,Bangalore
T12542,U044,2024-10-16,Expense,Food,8846,NO,NO,BANK TRANSFER,Lucknow
T9692,U096,2023-10-14,Expense,Misc,9303,NO,NO,UPI,Pune
T7439,U066,2022-05-11,Expense,Rent,46063,NO,NO,UPI,Jaipur
T6651,U102,2023-05-02,Expense,Travel,6737,NO,NO,CARD,Lucknow
T0971,U025,2022-04-05,Expense,Food,1568,NO,NO,CASH,Lucknow
T8869,U102,2021-01-09,Income,Rent,74830,NO,NO,CARD,Lucknow
T13230,U023,2024-09-26,Expense,Health,8903,NO,NO,BANK TRANSFER,Bangalore
T10388,U124,2021-01-08,Expense,Utilities,1663,NO,NO,UNKNOWN,Kolkata
T5836,U137,2021-04-30,Expense,Entertainment,887,NO,NO,UNKNOWN,Ahmedabad
T1172,U051,2022-04-18,Expense,Savings,8766,NO,NO,UPI,Bangalore
T8922,U076,2021-06-26,Expense,Rent,3695,NO,NO,CASH,Bangalore
T6375,U083,2024-04-15,Expense,Bonus,213,NO,NO,BANK TRANSFER,Hyderabad
T1832,U034,2024-05-20,Expense,Utilities,2880,NO,NO,CARD,Pune
T2233,U032,2021-12-01,Expense,Utilities,2593,NO,NO,UPI,Jaipur
T3854,U032,2022-10-16,Expense,Freelance,6895,NO,NO,CASH,Kolkata
T9536,U124,2022-02-10,Expense,Uncategorised,5108,NO,NO,BANK TRANSFER,Chennai
T1593,U085,2022-11-06,Income,Food,740026,NO,YES,CARD,Mumbai
T9835,U063,2024-09-21,Expense,Food,5150,NO,NO,UPI,Jaipur
T5081,U082,2022-05-12,Expense,Education,-1000,YES,NO,CASH,Lucknow
T2860,U068,2024-01-19,Expense,Utilities,3519,NO,NO,UNKNOWN,Bangalore
T9052,U035,2024-07-31,Income,Rent,911154,NO,YES,BANK TRANSFER,Bangalore
T6829,U018,2022-02-13,Expense,Food,703,NO,NO,UPI,Jaipur
T10601,U134,2024-12-08,Expense,Others,2788,NO,NO,BANK TRANSFER,Mumbai
T8780,U070,2021-08-30,Expense,Rent,2002,NO,NO,BANK TRANSFER,Ahmedabad
T1820,U018,2021-02-25,Expense,Others,6686,NO,NO,UPI,Kolkata
T6438,U123,2021-11-02,Expense,Rent,7164,NO,NO,BANK TRANSFER,Bangalore
T8939,U140,2021-05-04,Expense,Rent,4433,NO,NO,UPI,Ahmedabad
T13492,U055,2021-04-03,Expense,Food,1196,NO,NO,CASH,Hyderabad
T11971,U132,2022-02-02,Expense,Food,7238,NO,NO,UPI,Kolkata
T1944,U105,2022-12-01,Expense,Food,1275,NO,NO,CARD,Hyderabad
T9340,U022,2022-08-21,Expense,Food,3503,NO,NO,BANK TRANSFER,Kolkata
T10332,U025,2024-01-14,Expense,Food,7195,NO,NO,UPI,Mumbai
T0150,U016,2023-03-27,Expense,Rent,6690,NO,NO,UPI,Jaipur
T8237,U050,2023-05-16,Expense,Others,2718,NO,NO,UPI,Pune
T9345,U061,2023-09-02,Expense,Travel,5069,NO,NO,UPI,Lucknow
T6199,U150,2021-12-06,Expense,Freelance,7956,NO,NO,CASH,Hyderabad
T4433,U119,2021-02-24,Expense,Bonus,7368,NO,NO,UPI,Bangalore
T8104,U057,2022-01-07,Expense,Rent,4856,NO,NO,UPI,Unknown
T12293,U101,2021-02-25,Expense,Utilities,47775,NO,NO,CASH,Mumbai
T7838,U122,2021-05-24,Expense,Health,4687,NO,NO,CASH,Mumbai
T13239,U066,2024-09-23,Expense,Food,7218,NO,NO,BANK TRANSFER,Delhi
T4144,U059,2022-10-14,Expense,Rent,30161,NO,NO,CARD,Bangalore
T3613,U105,2023-11-19,Expense,Utilities,28443,NO,NO,CARD,Kolkata
T0218,U047,2024-07-03,Income,Rent,48096,NO,NO,CARD,Hyderabad
T12058,U117,2022-09-26,Expense,Utilities,2846,NO,NO,UPI,Bangalore
T1423,U057,2023-10-05,Income,Rent,41149,NO,NO,CASH,Bangalore
T6995,U081,2022-08-06,Expense,Freelance,0,NO,NO,UPI,Bangalore
T12102,U103,2022-10-29,Expense,Utilities,3518,NO,NO,BANK TRANSFER,Unknown
T11601,U073,2021-08-13,Expense,Investment,2585,NO,NO,UPI,Pune
T5720,U073,2023-03-27,Income,Entertainment,10205,NO,NO,UPI,Hyderabad
T7802,U115,2022-09-26,Expense,Travel,5682,NO,NO,CASH,Ahmedabad
T2393,U129,2021-12-10,Expense,Travel,836,NO,NO,BANK TRANSFER,Chennai
T9127,U006,2023-10-19,Expense,Savings,5955,NO,NO,UPI,Pune
T6361,U040,2024-03-05,Income,Education,581306,NO,YES,CASH,Unknown
T3012,U076,2023-08-10,Expense,Food,1964,NO,NO,CASH,Kolkata
T5670,U099,2021-07-30,Income,Rent,28198,NO,NO,CASH,Kolkata
T3894,U080,2021-12-19,Expense,Travel,9664,NO,NO,CARD,Bangalore
T3999,U046,2023-11-05,Expense,Misc,1540,NO,NO,CARD,Lucknow
T1034,U044,2024-02-03,Expense,Rent,2787,NO,NO,CARD,Chennai
T9956,U014,2022-08-13,Expense,Food,4860,NO,NO,CARD,Pune
T1604,U066,2021-11-09,Expense,Bonus,3752,NO,NO,BANK TRANSFER,Delhi
T12945,U102,2024-01-12,Income,Food,57861,NO,NO,BANK TRANSFER,Lucknow
T8930,U047,2021-10-03,Expense,Entertainment,4918,NO,NO,CASH,Chennai
T9513,U087,2024-06-05,Expense,Others,2372,NO,NO,BANK TRANSFER,Pune
T8348,U095,2023-09-03,Expense,Food,10141,NO,NO,CASH,Jaipur
T5826,U047,2021-03-23,Expense,Health,9612,NO,NO,BANK TRANSFER,Chennai
T9805,U032,2022-03-28,Expense,Utilities,515,NO,NO,CASH,Jaipur
T10390,U045,2024-10-09,Expense,Food,4682,NO,NO,UPI,Pune
T6630,U124,2021-10-18,Expense,Food,9178,NO,NO,CARD,Lucknow
T7429,U065,2022-09-08,Expense,Utilities,2168,NO,NO,BANK TRANSFER,Ahmedabad
T9635,U086,2022-05-31,Expense,Travel,6136,NO,NO,CARD,Jaipur
T5830,U144,2022-01-03,Expense,Food,6609,NO,NO,UPI,Chennai
T2797,U090,2024-06-11,Expense,Utilities,2802,NO,NO,UPI,Hyderabad
T0092,U087,2024-02-29,Income,Education,64602,NO,NO,UNKNOWN,Jaipur
T5151,U149,2022-04-26,Expense,Rent,1329,NO,NO,CARD,Bangalore
T10246,U010,2022-08-23,Expense,Investment,0,NO,NO,CASH,Chennai
T1552,U025,2022-09-06,Income,Entertainment,48760,NO,NO,UPI,Pune
T11864,U080,2023-08-11,Expense,Utilities,3603,NO,NO,CARD,Hyderabad
T10177,U138,2023-07-15,Expense,Entertainment,4069,NO,NO,CASH,Kolkata
T0114,U148,2024-09-05,Expense,Food,4320,NO,NO,CARD,Mumbai
T6071,U013,2022-11-21,Expense,Investment,5179,NO,NO,CARD,Delhi
T9289,U061,2021-04-26,Expense,Travel,9305,NO,NO,UPI,Bangalore
T6993,U019,2023-07-31,Expense,Food,18710,NO,NO,CARD,Bangalore
T7846,U142,2024-05-07,Expense,Bonus,8286,NO,NO,CASH,Pune
T6473,U059,2022-11-03,Income,Others,51604,NO,NO,BANK TRANSFER,Lucknow
T11744,U082,2024-02-24,Income,Food,41199,NO,NO,UNKNOWN,Lucknow
T4842,U116,2022-07-08,Expense,Food,5716,NO,NO,CASH,Unknown
T13814,U140,2023-08-22,Income,Food,33082,NO,NO,BANK TRANSFER,Bangalore
T1890,U110,2021-03-13,Expense,Entertainment,21048,NO,NO,UPI,Mumbai
T11923,U010,2023-07-05,Expense,Food,0,NO,NO,CASH,Kolkata
T11498,U105,2021-01-13,Expense,Entertainment,2287,NO,NO,CASH,Lucknow
T10309,U112,2024-09-02,Expense,Travel,9231,NO,NO,UPI,Pune
T6439,U111,2024-04-16,Expense,Rent,2099,NO,NO,BANK TRANSFER,Mumbai
T6279,U030,2024-11-28,Expense,Travel,2461,NO,NO,CARD,Unknown
T6923,U057,2021-07-18,Expense,Rent,999999999,NO,YES,BANK TRANSFER,Chennai
T3052,U026,2024-02-25,Expense,Entertainment,5162,NO,NO,CARD,Chennai
T3064,U037,2021-03-20,Income,Food,44161,NO,NO,CARD,Unknown
T6115,U051,2021-12-10,Expense,Health,1616,NO,NO,UPI,Jaipur
T4160,U036,2023-01-28,Income,Food,32104,NO,NO,CASH,Hyderabad
T2358,U074,2022-03-15,Income,Food,70687,NO,NO,UNKNOWN,Ahmedabad
T9164,U094,2023-12-07,Expense,Food,8582,NO,NO,BANK TRANSFER,Hyderabad
T3630,U052,2024-08-27,Expense,Education,4389,NO,NO,BANK TRANSFER,Chennai
T8862,U140,2021-05-28,Expense,Utilities,6652,NO,NO,CASH,Unknown
T8377,U141,2022-09-22,Expense,Utilities,5133,NO,NO,BANK TRANSFER,Mumbai
T2800,U056,2022-01-05,Expense,Entertainment,46587,NO,NO,UPI,Jaipur
T1460,U125,2022-04-15,Expense,Utilities,9867,NO,NO,UPI,Jaipur
T9095,U044,2022-10-14,Expense,Travel,18297,NO,NO,UPI,Chennai
T1717,U012,2021-10-17,Expense,Investment,7175,NO,NO,BANK TRANSFER,Kolkata
T10529,U129,2024-04-14,Expense,Entertainment,4212,NO,NO,BANK TRANSFER,Hyderabad
T0261,U019,2021-09-06,Income,Education,78969,NO,NO,CARD,Pune
T10042,U004,2021-08-30,Expense,Food,8704,NO,NO,UPI,Lucknow
T3442,U070,2022-07-17,Income,Freelance,17401,NO,NO,BANK TRANSFER,Pune
T12426,U062,2021-10-21,Expense,Rent,7103,NO,NO,CASH,Lucknow
T0295,U090,2021-12-16,Expense,Rent,1852,NO,NO,BANK TRANSFER,Chennai
T7362,U050,2022-08-05,Expense,Health,1052,NO,NO,CASH,Lucknow
T10065,U057,2023-04-01,Expense,Travel,433,NO,NO,BANK TRANSFER,Kolkata
T7182,U094,2021-10-25,Expense,Rent,1312,NO,NO,BANK TRANSFER,Delhi
T9212,U083,2022-08-05,Expense,Utilities,1617,NO,NO,CARD,Jaipur
T5266,U032,2021-01-15,Expense,Entertainment,7973,NO,NO,CASH,Mumbai
T9555,U097,2024-12-13,Expense,Health,4138,NO,NO,UPI,Jaipur
T7543,U098,2022-01-21,Expense,Food,1087,NO,NO,CASH,Bangalore
T11907,U037,2021-12-07,Expense,Food,485,NO,NO,CARD,Chennai
T0610,U135,2024-01-26,Expense,Travel,4541,NO,NO,CARD,Chennai
T2824,U124,2023-07-05,Income,Food,12888,NO,NO,BANK TRANSFER,Hyderabad
T6950,U123,2021-04-14,Expense,Entertainment,1736,NO,NO,UPI,Mumbai
T5397,U009,2023-05-26,Expense,Utilities,8127,NO,NO,CASH,Delhi
T0910,U097,2023-08-01,Income,Rent,65264,NO,NO,BANK TRANSFER,Kolkata
T2883,U118,2022-09-05,Expense,Rent,2736,NO,NO,CARD,Lucknow
T12133,U041,2021-07-06,Expense,Rent,7174,NO,NO,CARD,Unknown
T5394,U055,2021-07-08,Expense,Utilities,5420,NO,NO,BANK TRANSFER,Pune
T2935,U118,2021-03-08,Expense,Food,819,NO,NO,CASH,Hyderabad
T9168,U041,2022-08-05,Expense,Uncategorised,1904,NO,NO,UPI,Mumbai
T5714,U077,2022-03-31,Expense,Savings,5965,NO,NO,CASH,Jaipur
T12625,U094,2024-11-16,Expense,Education,6822,NO,NO,UPI,Mumbai
T11366,U003,2022-04-14,Expense,Education,8157,NO,NO,UPI,Pune
T13303,U022,2021-03-17,Expense,Rent,3876,NO,NO,UNKNOWN,Chennai
T0870,U130,2024-12-26,Expense,Freelance,6428,NO,NO,UNKNOWN,Ahmedabad
T0513,U004,2023-05-03,Expense,Travel,24628,NO,NO,CASH,Mumbai
T9980,U080,2023-07-26,Income,Food,39501,NO,NO,CASH,Bangalore
T2735,U146,2024-03-12,Expense,Savings,2120,NO,NO,BANK TRANSFER,Bangalore
T8531,U110,2024-01-05,Expense,Food,5268,NO,NO,CASH,Pune
T0360,U089,2024-08-27,Expense,Travel,6888,NO,NO,CARD,Jaipur
T0378,U014,2021-03-15,Expense,Salary,8208,NO,NO,BANK TRANSFER,Bangalore
T3003,U014,2023-08-06,Expense,Entertainment,4748,NO,NO,CASH,Unknown
T9889,U135,2021-10-24,Income,Utilities,33185,NO,NO,CARD,Delhi
T11944,U115,2022-06-21,Expense,Salary,2074,NO,NO,BANK TRANSFER,Jaipur
T12079,U119,2021-06-05,Expense,Travel,9634,NO,NO,BANK TRANSFER,Pune
T12160,U129,2021-04-23,Income,Rent,76874,NO,NO,CARD,Chennai
T13612,U015,2021-11-30,Income,Food,28010,NO,NO,UPI,Chennai
T13644,U142,2022-09-16,Expense,Travel,1063,NO,NO,BANK TRANSFER,Chennai
T2767,U031,2021-04-19,Expense,Savings,2817,NO,NO,CARD,Delhi
T5383,U027,2021-01-02,Expense,Travel,3805,NO,NO,CASH,Bangalore
T5120,U075,2021-03-26,Expense,Utilities,3204,NO,NO,CASH,Bangalore
T12917,U007,2021-12-15,Expense,Travel,2821,NO,NO,BANK TRANSFER,Unknown
T0894,U028,2022-06-19,Expense,Entertainment,4776,NO,NO,UNKNOWN,Pune
T1981,U062,2022-05-29,Expense,Investment,4658,NO,NO,CARD,Mumbai
T6854,U078,2022-03-12,Expense,Utilities,4284,NO,NO,BANK TRANSFER,Kolkata
T13728,U003,2024-07-18,Expense,Health,134,NO,NO,BANK TRANSFER,Jaipur
T12945,U009,2024-09-02,Expense,Food,3317,NO,NO,UPI,Lucknow
T12492,U054,2024-10-04,Expense,Rent,9345,NO,NO,CASH,Kolkata
T3785,U104,2021-01-10,Expense,Travel,3602,NO,NO,CARD,Delhi
T11646,U099,2022-09-28,Expense,Rent,3272,NO,NO,CARD,Mumbai
T0016,U145,2021-05-31,Expense,Health,4102,NO,NO,UPI,Jaipur
T0078,U096,2021-07-30,Expense,Utilities,2284,NO,NO,CASH,Hyderabad
T4892,U116,2022-08-12,Expense,Food,690,NO,NO,BANK TRANSFER,Jaipur
T3700,U147,2024-07-19,Expense,Education,8270,NO,NO,BANK TRANSFER,Lucknow
T13646,U076,2021-01-10,Income,Education,50568,NO,NO,UNKNOWN,Pune
T1769,U086,2022-09-21,Expense,Health,2134,NO,NO,UNKNOWN,Chennai
T7427,U036,2021-09-04,Expense,Education,-1000,YES,NO,BANK TRANSFER,Pune
T5958,U032,2024-02-17,Expense,Travel,4156,NO,NO,BANK TRANSFER,Hyderabad
T12966,U021,2023-10-19,Expense,Travel,4347,NO,NO,CARD,Jaipur
T7522,U079,2024-05-05,Expense,Travel,6639,NO,NO,CARD,Hyderabad
T13639,U108,2022-01-26,Income,Food,32559,NO,NO,UNKNOWN,Jaipur
T11871,U086,2023-05-09,Expense,Others,-1000,YES,NO,CASH,Hyderabad
T12135,U004,2024-08-16,Expense,Food,9378,NO,NO,CARD,Mumbai
T0112,U006,2023-08-07,Expense,Utilities,2885,NO,NO,CASH,Pune
T11552,U102,2023-04-06,Income,Bonus,631644,NO,YES,CASH,Pune
T1810,U011,2024-07-21,Expense,Utilities,3257,NO,NO,UPI,Bangalore
T4309,U131,2022-03-17,Expense,Utilities,7766,NO,NO,BANK TRANSFER,Pune
T2670,U083,2022-04-11,Expense,Travel,9527,NO,NO,UPI,Chennai
T13282,U083,2024-07-15,Expense,Education,7593,NO,NO,CASH,Ahmedabad
T2823,U077,2024-01-30,Expense,Food,5394,NO,NO,BANK TRANSFER,Ahmedabad
T4120,U142,2022-04-24,Expense,Travel,5298,NO,NO,BANK TRANSFER,Mumbai
T7851,U054,2023-03-08,Expense,Education,2853,NO,NO,CASH,Delhi
T5681,U024,2023-02-01,Expense,Entertainment,4366,NO,NO,BANK TRANSFER,Delhi
T12691,U013,2023-09-29,Expense,Health,2402,NO,NO,CARD,Mumbai
T3340,U016,2021-07-10,Expense,Food,329,NO,NO,BANK TRANSFER,Hyderabad
T1993,U047,2024-07-10,Expense,Food,9709,NO,NO,BANK TRANSFER,Delhi
T6704,U078,2022-10-01,Expense,Rent,4277,NO,NO,BANK TRANSFER,Unknown
T13000,U018,2024-07-21,Expense,Rent,5304,NO,NO,UNKNOWN,Unknown
T12553,U140,2021-10-09,Expense,Food,242,NO,NO,UPI,Ahmedabad
T0816,U065,2024-05-01,Income,Travel,10833,NO,NO,CARD,Delhi
T3869,U051,2021-08-17,Expense,Utilities,9207,NO,NO,CASH,Mumbai
T3968,U122,2022-06-06,Expense,Food,1513,NO,NO,BANK TRANSFER,Ahmedabad
T2641,U062,2021-01-18,Expense,Utilities,3300,NO,NO,UPI,Ahmedabad
T1342,U075,2024-03-05,Expense,Entertainment,4591,NO,NO,CASH,Pune
T3860,U102,2024-12-15,Expense,Travel,103,NO,NO,CARD,Ahmedabad
T0902,U145,2024-12-19,Expense,Rent,1177,NO,NO,CASH,Lucknow
T1995,U150,2021-11-13,Expense,Travel,530,NO,NO,UPI,Bangalore
T6474,U122,2022-02-21,Expense,Entertainment,2560,NO,NO,CARD,Ahmedabad
T3834,U103,2023-06-20,Expense,Entertainment,3205,NO,NO,UPI,Pune
T11206,U010,2023-08-07,Expense,Entertainment,1996,NO,NO,UPI,Mumbai
T8581,U015,2021-02-16,Income,Others,59364,NO,NO,UPI,Jaipur
T7053,U020,2021-02-01,Expense,Food,7062,NO,NO,CASH,Delhi
T6000,U105,2021-06-15,Expense,Travel,300,NO,NO,UNKNOWN,Ahmedabad
T4294,U103,2021-01-25,Expense,Salary,3252,NO,NO,UPI,Ahmedabad
T6455,U147,2023-03-27,Expense,Uncategorised,113,NO,NO,BANK TRANSFER,Mumbai
T0096,U064,2022-12-07,Expense,Food,849,NO,NO,UPI,Bangalore
T5914,U066,2024-02-29,Income,Others,39221,NO,NO,BANK TRANSFER,Chennai
T0206,U075,2024-10-09,Expense,Freelance,5381,NO,NO,BANK TRANSFER,Pune
T7233,U119,2023-11-02,Expense,Rent,533,NO,NO,UPI,Lucknow
T7250,U129,2021-04-10,Income,Food,18141,NO,NO,UPI,Jaipur
T4463,U050,2023-04-13,Expense,Rent,3465,NO,NO,CARD,Mumbai
T11836,U103,2021-06-23,Expense,Health,2392,NO,NO,CARD,Chennai
T1768,U120,2023-12-12,Expense,Salary,975,NO,NO,UPI,Chennai
T2576,U001,2022-10-22,Expense,Entertainment,4510,NO,NO,BANK TRANSFER,Chennai
T1891,U027,2024-01-08,Expense,Food,3582,NO,NO,UPI,Chennai
T2509,U135,2021-05-19,Expense,Investment,7397,NO,NO,UPI,Ahmedabad
T7873,U084,2023-07-06,Expense,Rent,3269,NO,NO,UPI,Mumbai
T9261,U142,2021-11-11,Expense,Others,7041,NO,NO,BANK TRANSFER,Pune
T5570,U061,2021-06-30,Expense,Utilities,3988,NO,NO,UPI,Bangalore
T3231,U119,2021-08-06,Income,Travel,11310,NO,NO,CARD,Ahmedabad
T13987,U124,2023-09-08,Expense,Rent,8964,NO,NO,UPI,Lucknow
T6044,U037,2023-10-12,Expense,Rent,4632,NO,NO,UPI,Kolkata
T1558,U043,2022-02-25,Expense,Food,8521,NO,NO,CASH,Lucknow
T4494,U077,2023-07-25,Expense,Utilities,1568,NO,NO,CARD,Pune
T7725,U008,2021-04-18,Expense,Food,6162,NO,NO,BANK TRANSFER,Hyderabad
T3298,U038,2022-10-08,Expense,Rent,0,NO,NO,CARD,Unknown
T3031,U054,2024-12-16,Expense,Education,2402,NO,NO,UPI,Chennai
T0202,U122,2023-01-15,Expense,Travel,0,NO,NO,UPI,Mumbai
T4051,U059,2024-11-27,Expense,Travel,6738,NO,NO,UPI,Kolkata
T13249,U061,2023-07-09,Expense,Food,839,NO,NO,BANK TRANSFER,Kolkata
T1111,U040,2022-12-28,Expense,Entertainment,4333,NO,NO,BANK TRANSFER,Hyderabad
T12003,U078,2022-05-24,Expense,Others,8486,NO,NO,UPI,Hyderabad
T7928,U040,2024-12-24,Expense,Utilities,9805,NO,NO,CARD,Kolkata
T5013,U049,2021-02-11,Expense,Entertainment,5866,NO,NO,CARD,Delhi
T9903,U033,2022-08-02,Expense,Rent,9382,NO,NO,BANK TRANSFER,Ahmedabad
T7201,U079,2024-04-17,Expense,Travel,785,NO,NO,BANK TRANSFER,Chennai
T12011,U118,2023-11-20,Expense,Entertainment,3896,NO,NO,CASH,Jaipur
T0391,U107,2021-08-28,Income,Food,35192,NO,NO,CARD,Hyderabad
T9752,U070,2021-12-07,Expense,Utilities,6664,NO,NO,UPI,Delhi
T2688,U109,2022-06-09,Expense,Travel,4605,NO,NO,CASH,Lucknow
T6977,U017,2024-06-28,Expense,Rent,150,NO,NO,CASH,Ahmedabad
T5761,U057,2021-04-04,Income,Food,69376,NO,NO,CASH,Bangalore
T0666,U058,2022-10-31,Expense,Food,9551,NO,NO,CARD,Unknown
T11630,U083,2023-02-15,Expense,Food,8104,NO,NO,CASH,Lucknow
T3868,U023,2023-12-30,Expense,Food,3567,NO,NO,UPI,Hyderabad
T2084,U001,2024-08-01,Expense,Entertainment,295,NO,NO,CASH,Hyderabad
T6086,U113,2023-10-13,Expense,Food,8311,NO,NO,UPI,Hyderabad
T8554,U140,2024-07-30,Expense,Rent,9632,NO,NO,UPI,Lucknow
T6264,U056,2023-08-04,Expense,Health,4029,NO,NO,UPI,Kolkata
T11215,U058,2024-01-12,Expense,Travel,7782,NO,NO,BANK TRANSFER,Hyderabad
T5100,U056,2024-10-17,Expense,Health,610,NO,NO,CASH,Lucknow
T7595,U061,2024-06-13,Expense,Education,2594,NO,NO,CARD,Mumbai
T13123,U100,2024-09-21,Expense,Health,0,NO,NO,CASH,Bangalore
T5249,U148,2022-05-24,Expense,Travel,2890,NO,NO,UPI,Ahmedabad
T1753,U040,2022-05-19,Expense,Travel,32851,NO,NO,UNKNOWN,Pune
T3941,U139,2024-10-06,Expense,Bonus,1477,NO,NO,BANK TRANSFER,Lucknow
T10646,U114,2021-06-02,Expense,Rent,2424,NO,NO,UPI,Pune
T9927,U089,2021-03-31,Expense,Rent,7494,NO,NO,BANK TRANSFER,Bangalore
T13970,U052,2021-07-29,Expense,Travel,2329,NO,NO,UPI,Hyderabad
T4607,U143,2021-02-01,Expense,Utilities,150,NO,NO,UPI,Bangalore
T13053,U091,2024-06-04,Expense,Travel,643,NO,NO,UPI,Lucknow
T9188,U141,2023-06-22,Expense,Salary,3041,NO,NO,BANK TRANSFER,Mumbai
T7701,U120,2024-10-30,Expense,Education,9692,NO,NO,UPI,Bangalore
T8007,U132,2024-12-24,Expense,Utilities,4421,NO,NO,UPI,Pune
T10359,U119,2022-02-16,Expense,Food,3301,NO,NO,BANK TRANSFER,Lucknow
T13166,U043,2023-02-13,Expense,Freelance,2660,NO,NO,CASH,Bangalore
T12463,U106,2021-06-02,Expense,Uncategorised,8580,NO,NO,CASH,Jaipur
T1501,U035,2021-06-02,Income,Others,10101,NO,NO,UPI,Mumbai
T7324,U081,2023-09-25,Expense,Travel,3862,NO,NO,UNKNOWN,Pune
T13110,U106,2021-05-12,Expense,Utilities,5308,NO,NO,UPI,Jaipur
T11649,U021,2024-02-21,Income,Utilities,10082,NO,NO,CASH,Kolkata
T12017,U003,2024-06-06,Expense,Food,1623,NO,NO,BANK TRANSFER,Chennai
T9382,U015,2023-12-24,Expense,Rent,4299,NO,NO,UPI,Bangalore
T0606,U101,2024-05-25,Expense,Travel,7618,NO,NO,BANK TRANSFER,Delhi
T3035,U113,2023-03-24,Income,Education,42808,NO,NO,CASH,Delhi
T7181,U036,2024-04-11,Expense,Investment,6377,NO,NO,CASH,Pune
T1223,U029,2023-03-09,Expense,Food,2949,NO,NO,UPI,Ahmedabad
T3607,U046,2021-07-29,Expense,Rent,34952,NO,NO,CASH,Ahmedabad
T0182,U051,2023-08-09,Expense,Food,8108,NO,NO,UPI,Kolkata
T5017,U127,2023-11-03,Income,Food,36037,NO,NO,UPI,Ahmedabad
T7952,U032,2023-02-02,Expense,Rent,4691,NO,NO,CARD,Jaipur
T2670,U082,2023-05-19,Expense,Utilities,8143,NO,NO,CARD,Hyderabad
T11388,U058,2024-11-09,Income,Food,68676,NO,NO,CARD,Delhi
T1615,U119,2023-05-02,Expense,Uncategorised,2008,NO,NO,CARD,Chennai
T1437,U041,2023-05-04,Income,Rent,61829,NO,NO,CASH,Delhi
T0181,U096,2023-11-22,Expense,Salary,8689,NO,NO,CARD,Ahmedabad
T8279,U092,2024-04-04,Expense,Health,2221,NO,NO,BANK TRANSFER,Bangalore
T6730,U066,2021-03-04,Expense,Others,7426,NO,NO,CASH,Chennai
T0225,U036,2022-04-17,Expense,Food,9963,NO,NO,UPI,Ahmedabad
T9943,U064,2023-10-13,Expense,Rent,9185,NO,NO,CARD,Bangalore
T13184,U037,2024-05-20,Expense,Education,1113,NO,NO,CASH,Bangalore
T6427,U050,2022-03-24,Expense,Entertainment,1880,NO,NO,CASH,Unknown
T6806,U097,2024-08-23,Expense,Salary,2396,NO,NO,UPI,Lucknow
T5418,U080,2022-12-10,Expense,Salary,37626,NO,NO,CASH,Ahmedabad
T10105,U142,2021-11-15,Expense,Travel,0,NO,NO,BANK TRANSFER,Hyderabad
T7775,U049,2024-11-24,Expense,Rent,999999,NO,YES,CARD,Pune
T9377,U076,2024-07-26,Expense,Travel,9328,NO,NO,UNKNOWN,Chennai
T12974,U127,2021-12-29,Expense,Utilities,6588,NO,NO,BANK TRANSFER,Jaipur
T6795,U136,2024-07-12,Expense,Travel,8525,NO,NO,CARD,Chennai
T13204,U055,2024-12-05,Expense,Education,6148,NO,NO,UPI,Lucknow
T2193,U063,2023-02-09,Expense,Rent,3012,NO,NO,UNKNOWN,Mumbai
T5491,U028,2023-09-26,Expense,Travel,5476,NO,NO,CARD,Hyderabad
T2428,U027,2023-11-09,Expense,Travel,9671,NO,NO,CASH,Chennai
T10547,U116,2024-11-02,Expense,Food,7856,NO,NO,UPI,Kolkata
T12122,U044,2022-03-22,Expense,Education,1488,NO,NO,CARD,Mumbai
T13306,U063,2023-11-16,Expense,Entertainment,3093,NO,NO,CARD,Delhi
T12877,U063,2021-08-09,Expense,Food,3616,NO,NO,BANK TRANSFER,Lucknow
T2898,U017,2023-04-12,Expense,Entertainment,2074,NO,NO,UPI,Kolkata
T5638,U036,2024-05-15,Expense,Food,5087,NO,NO,CARD,Lucknow
T4058,U108,2021-03-29,Expense,Utilities,722,NO,NO,BANK TRANSFER,Ahmedabad
T4808,U141,2021-05-03,Expense,Travel,391,NO,NO,CASH,Pune
T4568,U008,2022-12-22,Expense,Travel,335,NO,NO,CARD,Hyderabad
T12975,U140,2023-01-22,Expense,Entertainment,3554,NO,NO,BANK TRANSFER,Ahmedabad
T7765,U041,2021-06-23,Expense,Rent,3909,NO,NO,CASH,Hyderabad
T2268,U093,2023-07-08,Expense,Salary,2278,NO,NO,CARD,Ahmedabad
T8999,U142,2022-02-18,Expense,Food,1575,NO,NO,UNKNOWN,Pune
T2851,U144,2021-11-21,Expense,Education,18845,NO,NO,CARD,Lucknow
T10283,U123,2023-10-12,Expense,Education,3952,NO,NO,CARD,Hyderabad
T10499,U024,2023-03-16,Expense,Education,9268,NO,NO,UNKNOWN,Bangalore
T7733,U135,2022-02-04,Expense,Savings,895,NO,NO,CARD,Mumbai
T3498,U143,2021-02-28,Expense,Education,2303,NO,NO,CARD,Unknown
T12559,U027,2024-09-12,Expense,Food,999999999,NO,YES,CASH,Delhi
T10448,U051,2021-06-25,Expense,Travel,6404,NO,NO,CASH,Bangalore
T13063,U113,2023-04-16,Expense,Freelance,4099,NO,NO,CASH,Lucknow
T4743,U036,2021-05-10,Expense,Entertainment,6946,NO,NO,BANK TRANSFER,Kolkata
T3969,U112,2023-12-08,Income,Rent,62765,NO,NO,UNKNOWN,Jaipur
T6849,U014,2023-08-18,Expense,Entertainment,8035,NO,NO,CARD,Pune
T10991,U089,2024-08-11,Expense,Others,6630,NO,NO,BANK TRANSFER,Mumbai
T7672,U017,2024-08-08,Expense,Investment,7971,NO,NO,BANK TRANSFER,Pune
T3051,U026,2021-08-21,Expense,Travel,9760,NO,NO,CASH,Delhi
T5837,U077,2021-03-02,Expense,Savings,8850,NO,NO,UPI,Chennai
T4018,U069,2021-09-19,Income,Education,71443,NO,NO,CARD,Bangalore
T10401,U092,2024-01-02,Expense,Education,7181,NO,NO,CASH,Mumbai
T6420,U113,2022-01-01,Expense,Education,361,NO,NO,UPI,Hyderabad
T0858,U138,2021-07-29,Expense,Food,9047,NO,NO,BANK TRANSFER,Chennai
T8632,U130,2024-08-15,Income,Utilities,60879,NO,NO,CARD,Lucknow
T10380,U055,2023-12-25,Expense,Entertainment,5051,NO,NO,UPI,Hyderabad
T6036,U134,2021-05-16,Expense,Travel,9963,NO,NO,CARD,Delhi
T1678,U105,2024-01-14,Expense,Bonus,9140,NO,NO,UPI,Hyderabad
T6395,U067,2023-03-23,Expense,Rent,6739,NO,NO,UPI,Kolkata
T0259,U083,2023-12-08,Expense,Utilities,3410,NO,NO,UNKNOWN,Pune
T2502,U028,2022-05-15,Expense,Rent,8549,NO,NO,UPI,Pune
T4489,U046,2022-01-05,Expense,Food,39738,NO,NO,UPI,Unknown
T7165,U090,2023-08-11,Expense,Food,9618,NO,NO,UNKNOWN,Unknown
T8623,U088,2022-12-02,Expense,Entertainment,0,NO,NO,UPI,Chennai
T1631,U136,2023-01-23,Income,Entertainment,12814,NO,NO,UPI,Lucknow
T13280,U059,2024-06-29,Expense,Uncategorised,2797,NO,NO,CASH,Ahmedabad
T9224,U080,2022-05-09,Expense,Travel,835,NO,NO,CARD,Unknown
T7685,U043,2023-07-18,Expense,Investment,9756,NO,NO,CARD,Jaipur
T9494,U142,2022-12-18,Expense,Food,8248,NO,NO,BANK TRANSFER,Mumbai
T2728,U117,2021-11-22,Expense,Investment,4659,NO,NO,BANK TRANSFER,Ahmedabad
T8920,U115,2024-04-23,Expense,Rent,5230,NO,NO,UPI,Ahmedabad
T1062,U033,2021-08-16,Expense,Education,7681,NO,NO,CASH,Jaipur
T2312,U106,2024-11-05,Expense,Utilities,4166,NO,NO,CARD,Chennai
T2910,U045,2021-06-01,Expense,Rent,5785,NO,NO,BANK TRANSFER,Hyderabad
T12975,U068,2024-03-22,Expense,Food,39335,NO,NO,CARD,Jaipur
T12571,U139,2021-10-26,Income,Utilities,72736,NO,NO,CASH,Hyderabad
T3718,U148,2024-03-21,Expense,Food,2035,NO,NO,CASH,Unknown
T10911,U029,2023-09-28,Income,Utilities,22567,NO,NO,CARD,Unknown
T10794,U041,2023-06-16,Expense,Travel,3576,NO,NO,BANK TRANSFER,Chennai
T10995,U032,2023-02-19,Expense,Travel,45912,NO,NO,UPI,Kolkata
T7478,U039,2023-01-17,Expense,Health,4000,NO,NO,UPI,Lucknow
T8464,U095,2024-11-10,Expense,Rent,308,NO,NO,CASH,Unknown
T9960,U085,2023-11-01,Income,Utilities,681983,NO,YES,UNKNOWN,Pune
T3279,U127,2023-08-08,Income,Savings,15344,NO,NO,BANK TRANSFER,Mumbai
T12905,U057,2024-10-07,Expense,Savings,5008,NO,NO,CASH,Mumbai
T12805,U038,2021-04-04,Expense,Utilities,1456,NO,NO,BANK TRANSFER,Kolkata
T2167,U088,2022-12-07,Expense,Food,8786,NO,NO,CASH,Mumbai
T1132,U043,2021-09-06,Expense,Rent,4679,NO,NO,UNKNOWN,Bangalore
T7301,U008,2024-06-30,Expense,Utilities,2092,NO,NO,BANK TRANSFER,Bangalore
T10421,U104,2023-05-31,Expense,Rent,4602,NO,NO,CASH,Hyderabad
T11504,U091,2021-11-28,Expense,Food,10901,NO,NO,CARD,Chennai
T6982,U017,2024-05-22,Expense,Utilities,9518,NO,NO,CASH,Hyderabad
T3549,U086,2022-05-06,Expense,Rent,1593,NO,NO,UPI,Jaipur
T8897,U073,2021-01-31,Expense,Food,7020,NO,NO,UPI,Jaipur
T0621,U083,2024-06-02,Expense,Travel,1003,NO,NO,UPI,Mumbai
T1207,U113,2022-04-30,Expense,Savings,865,NO,NO,UNKNOWN,Mumbai
T12563,U136,2021-07-31,Expense,Education,2496,NO,NO,CASH,Jaipur
T12861,U144,2023-01-03,Expense,Travel,5531,NO,NO,UPI,Bangalore
T11111,U101,2022-05-14,Expense,Food,2906,NO,NO,CASH,Delhi
T10972,U009,2022-05-11,Expense,Rent,999999,NO,YES,UPI,Ahmedabad
T7279,U036,2021-06-19,Expense,Travel,2883,NO,NO,BANK TRANSFER,Kolkata
T10305,U140,2023-07-24,Expense,Food,3215,NO,NO,BANK TRANSFER,Ahmedabad
T5023,U093,2021-07-30,Expense,Uncategorised,-500,YES,NO,CARD,Bangalore
T6758,U129,2021-03-14,Expense,Others,43584,NO,NO,CASH,Unknown
T5829,U071,2023-09-05,Income,Rent,26163,NO,NO,CASH,Kolkata
T4473,U003,2023-03-19,Expense,Rent,3914,NO,NO,UPI,Kolkata
T0597,U084,2022-11-18,Expense,Others,5257,NO,NO,UPI,Mumbai
T1511,U009,2021-03-16,Expense,Entertainment,8226,NO,NO,BANK TRANSFER,Delhi
T10287,U043,2024-08-14,Expense,Food,5149,NO,NO,CARD,Delhi
T7243,U055,2022-08-24,Expense,Rent,3958,NO,NO,BANK TRANSFER,Unknown
T3907,U017,2024-04-06,Expense,Rent,594,NO,NO,CASH,Lucknow
T5367,U011,2022-10-28,Expense,Health,8149,NO,NO,UNKNOWN,Delhi
T6757,U130,2024-12-22,Expense,Travel,970,NO,NO,CASH,Chennai
T7342,U145,2021-02-02,Expense,Food,1378,NO,NO,BANK TRANSFER,Ahmedabad
T2138,U072,2022-08-14,Income,Bonus,39903,NO,NO,BANK TRANSFER,Hyderabad
T11832,U064,2024-08-05,Expense,Travel,5493,NO,NO,CARD,Pune
T5102,U011,2021-03-17,Expense,Travel,1474,NO,NO,BANK TRANSFER,Delhi
T12762,U036,2022-01-19,Expense,Food,4009,NO,NO,CARD,Delhi
T3819,U083,2023-12-18,Expense,Entertainment,4050,NO,NO,UPI,Bangalore
T2164,U084,2024-02-14,Income,Savings,65886,NO,NO,UNKNOWN,Pune
T1687,U008,2024-08-01,Expense,Rent,7728,NO,NO,CARD,Unknown
T6885,U100,2021-03-07,Expense,Utilities,1346,NO,NO,BANK TRANSFER,Mumbai
T4954,U145,2022-11-11,Expense,Investment,6386,NO,NO,UPI,Lucknow
T7998,U119,2021-01-24,Expense,Food,7472,NO,NO,CARD,Unknown
T8960,U116,2024-09-26,Expense,Rent,4293,NO,NO,CARD,Delhi
T11666,U065,2023-09-27,Expense,Rent,4956,NO,NO,CASH,Kolkata
T1613,U010,2024-09-13,Expense,Bonus,540,NO,NO,UPI,Chennai
T9668,U068,2021-09-27,Expense,Food,9021,NO,NO,BANK TRANSFER,Hyderabad
T4119,U006,2023-02-07,Expense,Food,5721,NO,NO,CASH,Unknown
T2053,U147,2021-10-23,Expense,Travel,5345,NO,NO,CASH,Bangalore
T13365,U140,2024-11-15,Income,Rent,63063,NO,NO,CARD,Chennai
T6788,U114,2024-03-31,Expense,Utilities,7678,NO,NO,BANK TRANSFER,Kolkata
T11870,U004,2021-06-27,Expense,Food,4923,NO,NO,CASH,Bangalore
T10118,U041,2024-10-04,Expense,Others,-1000,YES,NO,UPI,Delhi
T13150,U040,2021-09-29,Expense,Rent,3819,NO,NO,BANK TRANSFER,Ahmedabad
T9810,U103,2024-06-08,Expense,Rent,1775,NO,NO,CARD,Jaipur
T2151,U066,2021-06-10,Expense,Investment,999999,NO,YES,UPI,Jaipur
T6753,U142,2022-07-05,Expense,Food,7835,NO,NO,UPI,Chennai
T8615,U086,2023-07-26,Expense,Food,1024,NO,NO,CARD,Hyderabad
T6321,U055,2024-02-04,Expense,Food,4478,NO,NO,UPI,Chennai
T1434,U062,2023-12-16,Income,Food,12067,NO,NO,BANK TRANSFER,Pune
T6448,U087,2024-08-15,Expense,Food,7933,NO,NO,CASH,Jaipur
T10065,U016,2023-10-05,Income,Food,55222,NO,NO,UPI,Ahmedabad
T7168,U041,2023-03-31,Expense,Food,9201,NO,NO,CASH,Delhi
T2314,U063,2023-05-14,Expense,Food,2842,NO,NO,CASH,Bangalore
T8633,U061,2022-04-12,Expense,Travel,8273,NO,NO,CASH,Kolkata
T6006,U005,2021-03-12,Expense,Food,6317,NO,NO,CARD,Hyderabad
T6051,U123,2022-07-05,Expense,Rent,2761,NO,NO,UNKNOWN,Bangalore
T1367,U103,2023-02-21,Expense,Food,8200,NO,NO,BANK TRANSFER,Mumbai
T1265,U132,2024-11-23,Expense,Savings,3159,NO,NO,CASH,Lucknow
T11994,U119,2023-07-14,Expense,Rent,445,NO,NO,UNKNOWN,Ahmedabad
T0262,U148,2023-07-29,Expense,Uncategorised,8368,NO,NO,BANK TRANSFER,Jaipur
T1098,U141,2024-11-08,Expense,Savings,8406,NO,NO,BANK TRANSFER,Kolkata
T0524,U047,2023-03-24,Expense,Education,8067,NO,NO,BANK TRANSFER,Ahmedabad
T3397,U121,2024-01-25,Expense,Others,28555,NO,NO,BANK TRANSFER,Chennai
T2643,U094,2023-04-23,Expense,Health,1517,NO,NO,BANK TRANSFER,Ahmedabad
T10711,U128,2021-04-27,Expense,Utilities,1323,NO,NO,UPI,Unknown
T11962,U136,2022-06-16,Expense,Entertainment,6042,NO,NO,CARD,Pune
T2238,U093,2022-04-04,Expense,Food,3830,NO,NO,BANK TRANSFER,Delhi
T10273,U096,2024-10-20,Expense,Food,2669,NO,NO,UNKNOWN,Unknown
T2202,U150,2022-04-09,Expense,Bonus,49196,NO,NO,BANK TRANSFER,Chennai
T10473,U147,2022-11-24,Expense,Entertainment,7454,NO,NO,CASH,Hyderabad
T10522,U115,2023-02-26,Expense,Food,0,NO,NO,CASH,Kolkata
T9450,U101,2023-05-24,Expense,Others,5890,NO,NO,UNKNOWN,Kolkata
T6918,U106,2023-01-12,Expense,Salary,3686,NO,NO,UPI,Pune
T9099,U144,2024-05-01,Expense,Travel,4235,NO,NO,BANK TRANSFER,Ahmedabad
T12926,U052,2023-05-16,Expense,Freelance,4995,NO,NO,CARD,Jaipur
T2771,U080,2023-08-10,Expense,Food,3721,NO,NO,CASH,Pune
T11451,U080,2024-06-14,Expense,Education,0,NO,NO,UNKNOWN,Ahmedabad
T5643,U104,2021-11-03,Expense,Rent,3205,NO,NO,BANK TRANSFER,Hyderabad
T8435,U092,2024-08-21,Expense,Rent,6871,NO,NO,BANK TRANSFER,Mumbai
T13840,U106,2023-04-10,Expense,Education,1829,NO,NO,CASH,Kolkata
T1164,U131,2021-01-04,Expense,Health,9915,NO,NO,BANK TRANSFER,Jaipur
T1023,U090,2022-10-04,Expense,Entertainment,3076,NO,NO,UPI,Bangalore
T4877,U035,2023-10-28,Expense,Education,5149,NO,NO,BANK TRANSFER,Kolkata
T8121,U046,2022-06-04,Expense,Others,5957,NO,NO,CARD,Jaipur
T4972,U144,2022-06-09,Expense,Others,1885,NO,NO,CASH,Jaipur
T5130,U075,2021-09-10,Expense,Rent,46896,NO,NO,UPI,Delhi
T13258,U068,2022-11-19,Expense,Travel,999999,NO,YES,UNKNOWN,Chennai
T11604,U089,2022-06-08,Expense,Food,0,NO,NO,UPI,Pune
T4689,U052,2024-01-21,Expense,Rent,7844,NO,NO,BANK TRANSFER,Jaipur
T13923,U033,2021-12-19,Expense,Utilities,6171,NO,NO,CASH,Delhi
T2907,U113,2024-10-24,Expense,Travel,6295,NO,NO,CASH,Ahmedabad
T13430,U050,2023-04-15,Expense,Food,3265,NO,NO,UNKNOWN,Ahmedabad
T1310,U014,2022-01-20,Expense,Education,3625,NO,NO,CASH,Hyderabad
T9802,U081,2022-01-07,Expense,Food,0,NO,NO,CARD,Ahmedabad
T11724,U100,2021-04-19,Income,Travel,66794,NO,NO,CASH,Ahmedabad
T4781,U133,2023-06-03,Expense,Savings,4280,NO,NO,BANK TRANSFER,Unknown
T3176,U083,2021-11-14,Expense,Utilities,7632,NO,NO,CASH,Chennai
T10590,U096,2021-12-25,Expense,Utilities,0,NO,NO,CASH,Ahmedabad
T13485,U056,2021-10-12,Expense,Uncategorised,8587,NO,NO,UPI,Delhi
T5448,U026,2023-02-02,Expense,Food,6766,NO,NO,BANK TRANSFER,Kolkata
T10370,U066,2024-11-13,Expense,Entertainment,403,NO,NO,UPI,Hyderabad
T9653,U049,2022-11-14,Expense,Rent,659,NO,NO,BANK TRANSFER,Chennai
T6303,U059,2024-06-30,Income,Food,35392,NO,NO,CARD,Delhi
T12509,U061,2024-10-10,Expense,Rent,3401,NO,NO,CARD,Kolkata
T7216,U032,2023-08-21,Expense,Rent,2986,NO,NO,UPI,Unknown
T2565,U119,2021-04-25,Expense,Food,478,NO,NO,BANK TRANSFER,Jaipur
T6524,U021,2021-04-26,Income,Utilities,70383,NO,NO,CASH,Pune
T4455,U091,2021-09-12,Expense,Food,2625,NO,NO,BANK TRANSFER,Ahmedabad
T5182,U122,2021-12-22,Expense,Travel,1806,NO,NO,CASH,Pune
T2160,U094,2022-06-03,Expense,Rent,7230,NO,NO,CASH,Pune
T11796,U110,2022-09-28,Expense,Others,6888,NO,NO,UPI,Unknown
T2918,U072,2023-08-02,Expense,Bonus,7362,NO,NO,CASH,Jaipur
T6694,U125,2021-03-04,Expense,Health,4641,NO,NO,CARD,Mumbai
T4800,U065,2024-05-18,Income,Health,68733,NO,NO,CASH,Kolkata
T13400,U053,2023-02-03,Expense,Travel,35289,NO,NO,CARD,Pune
T12731,U081,2024-09-10,Expense,Savings,43283,NO,NO,UNKNOWN,Hyderabad
T3065,U101,2024-07-14,Income,Rent,24516,NO,NO,BANK TRANSFER,Bangalore
T1579,U070,2023-03-28,Expense,Bonus,4387,NO,NO,UNKNOWN,Ahmedabad
T8424,U056,2024-06-01,Expense,Travel,4313,NO,NO,UNKNOWN,Delhi
T4464,U009,2022-04-24,Expense,Rent,-500,YES,NO,UPI,Mumbai
T11495,U056,2024-07-07,Expense,Freelance,348,NO,NO,UPI,Hyderabad
T4934,U022,2022-11-02,Expense,Rent,5125,NO,NO,CASH,Jaipur
T10253,U090,2023-08-01,Expense,Rent,4199,NO,NO,CARD,Chennai
T1154,U005,2021-03-08,Expense,Rent,917,NO,NO,CASH,Jaipur
T0011,U106,2022-05-24,Expense,Travel,1872,NO,NO,CARD,Unknown
T0733,U001,2024-06-25,Expense,Rent,5247,NO,NO,CARD,Kolkata
T7247,U120,2022-12-11,Expense,Misc,828,NO,NO,CASH,Kolkata
T8354,U067,2023-07-04,Expense,Health,532,NO,NO,UPI,Bangalore
T0808,U019,2021-09-30,Expense,Entertainment,957,NO,NO,CARD,Delhi
T13654,U081,2022-11-15,Expense,Travel,2323,NO,NO,CASH,Jaipur
T7178,U130,2021-05-28,Expense,Rent,9056,NO,NO,CARD,Kolkata
T10003,U073,2024-03-30,Expense,Salary,6523,NO,NO,CASH,Kolkata
T11792,U007,2021-12-16,Expense,Food,7769,NO,NO,CASH,Lucknow
T2126,U087,2022-05-03,Expense,Education,8214,NO,NO,CARD,Kolkata
T2691,U100,2023-12-16,Expense,Food,6047,NO,NO,UPI,Kolkata
T1262,U144,2024-11-12,Expense,Food,2624,NO,NO,BANK TRANSFER,Bangalore
T6477,U060,2024-02-03,Expense,Food,2455,NO,NO,UPI,Kolkata
T11202,U117,2023-01-11,Expense,Rent,779,NO,NO,CASH,Kolkata
T1112,U020,2023-06-16,Expense,Food,2827,NO,NO,CASH,Ahmedabad
T6692,U100,2021-03-08,Expense,Entertainment,10000,NO,NO,CASH,Pune
T11243,U100,2021-07-01,Expense,Rent,9806,NO,NO,CARD,Pune
T11525,U072,2021-10-04,Expense,Utilities,2105,NO,NO,CASH,Lucknow
T3302,U133,2024-01-16,Income,Savings,0,NO,NO,BANK TRANSFER,Lucknow
T3207,U068,2022-08-10,Expense,Rent,1782,NO,NO,CARD,Mumbai
T5507,U126,2023-06-10,Expense,Travel,1689,NO,NO,CARD,Pune
T10259,U002,2022-07-10,Income,Others,0,NO,NO,UPI,Hyderabad
T4652,U075,2023-06-01,Income,Food,25111,NO,NO,CASH,Jaipur
T11573,U100,2022-08-08,Expense,Education,9049,NO,NO,BANK TRANSFER,Bangalore
T6553,U124,2023-09-18,Income,Rent,37098,NO,NO,UPI,Bangalore
T4329,U052,2021-02-23,Expense,Savings,189,NO,NO,CARD,Unknown
T0474,U122,2021-04-18,Expense,Education,6719,NO,NO,UPI,Pune
T3429,U120,2021-05-05,Expense,Utilities,5108,NO,NO,CARD,Pune
T8143,U006,2023-03-24,Expense,Others,4109,NO,NO,CASH,Bangalore
T4651,U010,2021-08-14,Expense,Health,5002,NO,NO,UPI,Delhi
T5367,U029,2023-01-16,Expense,Rent,9092,NO,NO,CASH,Bangalore
T8639,U022,2021-06-09,Expense,Food,701,NO,NO,UPI,Kolkata
T8386,U014,2022-02-27,Expense,Education,7122,NO,NO,UPI,Lucknow
T8832,U039,2021-08-04,Expense,Investment,4606,NO,NO,UPI,Bangalore
T12082,U002,2021-01-26,Income,Others,65556,NO,NO,UPI,Pune
T10858,U051,2023-06-19,Expense,Food,3864,NO,NO,BANK TRANSFER,Unknown
T11421,U070,2024-08-08,Expense,Health,2779,NO,NO,CARD,Chennai
T11658,U083,2022-10-27,Expense,Entertainment,5958,NO,NO,CARD,Mumbai
T13148,U121,2022-09-08,Expense,Rent,4391,NO,NO,UPI,Ahmedabad
T6895,U057,2022-06-12,Expense,Utilities,21486,NO,NO,BANK TRANSFER,Chennai
T1489,U079,2023-11-28,Expense,Entertainment,868,NO,NO,CASH,Ahmedabad
T12746,U138,2022-12-22,Expense,Entertainment,7727,NO,NO,UPI,Mumbai
T13087,U041,2023-06-12,Expense,Rent,2775,NO,NO,UPI,Pune
T10514,U039,2022-09-11,Expense,Food,639,NO,NO,CASH,Ahmedabad
T13368,U020,2024-05-16,Expense,Entertainment,7279,NO,NO,CARD,Mumbai
T10334,U072,2021-07-19,Expense,Others,3038,NO,NO,CARD,Hyderabad
T7402,U045,2023-08-12,Expense,Education,3948,NO,NO,CASH,Bangalore
T6723,U138,2023-03-28,Expense,Food,2149,NO,NO,CASH,Hyderabad
T12505,U142,2022-09-22,Expense,Food,2186,NO,NO,CASH,Chennai
T7497,U084,2024-04-16,Expense,Rent,779,NO,NO,UNKNOWN,Chennai
T6916,U010,2023-03-25,Expense,Travel,4719,NO,NO,CARD,Mumbai
T11385,U122,2021-09-05,Expense,Utilities,9678,NO,NO,BANK TRANSFER,Bangalore
T2404,U094,2024-09-11,Expense,Investment,4127,NO,NO,CARD,Unknown
T0207,U007,2021-04-19,Expense,Food,2102,NO,NO,CARD,Unknown
T7632,U130,2022-10-04,Expense,Food,47161,NO,NO,BANK TRANSFER,Ahmedabad
T9471,U146,2022-11-03,Expense,Utilities,35442,NO,NO,CASH,Kolkata
T1569,U139,2024-05-09,Expense,Salary,5878,NO,NO,UPI,Hyderabad
T10503,U012,2024-04-19,Expense,Food,3227,NO,NO,CARD,Ahmedabad
T13349,U120,2024-09-09,Expense,Education,5243,NO,NO,BANK TRANSFER,Ahmedabad
T6986,U076,2023-08-16,Expense,Education,9124,NO,NO,CARD,Hyderabad
T4752,U115,2024-06-22,Expense,Rent,3197,NO,NO,BANK TRANSFER,Jaipur
T10046,U142,2023-06-26,Income,Food,51504,NO,NO,CARD,Hyderabad
T5464,U148,2021-03-04,Income,Others,70676,NO,NO,UPI,Pune
T4331,U011,2021-10-18,Expense,Savings,210,NO,NO,UNKNOWN,Delhi
T5539,U077,2021-04-22,Expense,Education,2222,NO,NO,CASH,Unknown
T9349,U110,2022-07-26,Expense,Food,5013,NO,NO,BANK TRANSFER,Jaipur
T5906,U096,2023-08-06,Expense,Freelance,1032,NO,NO,CASH,Lucknow
T9894,U090,2022-04-24,Expense,Rent,7250,NO,NO,CARD,Unknown
T11183,U116,2021-07-29,Income,Food,78729,NO,NO,UPI,Ahmedabad
T4111,U027,2021-08-12,Expense,Freelance,3380,NO,NO,UPI,Ahmedabad
T8040,U008,2024-05-11,Expense,Utilities,2709,NO,NO,CASH,Pune
T6798,U054,2024-02-18,Income,Rent,19605,NO,NO,BANK TRANSFER,Hyderabad
T4944,U022,2022-08-01,Expense,Entertainment,37578,NO,NO,UPI,Bangalore
T10764,U125,2022-06-03,Expense,Food,4234,NO,NO,BANK TRANSFER,Chennai
T4317,U014,2021-09-30,Expense,Entertainment,20078,NO,NO,BANK TRANSFER,Jaipur
T7480,U115,2023-02-03,Expense,Investment,4840,NO,NO,UPI,Kolkata
T8122,U028,2021-10-01,Expense,Rent,16638,NO,NO,BANK TRANSFER,Lucknow
T13226,U008,2023-03-11,Expense,Utilities,3989,NO,NO,CARD,Mumbai
T10921,U132,2022-09-17,Expense,Utilities,5277,NO,NO,CARD,Unknown
T6634,U128,2022-08-05,Expense,Utilities,4736,NO,NO,UNKNOWN,Jaipur
T2762,U001,2022-07-27,Expense,Travel,2898,NO,NO,CASH,Kolkata
T5842,U078,2021-03-24,Expense,Rent,26136,NO,NO,CARD,Kolkata
T12307,U038,2021-02-22,Income,Rent,26623,NO,NO,CARD,Jaipur
T10758,U021,2022-04-06,Expense,Investment,999999999,NO,YES,BANK TRANSFER,Unknown
T11961,U115,2021-04-24,Expense,Utilities,1185,NO,NO,CASH,Bangalore
T4405,U045,2024-08-06,Expense,Utilities,4930,NO,NO,UPI,Bangalore
T4325,U036,2023-08-15,Expense,Food,9606,NO,NO,UPI,Hyderabad
T13623,U101,2024-12-31,Expense,Entertainment,3103,NO,NO,UPI,Chennai
T6414,U137,2022-04-03,Expense,Entertainment,7902,NO,NO,BANK TRANSFER,Mumbai
T9947,U124,2022-03-16,Expense,Travel,4577,NO,NO,CARD,Delhi
T13610,U063,2022-01-26,Expense,Food,4415,NO,NO,BANK TRANSFER,Mumbai
T13508,U009,2024-04-06,Expense,Rent,3700,NO,NO,BANK TRANSFER,Mumbai
T7982,U012,2024-12-26,Expense,Travel,1152,NO,NO,UPI,Kolkata
T3267,U032,2021-09-18,Expense,Utilities,997,NO,NO,BANK TRANSFER,Chennai
T12614,U131,2022-11-24,Expense,Others,3148,NO,NO,UPI,Pune
T5724,U140,2022-12-19,Expense,Travel,5900,NO,NO,CARD,Jaipur
T2792,U113,2024-07-21,Expense,Bonus,7292,NO,NO,CASH,Bangalore
T11620,U149,2022-05-29,Expense,Education,4955,NO,NO,CARD,Chennai
T5606,U091,2023-07-27,Expense,Health,505,NO,NO,CARD,Hyderabad
T0329,U094,2021-08-16,Expense,Health,9255,NO,NO,CARD,Delhi
T0045,U128,2021-04-16,Expense,Rent,8041,NO,NO,CARD,Mumbai
T6011,U143,2022-01-04,Expense,Food,8962,NO,NO,UPI,Mumbai
T1930,U049,2024-11-17,Expense,Investment,6401,NO,NO,CARD,Hyderabad
T5532,U100,2022-11-29,Expense,Travel,9946,NO,NO,BANK TRANSFER,Kolkata
T6004,U140,2024-05-26,Income,Health,77459,NO,NO,CARD,Lucknow
T4393,U018,2021-05-25,Expense,Others,1494,NO,NO,UNKNOWN,Delhi
T11345,U080,2024-03-20,Expense,Travel,6327,NO,NO,CASH,Bangalore
T12680,U104,2024-12-05,Expense,Food,4852,NO,NO,UPI,Jaipur
T4224,U113,2024-10-23,Expense,Investment,2352,NO,NO,CASH,Delhi
T12665,U140,2022-05-15,Expense,Education,1830,NO,NO,CARD,Kolkata
T4923,U047,2021-02-28,Income,Travel,42752,NO,NO,BANK TRANSFER,Chennai
T11224,U014,2022-11-22,Income,Education,28060,NO,NO,BANK TRANSFER,Mumbai
T4977,U100,2024-05-29,Expense,Utilities,3309,NO,NO,UPI,Kolkata
T11790,U045,2024-03-02,Expense,Travel,5801,NO,NO,CARD,Hyderabad
T0288,U010,2023-09-14,Expense,Others,6882,NO,NO,UPI,Hyderabad
T7051,U145,2023-05-24,Expense,Education,3517,NO,NO,UPI,Kolkata
T13257,U148,2021-05-24,Expense,Utilities,9263,NO,NO,UNKNOWN,Hyderabad
T6677,U063,2024-09-04,Expense,Utilities,7853,NO,NO,CARD,Mumbai
T1334,U110,2021-07-21,Expense,Education,8991,NO,NO,BANK TRANSFER,Hyderabad
T2573,U025,2024-08-05,Expense,Freelance,40794,NO,NO,CARD,Kolkata
T13630,U023,2023-12-15,Expense,Food,1741,NO,NO,UPI,Delhi
T4728,U119,2021-10-12,Expense,Utilities,2892,NO,NO,CASH,Bangalore
T13878,U008,2023-08-05,Expense,Food,6281,NO,NO,CARD,Bangalore
T1408,U090,2021-03-05,Expense,Investment,7636,NO,NO,BANK TRANSFER,Lucknow
T2485,U013,2021-05-17,Expense,Education,9422,NO,NO,UPI,Mumbai
T1127,U001,2024-01-24,Expense,Entertainment,6863,NO,NO,UNKNOWN,Unknown
T9989,U135,2022-08-29,Expense,Travel,7471,NO,NO,UPI,Lucknow
T3222,U113,2021-05-22,Expense,Rent,4747,NO,NO,CARD,Chennai
T1430,U099,2021-11-17,Expense,Rent,8177,NO,NO,BANK TRANSFER,Delhi
T4526,U022,2021-06-19,Income,Food,48442,NO,NO,CASH,Ahmedabad
T7011,U069,2024-12-24,Expense,Freelance,4060,NO,NO,CASH,Pune
T3060,U084,2024-02-01,Expense,Utilities,1049,NO,NO,CARD,Jaipur
T0697,U098,2021-11-10,Expense,Bonus,4228,NO,NO,CARD,Delhi
T9268,U009,2021-09-05,Income,Food,31801,NO,NO,UPI,Pune
T10593,U022,2021-03-15,Expense,Entertainment,493,NO,NO,CARD,Unknown
T1747,U063,2022-06-28,Expense,Food,7462,NO,NO,UPI,Jaipur
T8821,U078,2023-02-17,Expense,Food,1443,NO,NO,CARD,Hyderabad
T13062,U127,2022-12-30,Expense,Food,34096,NO,NO,CASH,Bangalore
T5438,U128,2021-01-13,Expense,Bonus,3785,NO,NO,CASH,Bangalore
T13898,U113,2021-08-12,Expense,Food,2278,NO,NO,UPI,Hyderabad
T9403,U090,2022-04-29,Expense,Food,0,NO,NO,BANK TRANSFER,Mumbai
T3865,U044,2023-10-13,Expense,Salary,2272,NO,NO,CASH,Chennai
T3338,U025,2023-05-22,Expense,Utilities,2595,NO,NO,CASH,Ahmedabad
T8582,U099,2022-08-02,Income,Rent,34663,NO,NO,CARD,Chennai
T2764,U096,2021-03-23,Expense,Food,6618,NO,NO,CASH,Hyderabad
T0784,U040,2024-11-29,Expense,Health,5000,NO,NO,CASH,Mumbai
T8918,U106,2022-12-21,Income,Others,184818,NO,NO,UPI,Pune
T11533,U012,2022-06-28,Expense,Travel,9710,NO,NO,CASH,Lucknow
T3801,U052,2024-01-16,Expense,Food,8847,NO,NO,CASH,Kolkata
T1280,U143,2021-01-27,Expense,Education,9783,NO,NO,CASH,Lucknow
T11883,U118,2023-06-13,Expense,Uncategorised,2172,NO,NO,UPI,Unknown
T7532,U080,2023-02-16,Expense,Utilities,2644,NO,NO,BANK TRANSFER,Ahmedabad
T2880,U093,2024-01-23,Income,Food,66981,NO,NO,CASH,Bangalore
T12324,U056,2023-03-17,Expense,Utilities,771,NO,NO,CARD,Lucknow
T9365,U146,2024-08-23,Expense,Food,1529,NO,NO,CASH,Hyderabad
T10521,U031,2022-07-30,Expense,Travel,7006,NO,NO,CARD,Unknown
T6142,U076,2024-04-28,Expense,Utilities,1272,NO,NO,UPI,Lucknow
T12140,U126,2023-09-21,Expense,Entertainment,5708,NO,NO,UPI,Delhi
T3153,U029,2022-04-04,Expense,Education,4444,NO,NO,UPI,Unknown
T3688,U149,2024-12-06,Expense,Education,8827,NO,NO,CARD,Mumbai
T5295,U100,2023-05-15,Income,Entertainment,39046,NO,NO,CASH,Bangalore
T5362,U050,2021-03-18,Expense,Rent,8845,NO,NO,CARD,Lucknow
T3739,U098,2024-09-27,Expense,Uncategorised,5617,NO,NO,CASH,Mumbai
T4170,U148,2024-09-21,Expense,Rent,2460,NO,NO,CARD,Ahmedabad
T10043,U074,2021-01-06,Expense,Food,9504,NO,NO,CASH,Lucknow
T13379,U076,2023-06-22,Expense,Bonus,3729,NO,NO,UNKNOWN,Lucknow
T12033,U129,2023-10-12,Expense,Travel,8846,NO,NO,BANK TRANSFER,Hyderabad
T10653,U132,2021-08-10,Expense,Rent,1269,NO,NO,BANK TRANSFER,Unknown
T2099,U113,2021-05-28,Expense,Food,1785,NO,NO,CARD,Bangalore
T12544,U149,2021-03-18,Expense,Education,500,NO,NO,BANK TRANSFER,Delhi
T7875,U091,2024-01-18,Expense,Education,8372,NO,NO,BANK TRANSFER,Pune
T7913,U133,2021-10-06,Expense,Food,5400,NO,NO,BANK TRANSFER,Bangalore
T0571,U060,2022-04-30,Income,Others,18437,NO,NO,CASH,Hyderabad
T0719,U039,2024-10-01,Expense,Food,999999999,NO,YES,UPI,Jaipur
T5556,U005,2024-07-25,Expense,Freelance,691,NO,NO,CARD,Hyderabad
T0371,U051,2023-01-23,Income,Health,39977,NO,NO,CARD,Bangalore
T0731,U148,2024-12-01,Expense,Travel,3983,NO,NO,CASH,Delhi
T3460,U056,2021-11-04,Expense,Travel,5100,NO,NO,BANK TRANSFER,Unknown
T5710,U111,2023-01-24,Expense,Food,9718,NO,NO,BANK TRANSFER,Pune
T2463,U136,2023-07-10,Expense,Others,9477,NO,NO,UNKNOWN,Kolkata
T5726,U054,2023-04-01,Expense,Food,945,NO,NO,CARD,Mumbai
T9160,U077,2023-06-29,Income,Utilities,816014,NO,YES,UPI,Bangalore
T0877,U109,2022-01-09,Expense,Entertainment,6376,NO,NO,CARD,Chennai
T12871,U058,2024-07-22,Expense,Food,7961,NO,NO,BANK TRANSFER,Delhi
T3211,U070,2021-08-02,Income,Utilities,14888,NO,NO,BANK TRANSFER,Delhi
T1263,U122,2024-08-05,Expense,Investment,9062,NO,NO,UPI,Jaipur
T12134,U133,2023-02-15,Expense,Rent,3834,NO,NO,BANK TRANSFER,Bangalore
T8021,U065,2021-10-31,Income,Bonus,21531,NO,NO,CASH,Pune
T5236,U039,2024-09-06,Expense,Rent,128,NO,NO,BANK TRANSFER,Jaipur
T13704,U111,2022-06-10,Expense,Food,4935,NO,NO,CASH,Delhi
T5892,U137,2023-10-04,Expense,Entertainment,0,NO,NO,UNKNOWN,Kolkata
T0047,U071,2023-04-30,Expense,Food,4991,NO,NO,CARD,Hyderabad
T2895,U033,2024-01-12,Expense,Entertainment,1374,NO,NO,UNKNOWN,Kolkata
T4234,U085,2024-12-09,Expense,Travel,8431,NO,NO,CASH,Pune
T4435,U009,2024-01-31,Expense,Health,5425,NO,NO,BANK TRANSFER,Kolkata
T4280,U066,2022-11-26,Expense,Rent,8928,NO,NO,CASH,Bangalore
T4287,U070,2022-01-02,Expense,Food,6261,NO,NO,BANK TRANSFER,Chennai
T2084,U001,2024-08-01,Expense,Travel,295,NO,NO,CASH,Hyderabad
T8608,U075,2022-05-03,Income,Salary,50354,NO,NO,CASH,Lucknow
T2501,U036,2023-09-19,Expense,Freelance,2911,NO,NO,CARD,Unknown
T3835,U131,2023-03-11,Expense,Education,5869,NO,NO,CARD,Kolkata
T0046,U030,2021-08-29,Expense,Food,4579,NO,NO,BANK TRANSFER,Chennai
T6067,U016,2021-08-05,Income,Food,37428,NO,NO,CARD,Delhi
T4843,U066,2023-07-22,Expense,Rent,8855,NO,NO,CASH,Hyderabad
T1871,U048,2021-10-03,Expense,Food,-1000,YES,NO,UPI,Kolkata
T5603,U022,2021-09-19,Expense,Utilities,7085,NO,NO,UNKNOWN,Delhi
T12282,U034,2022-09-06,Expense,Utilities,24131,NO,NO,CASH,Delhi
T10472,U110,2022-07-12,Expense,Travel,20256,NO,NO,CARD,Hyderabad
T11526,U024,2023-07-18,Expense,Entertainment,1505,NO,NO,UNKNOWN,Mumbai
T0972,U041,2023-12-24,Income,Others,46163,NO,NO,CARD,Chennai
T0577,U095,2022-12-04,Expense,Travel,0,NO,NO,CASH,Chennai
T12644,U122,2024-05-04,Income,Investment,75893,NO,NO,BANK TRANSFER,Hyderabad
T8240,U032,2024-11-26,Expense,Utilities,999999,NO,YES,CARD,Chennai
T12357,U021,2024-09-14,Expense,Utilities,5593,NO,NO,UPI,Delhi
T1000,U080,2021-07-02,Expense,Bonus,653,NO,NO,UNKNOWN,Hyderabad
T11532,U093,2021-01-23,Expense,Rent,-1000,YES,NO,CARD,Ahmedabad
T1837,U032,2022-07-26,Expense,Food,3437,NO,NO,UPI,Delhi
T6655,U075,2024-03-01,Expense,Investment,2412,NO,NO,UPI,Hyderabad
T0212,U003,2022-12-10,Income,Food,436526,NO,NO,CASH,Kolkata
T1225,U072,2021-02-05,Expense,Investment,3654,NO,NO,BANK TRANSFER,Delhi
T11142,U085,2024-09-23,Expense,Education,1515,NO,NO,BANK TRANSFER,Chennai
T5639,U017,2021-03-14,Income,Travel,62348,NO,NO,CARD,Hyderabad
T8507,U010,2023-11-23,Expense,Food,2817,NO,NO,CASH,Jaipur
T6968,U120,2021-11-03,Expense,Utilities,31703,NO,NO,CARD,Lucknow
T12773,U081,2023-10-31,Expense,Education,1354,NO,NO,UPI,Kolkata
T1689,U042,2022-06-12,Expense,Food,5547,NO,NO,UPI,Kolkata
T7413,U034,2022-07-26,Income,Rent,34969,NO,NO,UPI,Pune
T7553,U095,2023-06-18,Expense,Rent,9391,NO,NO,CASH,Unknown
T6890,U001,2023-02-08,Expense,Rent,3885,NO,NO,BANK TRANSFER,Kolkata
T5287,U015,2021-01-27,Expense,Food,9258,NO,NO,CARD,Kolkata
T1998,U121,2021-10-31,Expense,Utilities,9835,NO,NO,CARD,Lucknow
T0388,U102,2021-06-29,Expense,Rent,3183,NO,NO,CARD,Jaipur
T13650,U141,2022-03-14,Expense,Food,7194,NO,NO,CASH,Mumbai
T2724,U104,2021-06-22,Expense,Education,6695,NO,NO,CARD,Unknown
T8521,U120,2024-02-07,Expense,Salary,3018,NO,NO,CASH,Bangalore
T10720,U053,2021-07-28,Expense,Investment,5111,NO,NO,CARD,Ahmedabad
T4352,U116,2022-03-06,Expense,Investment,3562,NO,NO,CARD,Bangalore
T12387,U007,2021-01-11,Expense,Investment,5111,NO,NO,CARD,Lucknow
T5063,U041,2021-11-23,Expense,Travel,4604,NO,NO,BANK TRANSFER,Jaipur
T11318,U071,2024-07-31,Expense,Others,3275,NO,NO,BANK TRANSFER,Bangalore
T9088,U055,2021-07-14,Expense,Entertainment,6864,NO,NO,BANK TRANSFER,Hyderabad
T7586,U149,2022-01-11,Expense,Rent,9509,NO,NO,CARD,Kolkata
T6709,U067,2023-12-21,Expense,Bonus,38973,NO,NO,UPI,Delhi
T1139,U028,2024-11-16,Expense,Food,3538,NO,NO,CASH,Mumbai
T0692,U113,2022-03-19,Expense,Bonus,33767,NO,NO,BANK TRANSFER,Lucknow
T10739,U146,2021-01-20,Expense,Utilities,8808,NO,NO,CASH,Pune
T13974,U050,2022-07-09,Income,Investment,77428,NO,NO,CASH,Chennai
T6495,U071,2023-01-12,Expense,Entertainment,1581,NO,NO,CASH,Kolkata
T11669,U043,2023-09-18,Expense,Entertainment,4038,NO,NO,CARD,Pune
T7517,U082,2024-04-06,Expense,Rent,4766,NO,NO,CARD,Ahmedabad
T6136,U092,2021-03-01,Expense,Investment,5726,NO,NO,CARD,Kolkata
T2644,U056,2024-11-27,Expense,Travel,4664,NO,NO,UPI,Ahmedabad
T2449,U067,2024-05-12,Expense,Savings,3315,NO,NO,CARD,Ahmedabad
T13825,U148,2022-09-01,Income,Investment,66873,NO,NO,BANK TRANSFER,Delhi
T9084,U048,2024-11-28,Expense,Freelance,3381,NO,NO,UPI,Kolkata
T12329,U052,2023-09-16,Income,Food,20825,NO,NO,BANK TRANSFER,Jaipur
T10912,U009,2022-06-23,Expense,Utilities,0,NO,NO,BANK TRANSFER,Ahmedabad
T0598,U097,2022-03-27,Expense,Rent,4730,NO,NO,CARD,Ahmedabad
T10272,U124,2024-09-05,Expense,Salary,614,NO,NO,CARD,Jaipur
T2554,U001,2023-03-21,Expense,Entertainment,-500,YES,NO,UPI,Mumbai
T2097,U101,2021-12-04,Expense,Health,0,NO,NO,UPI,Kolkata
T3457,U003,2023-01-20,Expense,Travel,1986,NO,NO,BANK TRANSFER,Unknown
T2008,U006,2021-09-10,Expense,Education,1664,NO,NO,UNKNOWN,Kolkata
T6132,U115,2021-12-30,Expense,Food,2556,NO,NO,CASH,Jaipur
T6019,U026,2022-01-12,Expense,Food,5591,NO,NO,CARD,Chennai
T2712,U075,2022-09-01,Income,Rent,39709,NO,NO,CASH,Delhi
T11559,U116,2023-05-09,Expense,Education,2988,NO,NO,BANK TRANSFER,Lucknow
T3970,U042,2024-03-13,Income,Travel,47834,NO,NO,BANK TRANSFER,Bangalore
T11727,U081,2024-04-22,Expense,Food,16728,NO,NO,UNKNOWN,Bangalore
T4962,U085,2024-12-18,Income,Food,28632,NO,NO,BANK TRANSFER,Jaipur
T12893,U144,2021-09-01,Expense,Rent,5959,NO,NO,BANK TRANSFER,Hyderabad
T8786,U019,2023-01-08,Expense,Food,1673,NO,NO,UPI,Lucknow
T5715,U069,2022-09-24,Expense,Food,3440,NO,NO,BANK TRANSFER,Jaipur
T8704,U118,2021-04-14,Expense,Rent,3418,NO,NO,UNKNOWN,Mumbai
T4647,U062,2021-06-03,Expense,Freelance,8875,NO,NO,CASH,Lucknow
T6927,U015,2023-08-19,Expense,Education,1211,NO,NO,CARD,Lucknow
T7038,U080,2024-06-23,Expense,Investment,7057,NO,NO,CASH,Kolkata
T0792,U146,2022-01-12,Expense,Investment,5581,NO,NO,BANK TRANSFER,Bangalore
T9033,U017,2024-05-19,Expense,Entertainment,2373,NO,NO,BANK TRANSFER,Kolkata
T6778,U024,2024-08-21,Expense,Food,9988,NO,NO,CARD,Pune
T13619,U032,2022-12-11,Income,Food,71355,NO,NO,CARD,Hyderabad
T8781,U049,2022-03-14,Income,Food,63489,NO,NO,CARD,Jaipur
T9651,U002,2024-11-18,Expense,Rent,4778,NO,NO,CARD,Pune
T2969,U145,2024-01-11,Expense,Others,838,NO,NO,CASH,Kolkata
T8731,U023,2023-08-25,Expense,Travel,885,NO,NO,CASH,Bangalore
T4806,U066,2022-09-13,Expense,Utilities,983,NO,NO,UNKNOWN,Bangalore
T6665,U097,2022-07-13,Expense,Uncategorised,8422,NO,NO,UPI,Unknown
T2168,U079,2024-04-01,Expense,Rent,7181,NO,NO,UPI,Mumbai
T1307,U014,2022-02-21,Expense,Food,2459,NO,NO,CARD,Kolkata
T7768,U140,2023-06-13,Expense,Freelance,4324,NO,NO,UPI,Kolkata
T12600,U077,2022-03-05,Expense,Travel,5609,NO,NO,UPI,Mumbai
T10387,U034,2023-11-16,Expense,Education,8801,NO,NO,BANK TRANSFER,Pune
T12435,U040,2024-04-23,Income,Food,63482,NO,NO,UPI,Lucknow
T6144,U127,2023-11-13,Expense,Savings,4892,NO,NO,BANK TRANSFER,Delhi
T7470,U111,2022-11-02,Income,Education,30247,NO,NO,BANK TRANSFER,Pune
T4420,U052,2024-12-04,Expense,Investment,7493,NO,NO,UNKNOWN,Bangalore
T0354,U139,2024-01-13,Income,Travel,68997,NO,NO,BANK TRANSFER,Unknown
T10377,U013,2024-06-28,Expense,Entertainment,661,NO,NO,BANK TRANSFER,Unknown
T2470,U046,2021-05-05,Income,Education,65615,NO,NO,CASH,Pune
T6801,U118,2023-08-14,Expense,Investment,14532,NO,NO,UPI,Ahmedabad
T0985,U147,2021-10-09,Expense,Bonus,4099,NO,NO,CARD,Hyderabad
T2659,U133,2022-10-19,Income,Others,24380,NO,NO,UPI,Chennai
T5443,U044,2023-05-28,Expense,Travel,6167,NO,NO,CASH,Hyderabad
T2396,U135,2024-09-24,Income,Rent,70327,NO,NO,CASH,Delhi
T8769,U138,2022-05-07,Expense,Bonus,117,NO,NO,CARD,Jaipur
T12179,U042,2023-04-13,Expense,Health,5205,NO,NO,BANK TRANSFER,Pune
T1117,U038,2021-01-10,Expense,Salary,4331,NO,NO,CARD,Chennai
T11771,U057,2022-09-06,Expense,Travel,7756,NO,NO,BANK TRANSFER,Chennai
T11677,U016,2022-02-27,Expense,Health,1515,NO,NO,BANK TRANSFER,Ahmedabad
T4859,U110,2023-06-08,Expense,Travel,5624,NO,NO,BANK TRANSFER,Lucknow
T6022,U041,2021-11-01,Expense,Salary,5282,NO,NO,CARD,Chennai
T4235,U004,2024-04-22,Expense,Rent,4983,NO,NO,UPI,Kolkata
T10121,U139,2021-09-12,Expense,Entertainment,1558,NO,NO,BANK TRANSFER,Unknown
T3110,U118,2024-12-20,Expense,Travel,3335,NO,NO,UPI,Lucknow
T2446,U077,2021-08-06,Expense,Investment,6326,NO,NO,BANK TRANSFER,Delhi
T11256,U081,2022-11-24,Expense,Bonus,1046,NO,NO,BANK TRANSFER,Mumbai
T12323,U097,2022-03-09,Expense,Food,-500,YES,NO,CARD,Jaipur
T8403,U116,2021-02-22,Expense,Uncategorised,7996,NO,NO,BANK TRANSFER,Hyderabad
T2480,U077,2022-01-10,Income,Entertainment,35426,NO,NO,BANK TRANSFER,Mumbai
T2846,U022,2022-11-01,Income,Utilities,49543,NO,NO,BANK TRANSFER,Chennai
T4353,U126,2021-08-10,Income,Utilities,40241,NO,NO,CARD,Lucknow
T11824,U068,2022-05-17,Income,Bonus,75740,NO,NO,CASH,Mumbai
T7619,U077,2022-07-04,Expense,Travel,2747,NO,NO,CARD,Delhi
T8110,U090,2021-10-16,Expense,Travel,6009,NO,NO,CASH,Delhi
T5396,U094,2023-04-11,Expense,Others,5114,NO,NO,CARD,Delhi
T13893,U145,2021-05-31,Expense,Food,8098,NO,NO,CARD,Jaipur
T0740,U052,2022-06-09,Expense,Travel,999999999,NO,YES,BANK TRANSFER,Mumbai
T0188,U085,2024-04-14,Income,Travel,71894,NO,NO,BANK TRANSFER,Mumbai
T5698,U085,2022-05-10,Expense,Salary,2142,NO,NO,UPI,Hyderabad
T7945,U010,2023-07-29,Income,Food,71916,NO,NO,UPI,Jaipur
T4488,U133,2022-03-11,Expense,Travel,2140,NO,NO,UPI,Ahmedabad
T8801,U051,2021-09-06,Income,Travel,66005,NO,NO,CARD,Chennai
T11654,U014,2023-03-30,Income,Food,58050,NO,NO,CASH,Lucknow
T11580,U066,2022-10-21,Expense,Entertainment,794,NO,NO,BANK TRANSFER,Unknown
T8056,U143,2023-01-12,Expense,Savings,4205,NO,NO,CASH,Lucknow
T9480,U023,2024-11-15,Expense,Salary,30227,NO,NO,CARD,Jaipur
T8885,U078,2024-09-30,Income,Entertainment,27598,NO,NO,UPI,Mumbai
T6253,U039,2024-11-08,Expense,Health,222,NO,NO,UPI,Kolkata
T8989,U109,2022-03-14,Expense,Food,4225,NO,NO,CARD,Hyderabad
T0005,U081,2021-05-16,Income,Food,70142,NO,NO,UPI,Pune
T10828,U148,2021-08-23,Income,Savings,75155,NO,NO,UPI,Jaipur
T10946,U049,2022-06-29,Expense,Investment,4248,NO,NO,UPI,Kolkata
T10057,U150,2024-04-06,Expense,Rent,4705,NO,NO,CARD,Ahmedabad
T4724,U071,2023-05-18,Expense,Travel,9048,NO,NO,CARD,Jaipur
T4414,U139,2022-10-17,Expense,Food,9554,NO,NO,CARD,Kolkata
T8985,U147,2022-02-13,Income,Rent,28546,NO,NO,CASH,Unknown
T0757,U079,2024-05-13,Expense,Utilities,7376,NO,NO,BANK TRANSFER,Kolkata
T4262,U133,2024-06-30,Expense,Education,0,NO,NO,UPI,Delhi
T3971,U119,2023-12-31,Expense,Investment,5606,NO,NO,CARD,Mumbai
T8439,U053,2023-02-22,Expense,Freelance,8991,NO,NO,BANK TRANSFER,Pune
T1084,U009,2021-12-18,Expense,Bonus,8444,NO,NO,CARD,Kolkata
T13347,U022,2024-05-11,Expense,Travel,1648,NO,NO,UPI,Ahmedabad
T3209,U143,2021-11-12,Expense,Uncategorised,812,NO,NO,CARD,Kolkata
T9897,U022,2023-11-25,Expense,Rent,6391,NO,NO,BANK TRANSFER,Mumbai
T0866,U148,2021-03-20,Expense,Utilities,3151,NO,NO,UPI,Hyderabad
T3663,U094,2021-02-01,Expense,Rent,6657,NO,NO,UNKNOWN,Jaipur
T1397,U138,2022-10-11,Expense,Rent,4043,NO,NO,BANK TRANSFER,Kolkata
T13504,U087,2021-02-24,Expense,Rent,1417,NO,NO,UPI,Pune
T12148,U050,2023-09-18,Expense,Freelance,3178,NO,NO,CASH,Hyderabad
T5359,U043,2024-11-12,Expense,Entertainment,44120,NO,NO,CARD,Kolkata
T10419,U129,2023-11-06,Expense,Food,4990,NO,NO,BANK TRANSFER,Chennai
T1586,U118,2024-09-08,Expense,Food,4220,NO,NO,CASH,Hyderabad
T8738,U041,2024-04-22,Expense,Utilities,122,NO,NO,CASH,Delhi
T10257,U037,2024-05-27,Income,Entertainment,41869,NO,NO,BANK TRANSFER,Kolkata
T9338,U149,2024-10-05,Expense,Rent,5306,NO,NO,CARD,Hyderabad
T5546,U022,2021-09-13,Income,Utilities,36470,NO,NO,UPI,Unknown
T3223,U068,2021-03-14,Income,Utilities,717851,NO,YES,CASH,Unknown
T2410,U107,2022-02-28,Expense,Food,6506,NO,NO,CASH,Jaipur
T13500,U128,2022-03-21,Expense,Bonus,3124,NO,NO,BANK TRANSFER,Ahmedabad
T2902,U150,2024-01-30,Expense,Travel,1776,NO,NO,UNKNOWN,Jaipur
T6960,U003,2024-10-08,Expense,Health,6437,NO,NO,UPI,Hyderabad
T12154,U065,2021-04-07,Expense,Food,9188,NO,NO,UNKNOWN,Chennai
T11271,U010,2023-12-18,Expense,Entertainment,999999,NO,YES,CARD,Jaipur
T4571,U059,2024-02-23,Expense,Investment,8870,NO,NO,CARD,Hyderabad
T3693,U146,2022-10-12,Expense,Rent,1464,NO,NO,UPI,Delhi
T5825,U117,2021-12-03,Expense,Health,999999,NO,YES,BANK TRANSFER,Chennai
T12256,U024,2021-06-29,Expense,Others,35836,NO,NO,BANK TRANSFER,Chennai
T9077,U110,2022-06-25,Expense,Travel,2346,NO,NO,BANK TRANSFER,Ahmedabad
T13617,U037,2023-12-18,Expense,Rent,5993,NO,NO,BANK TRANSFER,Bangalore
T8360,U100,2021-12-31,Income,Rent,68432,NO,NO,BANK TRANSFER,Hyderabad
T9439,U115,2022-05-10,Expense,Uncategorised,0,NO,NO,CASH,Pune
T4099,U077,2023-05-30,Expense,Entertainment,2114,NO,NO,CARD,Unknown
T9242,U110,2022-08-25,Expense,Travel,1087,NO,NO,BANK TRANSFER,Chennai
T5473,U027,2022-07-21,Expense,Entertainment,3541,NO,NO,CASH,Kolkata
T10122,U058,2023-02-12,Expense,Education,4567,NO,NO,BANK TRANSFER,Chennai
T8455,U147,2023-12-15,Income,Food,61446,NO,NO,UPI,Delhi
T13796,U135,2021-02-26,Expense,Travel,498,NO,NO,UPI,Bangalore
T3662,U068,2022-09-25,Expense,Food,9419,NO,NO,CARD,Chennai
T11132,U023,2024-08-14,Expense,Travel,4183,NO,NO,BANK TRANSFER,Mumbai
T6973,U062,2022-04-14,Income,Entertainment,43138,NO,NO,UPI,Ahmedabad
T12551,U041,2024-03-19,Income,Rent,69498,NO,NO,CASH,Unknown
T5776,U016,2023-10-12,Expense,Freelance,8147,NO,NO,CASH,Ahmedabad
T5687,U075,2022-05-22,Expense,Food,9290,NO,NO,CASH,Mumbai
T7136,U013,2024-05-01,Expense,Entertainment,21764,NO,NO,CASH,Mumbai
T11567,U007,2023-09-06,Income,Food,10561,NO,NO,CARD,Pune
T7921,U036,2021-03-10,Expense,Entertainment,1094,NO,NO,CASH,Bangalore
T11159,U120,2024-09-20,Income,Entertainment,30590,NO,NO,CASH,Mumbai
T6076,U086,2023-01-21,Expense,Investment,1180,NO,NO,CARD,Ahmedabad
T10314,U073,2022-11-03,Income,Others,74511,NO,NO,CASH,Chennai
T4087,U091,2024-09-08,Expense,Rent,8711,NO,NO,BANK TRANSFER,Hyderabad
T0516,U028,2023-01-13,Expense,Rent,1844,NO,NO,UPI,Mumbai
T3787,U066,2024-05-17,Income,Salary,345332,NO,NO,CARD,Bangalore
T12061,U109,2024-08-08,Expense,Food,5384,NO,NO,BANK TRANSFER,Hyderabad
T3621,U036,2024-07-06,Expense,Food,4876,NO,NO,CARD,Lucknow
T5029,U030,2023-05-22,Expense,Food,6900,NO,NO,BANK TRANSFER,Unknown
T8239,U122,2023-04-27,Income,Investment,0,NO,NO,CARD,Chennai
T11603,U064,2021-09-20,Income,Food,23156,NO,NO,UPI,Kolkata
T3484,U012,2023-10-05,Expense,Salary,8169,NO,NO,BANK TRANSFER,Ahmedabad
T0419,U007,2022-08-04,Expense,Entertainment,2747,NO,NO,BANK TRANSFER,Lucknow
T7220,U052,2024-04-25,Expense,Entertainment,2026,NO,NO,CASH,Mumbai
T11920,U076,2023-05-25,Expense,Entertainment,5900,NO,NO,CARD,Jaipur
T0238,U098,2022-03-28,Expense,Bonus,259,NO,NO,BANK TRANSFER,Unknown
T7089,U148,2024-02-13,Expense,Travel,1296,NO,NO,CARD,Mumbai
T5697,U130,2022-09-06,Income,Rent,73294,NO,NO,BANK TRANSFER,Kolkata
T7070,U019,2023-12-22,Expense,Salary,3515,NO,NO,CARD,Chennai
T0962,U009,2024-10-08,Expense,Uncategorised,8963,NO,NO,CASH,Delhi
T11016,U103,2024-10-14,Expense,Travel,3974,NO,NO,CASH,Delhi
T2542,U112,2022-04-02,Expense,Food,3567,NO,NO,BANK TRANSFER,Chennai
T10728,U147,2021-09-16,Expense,Travel,2587,NO,NO,CASH,Hyderabad
T1351,U078,2023-01-03,Expense,Utilities,6946,NO,NO,BANK TRANSFER,Ahmedabad
T2883,U117,2022-03-21,Income,Entertainment,62732,NO,NO,UPI,Chennai
T3132,U116,2024-04-05,Expense,Savings,1474,NO,NO,CARD,Pune
T11707,U072,2022-06-29,Expense,Entertainment,5089,NO,NO,UPI,Chennai
T5405,U048,2023-08-19,Expense,Rent,3359,NO,NO,CARD,Unknown
T2760,U040,2023-02-22,Expense,Food,9373,NO,NO,BANK TRANSFER,Unknown
T2458,U120,2021-08-02,Expense,Rent,3530,NO,NO,CARD,Kolkata
T8080,U022,2024-08-01,Expense,Travel,1467,NO,NO,CARD,Chennai
T3651,U150,2022-02-16,Expense,Rent,6805,NO,NO,CARD,Mumbai
T9272,U067,2022-04-05,Expense,Travel,3248,NO,NO,CARD,Lucknow
T13054,U077,2023-07-13,Income,Food,33513,NO,NO,UPI,Unknown
T4525,U089,2023-07-25,Expense,Rent,6430,NO,NO,UPI,Jaipur
T11149,U073,2024-12-31,Expense,Bonus,9811,NO,NO,CARD,Chennai
T7834,U039,2023-07-05,Expense,Others,257,NO,NO,UNKNOWN,Kolkata
T5051,U050,2023-09-13,Expense,Entertainment,3672,NO,NO,BANK TRANSFER,Lucknow
T11444,U024,2024-08-04,Expense,Utilities,3234,NO,NO,CASH,Kolkata
T7744,U150,2021-05-05,Income,Travel,37274,NO,NO,CASH,Jaipur
T0438,U027,2021-12-30,Expense,Utilities,6422,NO,NO,CASH,Unknown
T2868,U134,2022-06-07,Expense,Rent,7085,NO,NO,CARD,Hyderabad
T7957,U147,2022-11-08,Expense,Food,4585,NO,NO,UPI,Jaipur
T10823,U117,2022-03-08,Expense,Travel,8344,NO,NO,CASH,Delhi
T9601,U030,2022-02-17,Expense,Food,7558,NO,NO,CARD,Hyderabad
T9582,U125,2024-08-17,Expense,Travel,228,NO,NO,BANK TRANSFER,Bangalore
T8499,U132,2022-12-27,Income,Food,67477,NO,NO,CASH,Delhi
T7963,U077,2024-09-26,Income,Rent,18049,NO,NO,CASH,Pune
T7339,U003,2024-01-08,Income,Travel,77669,NO,NO,BANK TRANSFER,Mumbai
T2134,U127,2022-02-17,Expense,Rent,1758,NO,NO,UPI,Unknown
T2340,U136,2022-06-06,Expense,Utilities,9753,NO,NO,BANK TRANSFER,Unknown
T11039,U150,2024-01-07,Expense,Food,4455,NO,NO,UPI,Bangalore
T10374,U046,2021-12-07,Expense,Education,1143,NO,NO,CASH,Delhi
T13642,U106,2024-04-22,Expense,Health,9516,NO,NO,UPI,Ahmedabad
T8866,U017,2022-05-01,Expense,Savings,3861,NO,NO,CARD,Hyderabad
T11064,U044,2022-03-05,Expense,Travel,2348,NO,NO,CASH,Lucknow
T8742,U003,2023-04-20,Expense,Food,9342,NO,NO,CASH,Lucknow
T2832,U071,2024-04-20,Income,Utilities,31189,NO,NO,CASH,Ahmedabad
T1549,U029,2022-07-06,Expense,Food,3609,NO,NO,BANK TRANSFER,Pune
T13663,U029,2022-12-06,Expense,Travel,9075,NO,NO,UPI,Bangalore
T13339,U065,2021-02-13,Expense,Travel,3400,NO,NO,CASH,Kolkata
T12198,U077,2021-12-16,Expense,Freelance,513,NO,NO,CASH,Chennai
T9041,U041,2023-07-28,Expense,Rent,8622,NO,NO,CARD,Mumbai
T9596,U098,2021-12-22,Expense,Rent,28550,NO,NO,UPI,Mumbai
T0361,U055,2023-08-16,Expense,Others,1081,NO,NO,CARD,Pune
T1326,U053,2022-08-15,Expense,Others,1866,NO,NO,UPI,Jaipur
T8557,U142,2024-09-12,Expense,Food,7489,NO,NO,CARD,Mumbai
T5123,U064,2024-07-18,Income,Others,68738,NO,NO,UNKNOWN,Kolkata
T13481,U035,2021-07-04,Expense,Rent,4334,NO,NO,BANK TRANSFER,Delhi
T8950,U110,2021-05-26,Expense,Rent,3677,NO,NO,BANK TRANSFER,Lucknow
T0602,U014,2022-03-25,Expense,Rent,2828,NO,NO,UPI,Mumbai
T12248,U094,2023-09-30,Expense,Travel,9482,NO,NO,CARD,Hyderabad
T12375,U056,2021-01-14,Income,Rent,68275,NO,NO,CARD,Bangalore
T2346,U001,2023-11-13,Expense,Health,34793,NO,NO,UPI,Kolkata
T7014,U013,2024-03-01,Expense,Travel,4447,NO,NO,BANK TRANSFER,Mumbai
T7255,U113,2022-04-06,Expense,Rent,4410,NO,NO,CARD,Delhi
T8914,U114,2023-09-13,Expense,Food,1324,NO,NO,CASH,Jaipur
T4173,U133,2023-08-11,Expense,Utilities,48137,NO,NO,BANK TRANSFER,Lucknow
T10170,U132,2023-08-27,Expense,Food,5906,NO,NO,BANK TRANSFER,Mumbai
T4164,U148,2021-06-08,Income,Food,67497,NO,NO,CARD,Delhi
T8055,U001,2021-12-22,Expense,Investment,5385,NO,NO,UPI,Lucknow
T8857,U054,2024-01-23,Expense,Food,1532,NO,NO,CARD,Kolkata
T7484,U089,2024-03-02,Expense,Others,6693,NO,NO,CASH,Kolkata
T4884,U013,2024-02-20,Expense,Food,6798,NO,NO,UPI,Ahmedabad
T7759,U057,2023-10-07,Expense,Misc,6170,NO,NO,CASH,Hyderabad
T8946,U001,2024-04-11,Expense,Food,3907,NO,NO,CARD,Hyderabad
T13424,U023,2024-07-30,Expense,Travel,3877,NO,NO,CASH,Mumbai
T4414,U139,2022-10-17,Expense,Entertainment,9554,NO,NO,CARD,Kolkata
T7089,U126,2022-10-03,Expense,Food,780,NO,NO,BANK TRANSFER,Pune
T11705,U111,2021-04-10,Expense,Investment,5005,NO,NO,BANK TRANSFER,Delhi
T13818,U074,2022-03-09,Expense,Rent,7199,NO,NO,CARD,Ahmedabad
T13723,U123,2021-03-10,Income,Travel,33728,NO,NO,UPI,Unknown
T5273,U007,2023-04-19,Expense,Salary,6472,NO,NO,CARD,Hyderabad
T6443,U021,2021-05-15,Expense,Others,8736,NO,NO,CARD,Chennai
T0485,U081,2024-07-23,Expense,Rent,742,NO,NO,CASH,Bangalore
T3776,U031,2021-03-19,Expense,Travel,666,NO,NO,CASH,Delhi
T11082,U032,2022-11-17,Expense,Investment,7889,NO,NO,CARD,Hyderabad
T3205,U067,2024-11-18,Income,Entertainment,64790,NO,NO,UPI,Kolkata
T1008,U150,2024-10-19,Income,Travel,38626,NO,NO,UPI,Hyderabad
T5656,U037,2022-11-24,Expense,Travel,9444,NO,NO,BANK TRANSFER,Jaipur
T5701,U094,2022-02-14,Expense,Food,8747,NO,NO,CARD,Ahmedabad
T11782,U101,2023-11-06,Income,Entertainment,64972,NO,NO,UPI,Hyderabad
T7874,U073,2024-10-26,Expense,Education,4782,NO,NO,CASH,Chennai
T9939,U058,2021-01-27,Expense,Rent,6804,NO,NO,CARD,Bangalore
T5259,U074,2024-11-17,Expense,Utilities,8506,NO,NO,CASH,Jaipur
T4069,U132,2024-01-28,Income,Rent,76688,NO,NO,UPI,Bangalore
T9807,U103,2023-02-17,Expense,Utilities,2077,NO,NO,CASH,Jaipur
T8681,U082,2023-01-24,Income,Rent,73017,NO,NO,CASH,Chennai
T9384,U062,2024-11-26,Expense,Uncategorised,3454,NO,NO,CASH,Unknown
T6994,U092,2022-10-05,Expense,Rent,9187,NO,NO,UPI,Lucknow
T0677,U003,2023-09-18,Expense,Utilities,3619,NO,NO,UPI,Bangalore
T7421,U027,2021-07-14,Income,Entertainment,30989,NO,NO,CARD,Chennai
T1269,U021,2022-04-20,Expense,Food,3460,NO,NO,UPI,Jaipur
T12834,U037,2022-12-01,Expense,Bonus,42864,NO,NO,BANK TRANSFER,Lucknow
T3105,U084,2022-07-11,Income,Savings,63429,NO,NO,UNKNOWN,Pune
T8932,U107,2024-05-01,Expense,Utilities,4076,NO,NO,UNKNOWN,Lucknow
T6746,U125,2021-05-03,Expense,Investment,6569,NO,NO,CARD,Kolkata
T3130,U096,2021-11-09,Expense,Food,9635,NO,NO,BANK TRANSFER,Kolkata
T7332,U118,2022-06-17,Expense,Education,4897,NO,NO,CARD,Delhi
T11357,U094,2022-11-14,Expense,Rent,4440,NO,NO,UPI,Unknown
T13816,U008,2023-07-19,Expense,Food,6978,NO,NO,UNKNOWN,Hyderabad
T6194,U118,2021-06-26,Expense,Rent,4895,NO,NO,UPI,Bangalore
T8700,U080,2021-03-11,Expense,Food,7089,NO,NO,CARD,Hyderabad
T2086,U078,2021-08-28,Expense,Health,1977,NO,NO,BANK TRANSFER,Kolkata
T10737,U113,2022-12-18,Expense,Travel,4901,NO,NO,CASH,Mumbai
T9895,U035,2023-06-30,Expense,Uncategorised,27374,NO,NO,BANK TRANSFER,Lucknow
T12041,U100,2023-12-14,Expense,Entertainment,5514,NO,NO,UPI,Hyderabad
T2583,U029,2021-07-01,Expense,Travel,20104,NO,NO,CARD,Kolkata
T4198,U060,2024-02-27,Expense,Savings,1272,NO,NO,BANK TRANSFER,Jaipur
T8187,U069,2022-11-28,Expense,Travel,3837,NO,NO,BANK TRANSFER,Delhi
T2931,U046,2022-06-17,Expense,Health,999999,NO,YES,BANK TRANSFER,Bangalore
T6459,U092,2022-06-15,Income,Education,60619,NO,NO,CARD,Hyderabad
T5779,U074,2022-02-14,Income,Salary,24450,NO,NO,CARD,Mumbai
T9334,U076,2021-08-25,Expense,Education,5217,NO,NO,UPI,Pune
T6836,U099,2024-02-19,Expense,Rent,9479,NO,NO,BANK TRANSFER,Chennai
T3996,U012,2021-10-14,Expense,Education,5187,NO,NO,BANK TRANSFER,Mumbai
T9634,U075,2022-08-09,Expense,Food,5077,NO,NO,CARD,Pune
T13820,U023,2022-09-08,Expense,Others,8335,NO,NO,BANK TRANSFER,Jaipur
T1266,U142,2021-02-09,Expense,Food,2259,NO,NO,CARD,Ahmedabad
T13616,U006,2021-01-21,Expense,Entertainment,4126,NO,NO,BANK TRANSFER,Ahmedabad
T7152,U045,2022-10-15,Expense,Travel,6096,NO,NO,UPI,Kolkata
T6859,U149,2024-01-08,Expense,Rent,3726,NO,NO,UNKNOWN,Lucknow
T5216,U147,2024-09-13,Expense,Utilities,5935,NO,NO,UPI,Hyderabad
T13919,U102,2022-07-07,Expense,Utilities,2380,NO,NO,CARD,Ahmedabad
T6360,U036,2024-04-05,Expense,Freelance,33185,NO,NO,BANK TRANSFER,Chennai
T7762,U142,2022-11-19,Expense,Education,835,NO,NO,UPI,Ahmedabad
T9786,U061,2024-11-25,Expense,Travel,7511,NO,NO,UPI,Lucknow
T3445,U017,2023-12-17,Expense,Education,9386,NO,NO,BANK TRANSFER,Bangalore
T13935,U130,2023-10-14,Expense,Food,0,NO,NO,CASH,Hyderabad
T13914,U003,2022-06-06,Expense,Travel,2979,NO,NO,CARD,Jaipur
T1296,U091,2024-06-12,Expense,Education,7110,NO,NO,UPI,Pune
T7826,U112,2021-07-15,Expense,Health,1945,NO,NO,UPI,Mumbai
T9589,U125,2022-08-13,Expense,Others,2538,NO,NO,CASH,Mumbai
T1766,U026,2022-11-19,Expense,Education,561,NO,NO,UPI,Lucknow
T9243,U090,2024-12-19,Expense,Rent,2083,NO,NO,CASH,Pune
T6159,U038,2024-12-14,Expense,Food,3301,NO,NO,UPI,Jaipur
T1869,U121,2024-11-01,Expense,Others,7414,NO,NO,CASH,Lucknow
T5849,U126,2023-10-08,Expense,Food,9734,NO,NO,UPI,Unknown
T10885,U058,2022-09-23,Income,Utilities,15825,NO,NO,CARD,Jaipur
T3270,U075,2022-12-20,Expense,Utilities,22072,NO,NO,CASH,Jaipur
T9244,U068,2021-07-22,Income,Entertainment,51181,NO,NO,CASH,Hyderabad
T0471,U054,2022-06-04,Expense,Rent,6519,NO,NO,CARD,Hyderabad
T4520,U041,2021-11-09,Expense,Travel,3474,NO,NO,UPI,Lucknow
T12066,U003,2024-11-24,Income,Travel,20533,NO,NO,BANK TRANSFER,Kolkata
T13939,U076,2024-01-21,Expense,Investment,3117,NO,NO,CASH,Jaipur
T12976,U024,2021-08-25,Income,Rent,27796,NO,NO,UPI,Chennai
T13838,U040,2022-04-16,Expense,Utilities,6078,NO,NO,BANK TRANSFER,Mumbai
T9578,U106,2021-01-26,Expense,Rent,5871,NO,NO,BANK TRANSFER,Pune
T1074,U117,2024-03-31,Expense,Food,42691,NO,NO,CASH,Jaipur
T8873,U017,2023-04-20,Expense,Utilities,258,NO,NO,CASH,Delhi
T4970,U050,2022-07-08,Expense,Food,9994,NO,NO,UPI,Ahmedabad
T10678,U108,2022-12-24,Expense,Entertainment,2416,NO,NO,UPI,Delhi
T6834,U052,2021-01-18,Expense,Education,2784,NO,NO,CASH,Jaipur
T12726,U007,2022-03-18,Expense,Rent,292,NO,NO,CARD,Delhi
T0613,U104,2024-02-24,Expense,Rent,1823,NO,NO,BANK TRANSFER,Lucknow
T5429,U001,2022-12-26,Expense,Freelance,6861,NO,NO,CASH,Lucknow
T7918,U098,2023-05-01,Expense,Travel,4852,NO,NO,CARD,Kolkata
T8796,U110,2024-05-02,Expense,Food,3167,NO,NO,CASH,Lucknow
T13873,U024,2024-10-13,Income,Entertainment,63220,NO,NO,CARD,Delhi
T1392,U134,2021-03-19,Expense,Travel,3780,NO,NO,BANK TRANSFER,Pune
T0730,U136,2023-04-02,Income,Utilities,64657,NO,NO,CARD,Ahmedabad
T6829,U048,2024-08-08,Expense,Travel,999999,NO,YES,CARD,Mumbai
T10949,U134,2023-03-19,Expense,Rent,5451,NO,NO,CASH,Pune
T7463,U046,2024-04-23,Expense,Entertainment,486,NO,NO,BANK TRANSFER,Hyderabad
T11179,U001,2024-05-09,Expense,Food,6871,NO,NO,UPI,Lucknow
T7414,U111,2024-10-14,Expense,Travel,7219,NO,NO,CARD,Chennai
T4038,U084,2022-04-28,Expense,Rent,1456,NO,NO,CASH,Unknown
T0425,U088,2023-09-02,Income,Savings,53995,NO,NO,CARD,Mumbai
T2531,U114,2021-07-17,Expense,Investment,40824,NO,NO,UPI,Lucknow
T9713,U032,2024-07-15,Expense,Others,1803,NO,NO,CASH,Chennai
T3836,U013,2021-04-19,Income,Entertainment,23907,NO,NO,UPI,Ahmedabad
T1037,U084,2024-12-05,Income,Others,892217,NO,YES,CARD,Jaipur
T12579,U052,2023-08-03,Expense,Health,38431,NO,NO,CARD,Hyderabad
T9509,U056,2022-04-08,Expense,Health,887,NO,NO,CARD,Jaipur
T13784,U119,2021-08-08,Income,Food,47751,NO,NO,UPI,Ahmedabad
T2575,U128,2024-03-23,Expense,Food,7034,NO,NO,UNKNOWN,Delhi
T10059,U019,2022-05-22,Expense,Food,9371,NO,NO,UPI,Unknown
T0921,U050,2024-05-31,Expense,Utilities,6726,NO,NO,CARD,Kolkata
T3805,U067,2021-08-04,Expense,Education,231,NO,NO,UPI,Mumbai
T5938,U071,2023-04-09,Expense,Bonus,9299,NO,NO,BANK TRANSFER,Lucknow
T13330,U047,2022-03-10,Expense,Rent,3506,NO,NO,CASH,Chennai
T10284,U089,2021-06-04,Expense,Utilities,3987,NO,NO,UNKNOWN,Ahmedabad
T5636,U085,2023-04-16,Expense,Freelance,4200,NO,NO,CARD,Mumbai
T7769,U061,2024-05-22,Expense,Rent,26131,NO,NO,BANK TRANSFER,Unknown
T0423,U050,2021-09-16,Expense,Freelance,4083,NO,NO,BANK TRANSFER,Hyderabad
T3657,U096,2021-12-30,Expense,Rent,31559,NO,NO,UNKNOWN,Pune
T7135,U018,2022-05-13,Expense,Freelance,7768,NO,NO,CARD,Jaipur
T0724,U016,2023-11-06,Expense,Rent,9527,NO,NO,CASH,Hyderabad
T6897,U073,2021-02-19,Expense,Food,999999999,NO,YES,CASH,Delhi
T7550,U077,2023-05-31,Expense,Utilities,6229,NO,NO,CASH,Lucknow
T7026,U056,2023-10-13,Expense,Rent,0,NO,NO,UPI,Unknown
T13266,U041,2022-01-22,Income,Others,49633,NO,NO,UPI,Chennai
T2779,U001,2022-12-22,Expense,Food,1022,NO,NO,CASH,Pune
T3899,U079,2024-02-26,Expense,Rent,6055,NO,NO,CASH,Bangalore
T7987,U073,2023-08-02,Income,Rent,32845,NO,NO,CARD,Chennai
T1793,U027,2021-12-13,Expense,Health,2826,NO,NO,CASH,Mumbai
T2408,U001,2022-08-15,Expense,Food,7554,NO,NO,BANK TRANSFER,Jaipur
T4091,U072,2024-07-18,Expense,Travel,2297,NO,NO,CARD,Pune
T7938,U117,2023-08-30,Expense,Salary,4517,NO,NO,BANK TRANSFER,Jaipur
T2153,U028,2023-02-26,Expense,Investment,29126,NO,NO,CASH,Ahmedabad
T10969,U107,2023-07-01,Expense,Entertainment,1684,NO,NO,CARD,Jaipur
T11906,U017,2022-06-28,Expense,Utilities,8671,NO,NO,UPI,Unknown
T5291,U013,2024-04-19,Expense,Utilities,312,NO,NO,CASH,Lucknow
T2775,U104,2024-12-19,Expense,Rent,4564,NO,NO,BANK TRANSFER,Delhi
T7341,U088,2023-11-17,Expense,Education,5047,NO,NO,UPI,Delhi
T2746,U092,2023-04-30,Expense,Rent,6854,NO,NO,CARD,Lucknow
T6589,U049,2022-04-19,Expense,Rent,7310,NO,NO,BANK TRANSFER,Bangalore
T2748,U031,2024-07-07,Expense,Education,4091,NO,NO,BANK TRANSFER,Pune
T3151,U022,2024-03-20,Expense,Education,4645,NO,NO,CARD,Hyderabad
T12576,U077,2023-03-30,Expense,Rent,5714,NO,NO,UPI,Pune
T12380,U103,2024-07-06,Income,Travel,27552,NO,NO,CARD,Kolkata
T11212,U091,2022-06-19,Expense,Food,5466,NO,NO,UNKNOWN,Kolkata
T11767,U008,2023-08-27,Expense,Food,2992,NO,NO,CASH,Bangalore
T12667,U112,2022-08-31,Expense,Entertainment,4689,NO,NO,CASH,Hyderabad
T3763,U037,2022-08-12,Expense,Education,6079,NO,NO,CARD,Delhi
T6185,U032,2023-12-13,Expense,Entertainment,4336,NO,NO,CASH,Unknown
T1209,U069,2021-09-17,Expense,Rent,1237,NO,NO,CASH,Chennai
T10151,U035,2022-03-17,Expense,Freelance,8831,NO,NO,UNKNOWN,Bangalore
T12165,U013,2021-07-09,Expense,Utilities,4994,NO,NO,UPI,Pune
T4788,U001,2021-04-17,Expense,Freelance,5328,NO,NO,BANK TRANSFER,Hyderabad
T7267,U018,2021-08-29,Expense,Entertainment,4303,NO,NO,UPI,Chennai
T11834,U018,2022-12-21,Expense,Salary,4529,NO,NO,CARD,Hyderabad
T7946,U103,2022-11-27,Income,Freelance,49289,NO,NO,CARD,Ahmedabad
T5211,U139,2021-03-18,Expense,Entertainment,1707,NO,NO,UPI,Chennai
T13358,U050,2022-08-02,Expense,Entertainment,3531,NO,NO,CASH,Hyderabad
T1354,U009,2024-06-14,Expense,Salary,6961,NO,NO,CARD,Chennai
T10494,U079,2022-01-15,Expense,Entertainment,1563,NO,NO,CASH,Unknown
T1921,U055,2023-01-10,Expense,Rent,5250,NO,NO,CARD,Mumbai
T1425,U066,2023-12-04,Income,Health,47990,NO,NO,CASH,Lucknow
T4694,U118,2021-04-29,Expense,Utilities,8802,NO,NO,BANK TRANSFER,Kolkata
T11955,U080,2022-10-02,Expense,Food,4865,NO,NO,UPI,Mumbai
T12618,U105,2023-10-22,Income,Bonus,10812,NO,NO,BANK TRANSFER,Unknown
T9839,U002,2022-11-17,Expense,Education,9892,NO,NO,CARD,Unknown
T5487,U028,2021-03-08,Expense,Travel,35977,NO,NO,CARD,Hyderabad
T13669,U060,2022-04-16,Expense,Food,2575,NO,NO,CASH,Bangalore
T13847,U068,2021-04-04,Expense,Utilities,474,NO,NO,CARD,Chennai
T0266,U077,2024-03-26,Expense,Bonus,7215,NO,NO,CARD,Pune
T0729,U018,2024-12-16,Expense,Entertainment,6921,NO,NO,UPI,Pune
T0652,U099,2022-04-12,Expense,Investment,0,NO,NO,BANK TRANSFER,Bangalore
T11889,U067,2022-08-13,Expense,Others,999999999,NO,YES,CARD,Unknown
T2586,U066,2023-09-02,Expense,Entertainment,5682,NO,NO,UNKNOWN,Bangalore
T9562,U047,2021-03-22,Expense,Travel,3925,NO,NO,CARD,Kolkata
T13532,U036,2021-03-19,Expense,Travel,0,NO,NO,CARD,Bangalore
T4729,U025,2022-09-03,Income,Investment,59014,NO,NO,CASH,Chennai
T9946,U057,2021-05-18,Expense,Utilities,7959,NO,NO,CARD,Kolkata
T3017,U058,2021-06-14,Expense,Food,4418,NO,NO,BANK TRANSFER,Ahmedabad
T7683,U101,2023-05-27,Expense,Food,37019,NO,NO,CASH,Pune
T13758,U080,2021-05-30,Expense,Food,3541,NO,NO,CARD,Ahmedabad
T13692,U130,2023-12-25,Expense,Food,1048,NO,NO,BANK TRANSFER,Hyderabad
T8157,U031,2024-05-09,Expense,Savings,838,NO,NO,CASH,Ahmedabad
T11910,U053,2021-02-24,Expense,Rent,1652,NO,NO,CASH,Bangalore
T13414,U038,2021-07-17,Expense,Food,999999999,NO,YES,UNKNOWN,Mumbai
T5217,U101,2021-12-20,Expense,Salary,9794,NO,NO,CASH,Lucknow
T12469,U053,2021-04-28,Expense,Food,17155,NO,NO,UPI,Pune
T3643,U050,2023-09-19,Income,Rent,71775,NO,NO,CASH,Chennai
T12905,U057,2024-10-07,Expense,Utilities,5008,NO,NO,CASH,Mumbai
T5631,U015,2023-01-03,Expense,Entertainment,3527,NO,NO,CASH,Lucknow
T12297,U102,2023-06-07,Expense,Travel,-1000,YES,NO,BANK TRANSFER,Delhi
T2499,U035,2024-08-27,Expense,Travel,4214,NO,NO,CARD,Unknown
T0433,U022,2023-10-25,Expense,Food,1268,NO,NO,UPI,Kolkata
T13632,U036,2024-02-25,Expense,Entertainment,6175,NO,NO,CARD,Unknown
T1159,U016,2023-04-04,Expense,Entertainment,43025,NO,NO,CASH,Bangalore
T1455,U056,2023-05-29,Expense,Salary,1415,NO,NO,CASH,Chennai
T3179,U075,2023-03-03,Expense,Entertainment,709,NO,NO,BANK TRANSFER,Ahmedabad
T8074,U099,2023-04-26,Expense,Food,6538,NO,NO,UPI,Hyderabad
T11781,U057,2021-08-20,Expense,Rent,32159,NO,NO,UPI,Pune
T5574,U116,2022-07-28,Expense,Education,4952,NO,NO,CARD,Hyderabad
T6078,U047,2021-01-06,Income,Rent,32323,NO,NO,UPI,Ahmedabad
T0519,U019,2023-12-21,Income,Rent,48455,NO,NO,UPI,Mumbai
T8527,U078,2023-10-31,Expense,Uncategorised,8528,NO,NO,CARD,Chennai
T9791,U051,2023-10-28,Income,Rent,15408,NO,NO,CARD,Ahmedabad
T1105,U070,2022-08-24,Expense,Entertainment,0,NO,NO,UPI,Bangalore
T9064,U075,2022-10-13,Expense,Rent,6652,NO,NO,CARD,Delhi
T9754,U070,2022-06-01,Expense,Utilities,2348,NO,NO,CASH,Unknown
T4197,U149,2024-11-22,Expense,Rent,782,NO,NO,CASH,Chennai
T12647,U027,2023-04-13,Expense,Rent,3079,NO,NO,UPI,Delhi
T4202,U019,2022-10-05,Expense,Entertainment,2847,NO,NO,BANK TRANSFER,Kolkata
T10147,U023,2023-12-20,Expense,Travel,6707,NO,NO,CASH,Pune
T9257,U097,2023-08-21,Income,Entertainment,74423,NO,NO,BANK TRANSFER,Hyderabad
T4123,U076,2022-12-24,Expense,Rent,7169,NO,NO,UPI,Unknown
T13922,U091,2022-04-09,Expense,Rent,8027,NO,NO,UPI,Bangalore
T5366,U043,2024-07-15,Income,Education,48444,NO,NO,CARD,Bangalore
T4425,U046,2022-10-06,Expense,Freelance,8482,NO,NO,CARD,Jaipur
T12532,U005,2024-10-23,Income,Food,51092,NO,NO,CASH,Unknown
T10608,U046,2023-05-04,Income,Investment,57098,NO,NO,CARD,Unknown
T11156,U066,2024-04-19,Expense,Food,20018,NO,NO,CARD,Delhi
T7338,U086,2022-01-25,Expense,Rent,1663,NO,NO,UNKNOWN,Pune
T9975,U137,2023-07-09,Expense,Freelance,6183,NO,NO,BANK TRANSFER,Chennai
T3009,U106,2022-02-11,Expense,Entertainment,5651,NO,NO,CASH,Jaipur
T12971,U113,2023-10-21,Income,Health,45535,NO,NO,UPI,Mumbai
T11716,U021,2024-03-25,Expense,Travel,614,NO,NO,UPI,Ahmedabad
T11204,U099,2023-12-30,Expense,Salary,7425,NO,NO,CARD,Chennai
T10218,U030,2022-03-28,Expense,Rent,5719,NO,NO,CASH,Unknown
T11415,U011,2023-11-28,Expense,Others,5284,NO,NO,BANK TRANSFER,Mumbai
T5091,U117,2022-08-03,Expense,Rent,6195,NO,NO,UPI,Mumbai
T11718,U146,2021-03-02,Expense,Food,9407,NO,NO,BANK TRANSFER,Mumbai
T12116,U048,2022-03-11,Expense,Travel,3913,NO,NO,BANK TRANSFER,Kolkata
T10892,U137,2024-12-11,Income,Food,12644,NO,NO,BANK TRANSFER,Delhi
T11060,U072,2024-06-11,Income,Health,10731,NO,NO,CARD,Chennai
T2351,U149,2022-03-02,Expense,Investment,9061,NO,NO,CASH,Bangalore
T0379,U053,2022-05-01,Expense,Entertainment,9695,NO,NO,UNKNOWN,Bangalore
T8243,U020,2023-10-18,Expense,Rent,3716,NO,NO,BANK TRANSFER,Ahmedabad
T8143,U006,2023-03-24,Expense,Food,4109,NO,NO,CASH,Bangalore
T5400,U001,2024-12-11,Expense,Entertainment,8805,NO,NO,BANK TRANSFER,Bangalore
T8626,U117,2024-03-30,Expense,Travel,883,NO,NO,CARD,Bangalore
T12869,U101,2024-09-11,Expense,Utilities,730,NO,NO,CASH,Jaipur
T2799,U129,2021-10-21,Expense,Investment,8842,NO,NO,UPI,Ahmedabad
T11704,U129,2023-04-27,Expense,Food,3236,NO,NO,CASH,Bangalore
T13265,U120,2022-11-04,Expense,Health,9828,NO,NO,UPI,Mumbai
T10821,U120,2023-08-27,Expense,Others,7979,NO,NO,BANK TRANSFER,Bangalore
T12606,U052,2021-11-17,Expense,Rent,3891,NO,NO,CARD,Chennai
T12104,U107,2022-08-06,Expense,Investment,2718,NO,NO,CARD,Chennai
T1417,U079,2022-09-14,Expense,Food,9896,NO,NO,CASH,Delhi
T2189,U137,2023-05-16,Expense,Food,4341,NO,NO,CASH,Kolkata
T3352,U109,2023-01-16,Expense,Utilities,323,NO,NO,BANK TRANSFER,Delhi
T5446,U126,2022-07-02,Expense,Food,8568,NO,NO,BANK TRANSFER,Bangalore
T3731,U057,2022-02-14,Expense,Rent,9945,NO,NO,CASH,Ahmedabad
T6577,U046,2023-06-04,Income,Education,75229,NO,NO,CARD,Pune
T9089,U052,2024-03-14,Expense,Travel,9683,NO,NO,CASH,Chennai
T6580,U031,2021-08-22,Income,Others,22976,NO,NO,CARD,Kolkata
T12549,U131,2024-01-05,Expense,Utilities,8719,NO,NO,UNKNOWN,Bangalore
T11967,U059,2022-01-04,Income,Rent,69750,NO,NO,UPI,Ahmedabad
T12642,U069,2021-12-01,Income,Utilities,49094,NO,NO,UPI,Pune
T2932,U116,2022-03-24,Expense,Health,1786,NO,NO,CARD,Mumbai
T13477,U149,2022-08-03,Expense,Education,2334,NO,NO,CARD,Ahmedabad
T13317,U032,2024-05-05,Expense,Travel,4977,NO,NO,UPI,Delhi
T5185,U076,2022-01-19,Income,Rent,78908,NO,NO,BANK TRANSFER,Hyderabad
T6646,U143,2024-06-12,Expense,Travel,7361,NO,NO,CARD,Jaipur
T6856,U131,2024-09-04,Expense,Travel,0,NO,NO,CARD,Ahmedabad
T4150,U127,2021-09-15,Expense,Utilities,297,NO,NO,BANK TRANSFER,Ahmedabad
T1975,U137,2022-07-01,Expense,Others,9048,NO,NO,UPI,Pune
T11394,U125,2022-01-26,Expense,Food,2803,NO,NO,CARD,Pune
T2540,U037,2021-10-29,Income,Health,15446,NO,NO,UPI,Jaipur
T9507,U023,2022-07-04,Expense,Rent,8582,NO,NO,BANK TRANSFER,Unknown
T0289,U096,2022-09-12,Expense,Utilities,1617,NO,NO,CARD,Ahmedabad
T2695,U066,2023-06-13,Expense,Uncategorised,8883,NO,NO,CARD,Lucknow
T13306,U005,2022-04-16,Expense,Food,9106,NO,NO,CARD,Hyderabad
T9316,U086,2022-06-23,Income,Investment,31030,NO,NO,CASH,Lucknow
T9510,U069,2023-08-14,Expense,Utilities,9885,NO,NO,BANK TRANSFER,Delhi
T11826,U005,2021-12-12,Income,Rent,21112,NO,NO,BANK TRANSFER,Mumbai
T13720,U034,2023-10-12,Expense,Food,9568,NO,NO,BANK TRANSFER,Delhi
T7116,U065,2022-01-26,Expense,Food,5821,NO,NO,CARD,Lucknow
T8091,U035,2022-02-06,Expense,Rent,3315,NO,NO,CASH,Hyderabad
T4222,U137,2023-09-30,Expense,Food,131,NO,NO,CARD,Chennai
T7198,U142,2022-07-08,Income,Travel,55171,NO,NO,CARD,Lucknow
T1220,U085,2023-07-12,Expense,Education,5868,NO,NO,BANK TRANSFER,Unknown
T9394,U027,2024-06-06,Expense,Health,6514,NO,NO,BANK TRANSFER,Kolkata
T6725,U140,2022-07-24,Expense,Travel,0,NO,NO,CARD,Hyderabad
T5813,U059,2021-06-10,Expense,Uncategorised,937,NO,NO,CASH,Lucknow
T8859,U022,2021-11-20,Expense,Health,940,NO,NO,CARD,Bangalore
T4886,U073,2022-09-21,Expense,Travel,1896,NO,NO,BANK TRANSFER,Lucknow
T5137,U057,2021-11-02,Expense,Rent,16927,NO,NO,CARD,Bangalore
T2409,U083,2023-03-24,Expense,Rent,1391,NO,NO,UNKNOWN,Mumbai
T13205,U117,2024-10-11,Income,Rent,22105,NO,NO,UPI,Pune
T1744,U084,2023-06-15,Expense,Uncategorised,0,NO,NO,BANK TRANSFER,Jaipur
T9486,U013,2023-07-01,Expense,Others,4489,NO,NO,BANK TRANSFER,Delhi
T1141,U002,2024-01-17,Expense,Food,3348,NO,NO,BANK TRANSFER,Lucknow
T6938,U066,2023-04-07,Expense,Others,5115,NO,NO,BANK TRANSFER,Lucknow
T0200,U072,2022-04-02,Expense,Travel,9488,NO,NO,CASH,Mumbai
T5180,U120,2023-11-21,Expense,Entertainment,6347,NO,NO,BANK TRANSFER,Hyderabad
T11339,U085,2022-07-09,Expense,Salary,5196,NO,NO,CARD,Kolkata
T10689,U009,2024-10-24,Expense,Rent,6250,NO,NO,UPI,Kolkata
T9492,U077,2021-05-14,Expense,Travel,7738,NO,NO,UPI,Chennai
T1498,U039,2024-11-08,Income,Rent,58671,NO,NO,CARD,Mumbai
T8504,U148,2023-11-24,Expense,Utilities,3326,NO,NO,CARD,Ahmedabad
T1007,U017,2024-06-05,Expense,Savings,923,NO,NO,BANK TRANSFER,Hyderabad
T5049,U058,2022-06-13,Expense,Salary,7397,NO,NO,UPI,Lucknow
T8558,U009,2022-09-25,Expense,Food,4288,NO,NO,BANK TRANSFER,Lucknow
T3985,U085,2021-07-05,Expense,Travel,29253,NO,NO,CARD,Hyderabad
T11481,U046,2022-03-26,Expense,Travel,752,NO,NO,CASH,Jaipur
T6329,U088,2024-02-19,Income,Others,24030,NO,NO,UNKNOWN,Mumbai
T13946,U047,2022-02-18,Expense,Others,5145,NO,NO,UPI,Kolkata
T9768,U032,2021-02-04,Expense,Education,9649,NO,NO,BANK TRANSFER,Hyderabad
T10201,U049,2022-05-24,Expense,Utilities,23786,NO,NO,UPI,Unknown
T7046,U143,2024-05-11,Expense,Food,4705,NO,NO,CARD,Hyderabad
T12344,U108,2023-07-24,Expense,Food,0,NO,NO,CASH,Unknown
T10052,U132,2024-02-22,Expense,Travel,-1000,YES,NO,CASH,Jaipur
T2325,U006,2021-12-03,Expense,Investment,1597,NO,NO,BANK TRANSFER,Hyderabad
T4428,U013,2022-04-02,Expense,Rent,6453,NO,NO,UPI,Hyderabad
T3541,U095,2021-02-04,Expense,Freelance,4157,NO,NO,CASH,Bangalore
T3363,U123,2024-10-24,Expense,Food,21586,NO,NO,CARD,Chennai
T13661,U106,2022-01-09,Expense,Rent,40480,NO,NO,UPI,Unknown
T0923,U112,2024-09-27,Expense,Food,1571,NO,NO,CARD,Lucknow
T7372,U133,2024-06-07,Income,Utilities,71773,NO,NO,CASH,Unknown
T2882,U018,2024-12-09,Expense,Rent,2513,NO,NO,UPI,Pune
T10000,U023,2024-02-14,Expense,Rent,7702,NO,NO,UNKNOWN,Bangalore
T6888,U078,2021-07-16,Income,Bonus,21910,NO,NO,CARD,Pune
T7911,U110,2023-08-21,Expense,Education,2929,NO,NO,CASH,Bangalore
T5849,U136,2023-01-23,Expense,Savings,5506,NO,NO,CARD,Kolkata
T3368,U062,2022-02-03,Income,Food,0,NO,NO,BANK TRANSFER,Delhi
T7104,U009,2024-11-23,Expense,Utilities,6764,NO,NO,CASH,Kolkata
T11314,U006,2024-09-28,Expense,Rent,6823,NO,NO,CASH,Delhi
T8077,U030,2024-04-20,Expense,Education,840,NO,NO,UPI,Chennai
T12029,U118,2023-10-06,Income,Food,56450,NO,NO,CASH,Jaipur
T6248,U011,2021-05-26,Expense,Utilities,7037,NO,NO,UNKNOWN,Pune
T5477,U010,2021-08-18,Income,Food,63341,NO,NO,UPI,Lucknow
T5410,U016,2023-02-09,Expense,Salary,6076,NO,NO,BANK TRANSFER,Jaipur
T9773,U073,2022-06-24,Expense,Food,3805,NO,NO,BANK TRANSFER,Chennai
T12780,U110,2021-10-24,Expense,Rent,8911,NO,NO,BANK TRANSFER,Mumbai
T6485,U072,2021-08-22,Expense,Utilities,8142,NO,NO,CASH,Lucknow
T5504,U141,2021-12-04,Expense,Travel,9529,NO,NO,CASH,Hyderabad
T7773,U123,2023-08-17,Income,Food,54407,NO,NO,CARD,Pune
T10342,U022,2023-11-22,Expense,Food,5419,NO,NO,BANK TRANSFER,Bangalore
T7169,U030,2023-12-30,Expense,Utilities,16289,NO,NO,CARD,Delhi
T11747,U006,2023-09-17,Expense,Food,6002,NO,NO,CARD,Kolkata
T3155,U018,2021-10-21,Expense,Freelance,7163,NO,NO,BANK TRANSFER,Mumbai
T4428,U013,2022-04-02,Expense,Travel,6453,NO,NO,UPI,Hyderabad
T11167,U150,2023-11-21,Expense,Others,4848,NO,NO,CARD,Kolkata
T4137,U004,2022-05-15,Income,Rent,73065,NO,NO,UPI,Unknown
T11607,U080,2021-09-12,Expense,Utilities,8853,NO,NO,CARD,Hyderabad
T3790,U109,2024-06-18,Expense,Utilities,5180,NO,NO,CARD,Mumbai
T1541,U043,2022-10-04,Expense,Food,8623,NO,NO,BANK TRANSFER,Delhi
T9242,U089,2021-12-23,Expense,Food,8226,NO,NO,CASH,Delhi
T5457,U124,2024-01-08,Expense,Food,454,NO,NO,BANK TRANSFER,Ahmedabad
T2339,U069,2022-05-24,Income,Travel,70958,NO,NO,UNKNOWN,Mumbai
T6468,U111,2022-12-19,Expense,Health,7539,NO,NO,UNKNOWN,Chennai
T9860,U069,2024-05-13,Expense,Travel,0,NO,NO,CARD,Chennai
T2031,U026,2022-12-22,Expense,Rent,3213,NO,NO,CARD,Bangalore
T5361,U099,2021-02-18,Expense,Utilities,764,NO,NO,CARD,Hyderabad
T13589,U148,2021-05-27,Expense,Utilities,25214,NO,NO,CARD,Delhi
T3760,U057,2022-01-10,Expense,Health,900,NO,NO,UPI,Hyderabad
T10968,U090,2024-12-06,Expense,Entertainment,6226,NO,NO,BANK TRANSFER,Bangalore
T7409,U099,2024-10-14,Income,Travel,27874,NO,NO,UPI,Bangalore
T9400,U102,2023-05-27,Expense,Travel,6675,NO,NO,CARD,Jaipur
T13988,U040,2023-10-29,Expense,Food,36626,NO,NO,UPI,Kolkata
T12622,U131,2021-07-10,Expense,Investment,1845,NO,NO,CASH,Unknown
T3499,U028,2022-07-17,Expense,Health,6400,NO,NO,CARD,Delhi
T4265,U050,2024-06-13,Expense,Food,1531,NO,NO,BANK TRANSFER,Ahmedabad
T11307,U002,2022-08-31,Expense,Entertainment,3904,NO,NO,UPI,Kolkata
T5310,U007,2021-10-01,Expense,Rent,40706,NO,NO,CARD,Lucknow
T8768,U025,2023-07-31,Expense,Food,231,NO,NO,CARD,Bangalore
T5444,U058,2022-02-07,Expense,Entertainment,5736,NO,NO,BANK TRANSFER,Mumbai
T5497,U037,2023-06-24,Expense,Food,8126,NO,NO,CASH,Unknown
T6804,U104,2024-07-01,Expense,Food,8670,NO,NO,BANK TRANSFER,Pune
T9100,U129,2023-10-04,Expense,Freelance,122,NO,NO,UNKNOWN,Mumbai
T13687,U024,2021-12-10,Expense,Entertainment,4678,NO,NO,UNKNOWN,Ahmedabad
T10495,U079,2024-07-21,Expense,Rent,5855,NO,NO,UPI,Mumbai
T12036,U149,2024-12-09,Expense,Travel,8836,NO,NO,BANK TRANSFER,Chennai
T2982,U083,2022-04-08,Expense,Utilities,6371,NO,NO,CARD,Mumbai
T13252,U011,2022-06-04,Expense,Utilities,3566,NO,NO,UPI,Bangalore
T5171,U144,2024-04-15,Income,Entertainment,18633,NO,NO,CARD,Ahmedabad
T5435,U066,2022-09-19,Expense,Food,1555,NO,NO,UPI,Jaipur
T5012,U138,2021-12-03,Expense,Savings,4616,NO,NO,CASH,Kolkata
T6898,U023,2022-11-20,Expense,Food,8115,NO,NO,CASH,Chennai
T6198,U109,2022-07-20,Expense,Food,1931,NO,NO,UPI,Unknown
T9654,U098,2021-08-17,Expense,Rent,5889,NO,NO,BANK TRANSFER,Chennai
T8712,U130,2023-09-02,Expense,Food,2407,NO,NO,CASH,Bangalore
T5734,U112,2021-01-10,Expense,Food,5720,NO,NO,CARD,Ahmedabad
T0596,U134,2023-07-19,Expense,Food,7182,NO,NO,UPI,Delhi
T11789,U085,2024-04-22,Expense,Entertainment,3090,NO,NO,UPI,Bangalore
T7100,U088,2021-05-19,Expense,Rent,3238,NO,NO,BANK TRANSFER,Mumbai
T5228,U051,2023-01-27,Expense,Travel,6589,NO,NO,BANK TRANSFER,Bangalore
T0248,U102,2021-11-05,Expense,Food,1463,NO,NO,BANK TRANSFER,Kolkata
T10568,U078,2024-10-01,Expense,Others,1062,NO,NO,BANK TRANSFER,Delhi
T2356,U025,2022-08-12,Expense,Travel,8936,NO,NO,CASH,Chennai
T2897,U122,2022-10-07,Expense,Food,1738,NO,NO,UPI,Kolkata
T6853,U024,2023-06-23,Expense,Food,5172,NO,NO,CASH,Delhi
T3577,U140,2024-08-31,Expense,Utilities,4879,NO,NO,CASH,Pune
T4537,U036,2021-10-16,Income,Bonus,50814,NO,NO,CASH,Kolkata
T12119,U087,2023-08-15,Expense,Freelance,2217,NO,NO,BANK TRANSFER,Unknown
T9478,U002,2021-01-10,Expense,Rent,4410,NO,NO,BANK TRANSFER,Delhi
T10245,U148,2023-07-30,Expense,Food,4247,NO,NO,UPI,Chennai
T6071,U091,2024-10-29,Expense,Travel,6283,NO,NO,CASH,Bangalore
T5189,U047,2022-07-04,Income,Travel,72499,NO,NO,BANK TRANSFER,Mumbai
T7643,U118,2023-01-23,Expense,Rent,8182,NO,NO,UPI,Hyderabad
T1454,U082,2021-06-06,Expense,Food,5713,NO,NO,CASH,Chennai
T9667,U040,2022-09-10,Expense,Salary,5551,NO,NO,CASH,Hyderabad
T2261,U089,2024-05-31,Expense,Others,35686,NO,NO,UPI,Chennai
T9879,U048,2022-08-04,Expense,Food,4347,NO,NO,CARD,Bangalore
T5699,U012,2021-06-26,Expense,Travel,5699,NO,NO,UPI,Bangalore
T6285,U044,2022-10-03,Expense,Utilities,4054,NO,NO,CARD,Delhi
T10856,U006,2024-09-23,Income,Uncategorised,28847,NO,NO,CASH,Unknown
T13849,U062,2022-02-25,Expense,Food,842,NO,NO,UPI,Jaipur
T9312,U013,2021-08-29,Expense,Rent,3959,NO,NO,BANK TRANSFER,Bangalore
T8454,U087,2021-05-24,Expense,Others,9694,NO,NO,CASH,Jaipur
T1234,U038,2021-10-22,Expense,Food,8478,NO,NO,BANK TRANSFER,Hyderabad
T6490,U029,2024-02-07,Expense,Travel,5612,NO,NO,UPI,Mumbai
T3522,U019,2024-03-29,Expense,Investment,7521,NO,NO,UPI,Chennai
T10595,U062,2023-09-15,Expense,Education,1199,NO,NO,CASH,Unknown
T12051,U068,2024-01-28,Expense,Utilities,817,NO,NO,CASH,Pune
T11265,U077,2022-02-08,Expense,Others,4779,NO,NO,CASH,Mumbai
T5048,U039,2021-02-14,Expense,Rent,8953,NO,NO,CASH,Pune
T8750,U149,2024-01-26,Income,Utilities,53734,NO,NO,UPI,Bangalore
T11376,U006,2023-02-27,Expense,Uncategorised,-500,YES,NO,BANK TRANSFER,Hyderabad
T8387,U106,2021-03-02,Income,Travel,17559,NO,NO,UNKNOWN,Lucknow
T5294,U009,2021-07-28,Expense,Travel,7112,NO,NO,CASH,Hyderabad
T6476,U144,2022-12-23,Expense,Food,26635,NO,NO,CASH,Mumbai
T9711,U117,2022-06-16,Expense,Food,6540,NO,NO,BANK TRANSFER,Bangalore
T10054,U102,2024-02-20,Expense,Food,4943,NO,NO,BANK TRANSFER,Pune
T11544,U133,2023-08-11,Expense,Food,9773,NO,NO,BANK TRANSFER,Kolkata
T5972,U090,2021-03-22,Expense,Rent,1731,NO,NO,CARD,Unknown
T10040,U115,2023-04-27,Income,Food,54802,NO,NO,UPI,Chennai
T0132,U111,2021-07-21,Expense,Travel,6508,NO,NO,CARD,Ahmedabad
T13393,U075,2023-08-01,Expense,Utilities,7924,NO,NO,CASH,Delhi
T9185,U134,2024-04-09,Expense,Travel,5687,NO,NO,BANK TRANSFER,Pune
T4531,U147,2024-01-09,Expense,Savings,7389,NO,NO,CASH,Pune
T2367,U059,2023-01-11,Expense,Rent,6134,NO,NO,CASH,Pune
T12074,U066,2023-10-26,Expense,Rent,9850,NO,NO,CASH,Delhi
T8981,U129,2024-01-09,Expense,Food,4300,NO,NO,CASH,Lucknow
T0472,U090,2023-03-12,Expense,Food,9078,NO,NO,CASH,Bangalore
T11799,U103,2021-06-16,Expense,Health,3246,NO,NO,UPI,Hyderabad
T4991,U095,2022-02-04,Expense,Education,4793,NO,NO,BANK TRANSFER,Pune
T0088,U114,2024-10-28,Income,Food,49315,NO,NO,CARD,Delhi
T8382,U043,2022-07-07,Expense,Entertainment,1603,NO,NO,BANK TRANSFER,Unknown
T9822,U129,2024-07-03,Expense,Food,8856,NO,NO,CASH,Delhi
T11296,U080,2021-05-26,Expense,Entertainment,5944,NO,NO,CARD,Unknown
T9030,U074,2023-10-21,Expense,Education,6073,NO,NO,CASH,Chennai
T12525,U020,2024-11-22,Expense,Food,8164,NO,NO,CASH,Mumbai
T11869,U077,2023-05-16,Expense,Travel,2000,NO,NO,CARD,Mumbai
T6922,U009,2021-05-01,Expense,Rent,1795,NO,NO,CARD,Lucknow
T3210,U026,2024-12-17,Expense,Salary,1713,NO,NO,CASH,Chennai
T13968,U083,2024-12-26,Income,Education,34921,NO,NO,CASH,Ahmedabad
T7950,U134,2022-07-17,Expense,Health,3248,NO,NO,BANK TRANSFER,Unknown
T6731,U062,2022-10-25,Income,Utilities,11374,NO,NO,CARD,Mumbai
T8596,U061,2024-04-13,Expense,Uncategorised,4958,NO,NO,BANK TRANSFER,Jaipur
T4692,U108,2022-06-10,Expense,Utilities,0,NO,NO,BANK TRANSFER,Unknown
T2589,U125,2024-02-07,Expense,Others,999999,NO,YES,UNKNOWN,Delhi
T10816,U060,2021-10-04,Expense,Travel,7033,NO,NO,CARD,Pune
T4240,U008,2022-06-05,Expense,Food,4469,NO,NO,CARD,Pune
T5940,U067,2022-10-11,Expense,Rent,7282,NO,NO,CARD,Ahmedabad
T7996,U064,2023-08-29,Expense,Utilities,1516,NO,NO,UPI,Bangalore
T5621,U045,2022-11-23,Expense,Entertainment,1211,NO,NO,UPI,Hyderabad
T13404,U102,2021-10-12,Expense,Food,219,NO,NO,CARD,Ahmedabad
T9710,U065,2024-03-30,Expense,Uncategorised,3268,NO,NO,BANK TRANSFER,Hyderabad
T0095,U128,2023-08-15,Expense,Freelance,4044,NO,NO,BANK TRANSFER,Ahmedabad
T5195,U135,2024-08-23,Expense,Education,5501,NO,NO,BANK TRANSFER,Pune
T8458,U051,2021-05-08,Expense,Travel,975,NO,NO,CARD,Unknown
T6929,U083,2024-03-19,Expense,Travel,728,NO,NO,BANK TRANSFER,Delhi
T11815,U051,2023-09-04,Expense,Education,7752,NO,NO,UPI,Bangalore
T0757,U150,2022-04-14,Expense,Food,2380,NO,NO,CASH,Pune
T1532,U009,2023-01-19,Expense,Savings,3838,NO,NO,BANK TRANSFER,Pune
T4749,U056,2022-03-27,Income,Education,26157,NO,NO,CARD,Lucknow
T8595,U103,2024-12-01,Expense,Food,3998,NO,NO,CASH,Hyderabad
T0028,U148,2021-01-13,Expense,Food,9047,NO,NO,UPI,Pune
T3967,U122,2021-07-10,Expense,Rent,7273,NO,NO,UPI,Ahmedabad
T12429,U033,2022-01-12,Expense,Others,360,NO,NO,CARD,Delhi
T5347,U011,2023-06-21,Expense,Food,5491,NO,NO,BANK TRANSFER,Delhi
T12192,U058,2021-08-28,Expense,Rent,217,NO,NO,BANK TRANSFER,Delhi
T5423,U043,2021-04-08,Expense,Utilities,299,NO,NO,UPI,Ahmedabad
T9816,U041,2022-12-25,Expense,Food,0,NO,NO,CASH,Bangalore
T6606,U071,2022-09-23,Expense,Food,1870,NO,NO,CASH,Ahmedabad
T5964,U056,2023-10-02,Income,Food,77936,NO,NO,CASH,Hyderabad
T13105,U023,2021-08-13,Expense,Health,999999,NO,YES,CARD,Lucknow
T9934,U051,2021-09-01,Expense,Travel,6862,NO,NO,CARD,Pune
T4988,U029,2022-02-17,Expense,Health,2994,NO,NO,UNKNOWN,Ahmedabad
T11624,U058,2023-05-03,Expense,Rent,1055,NO,NO,CARD,Chennai
T2679,U074,2022-11-29,Expense,Food,5081,NO,NO,CARD,Unknown
T2590,U118,2024-09-06,Expense,Entertainment,3591,NO,NO,CARD,Unknown
T12808,U124,2021-04-29,Expense,Food,334,NO,NO,UPI,Unknown
T0941,U019,2023-01-10,Expense,Rent,4864,NO,NO,UPI,Delhi
T2140,U051,2022-07-24,Expense,Rent,1668,NO,NO,UPI,Kolkata
T2530,U035,2024-12-26,Expense,Education,2903,NO,NO,BANK TRANSFER,Chennai
T7717,U108,2022-12-12,Expense,Food,7491,NO,NO,UPI,Hyderabad
T1966,U147,2024-03-21,Expense,Food,42642,NO,NO,CASH,Delhi
T9343,U030,2022-07-29,Expense,Rent,1195,NO,NO,BANK TRANSFER,Ahmedabad
T2065,U021,2023-07-04,Expense,Others,6393,NO,NO,CARD,Ahmedabad
T7959,U103,2022-05-23,Expense,Savings,3741,NO,NO,CASH,Ahmedabad
T10434,U122,2024-01-14,Expense,Food,1094,NO,NO,CASH,Jaipur
T9271,U070,2022-01-24,Expense,Utilities,2203,NO,NO,CASH,Jaipur
T3856,U087,2021-09-30,Expense,Education,2101,NO,NO,UPI,Ahmedabad
T9016,U014,2024-09-02,Expense,Food,5130,NO,NO,CARD,Pune
T2945,U091,2022-09-09,Income,Travel,17985,NO,NO,CARD,Jaipur
T9335,U068,2022-10-08,Expense,Utilities,7776,NO,NO,UPI,Delhi
T3478,U078,2021-09-07,Expense,Travel,3025,NO,NO,BANK TRANSFER,Pune
T13382,U102,2023-06-20,Expense,Utilities,205,NO,NO,BANK TRANSFER,Jaipur
T10477,U074,2023-08-04,Expense,Food,1113,NO,NO,CASH,Chennai
T3906,U051,2021-11-07,Income,Travel,23559,NO,NO,UPI,Chennai
T13417,U053,2023-03-05,Income,Others,49255,NO,NO,BANK TRANSFER,Ahmedabad
T9031,U086,2023-01-01,Expense,Food,729,NO,NO,UPI,Bangalore
T11283,U112,2021-03-25,Expense,Health,667,NO,NO,BANK TRANSFER,Kolkata
T6768,U069,2021-06-24,Expense,Food,9971,NO,NO,BANK TRANSFER,Unknown
T3417,U105,2021-12-31,Expense,Travel,4038,NO,NO,CASH,Jaipur
T11579,U006,2024-04-06,Expense,Food,47633,NO,NO,BANK TRANSFER,Lucknow
T3959,U100,2023-02-03,Expense,Food,4529,NO,NO,UPI,Jaipur
T5917,U106,2023-09-28,Income,Travel,73117,NO,NO,CARD,Delhi
T11845,U032,2022-07-04,Expense,Health,0,NO,NO,CASH,Kolkata
T6591,U075,2022-10-19,Expense,Food,2642,NO,NO,BANK TRANSFER,Lucknow
T7223,U053,2024-02-23,Expense,Entertainment,5693,NO,NO,CARD,Bangalore
T5169,U045,2022-07-18,Expense,Education,623,NO,NO,BANK TRANSFER,Chennai
T11261,U116,2024-11-04,Expense,Freelance,6507,NO,NO,BANK TRANSFER,Mumbai
T10966,U044,2021-11-30,Expense,Freelance,3871,NO,NO,BANK TRANSFER,Hyderabad
T7318,U097,2023-11-08,Expense,Food,9421,NO,NO,BANK TRANSFER,Bangalore
T11476,U133,2024-10-16,Income,Investment,55084,NO,NO,CASH,Pune
T10783,U016,2022-09-11,Expense,Food,1319,NO,NO,UPI,Chennai
T0520,U020,2024-03-07,Expense,Utilities,2585,NO,NO,CASH,Hyderabad
T4579,U104,2022-03-04,Expense,Travel,1572,NO,NO,CASH,Delhi
T2100,U040,2021-09-14,Income,Entertainment,76402,NO,NO,UPI,Ahmedabad
T13361,U078,2024-08-09,Expense,Food,2049,NO,NO,UPI,Delhi
T9489,U084,2023-03-25,Expense,Utilities,3960,NO,NO,CASH,Unknown
T11028,U071,2022-12-10,Income,Food,13097,NO,NO,CASH,Lucknow
T4825,U101,2024-05-13,Expense,Food,0,NO,NO,CASH,Mumbai
T11098,U067,2022-08-16,Expense,Food,3628,NO,NO,CASH,Kolkata
T1205,U123,2021-07-01,Expense,Food,9335,NO,NO,BANK TRANSFER,Bangalore
T3612,U146,2023-05-29,Expense,Bonus,9780,NO,NO,UPI,Ahmedabad
T12727,U034,2024-06-25,Expense,Food,8879,NO,NO,BANK TRANSFER,Hyderabad
T1536,U023,2021-01-03,Expense,Utilities,4398,NO,NO,CASH,Ahmedabad
T1153,U045,2023-08-06,Expense,Salary,1910,NO,NO,BANK TRANSFER,Pune
T0947,U023,2024-03-21,Expense,Bonus,2407,NO,NO,CARD,Lucknow
T7163,U078,2022-03-07,Expense,Travel,2197,NO,NO,UPI,Lucknow
T4623,U111,2024-02-27,Expense,Rent,3434,NO,NO,UPI,Bangalore
T8743,U130,2023-09-11,Expense,Travel,5774,NO,NO,BANK TRANSFER,Jaipur
T12890,U064,2022-11-06,Expense,Rent,3997,NO,NO,CASH,Unknown
T9860,U115,2021-03-14,Expense,Bonus,7989,NO,NO,UPI,Jaipur
T0876,U109,2022-12-10,Expense,Education,2044,NO,NO,UPI,Mumbai
T8141,U061,2022-05-21,Expense,Food,5164,NO,NO,UPI,Ahmedabad
T8151,U114,2022-02-27,Expense,Food,5078,NO,NO,CARD,Unknown
T0446,U114,2021-01-10,Expense,Health,4008,NO,NO,UNKNOWN,Unknown
T13680,U121,2023-02-14,Expense,Food,47179,NO,NO,UPI,Kolkata
T8842,U101,2024-06-30,Expense,Entertainment,7181,NO,NO,CASH,Lucknow
T0623,U098,2021-12-31,Expense,Food,3364,NO,NO,UPI,Lucknow
T12523,U106,2021-01-06,Expense,Rent,2938,NO,NO,UNKNOWN,Chennai
T7296,U034,2024-12-10,Expense,Health,5930,NO,NO,BANK TRANSFER,Bangalore
T3002,U113,2022-05-28,Expense,Rent,5036,NO,NO,BANK TRANSFER,Bangalore
T1940,U088,2021-09-20,Expense,Food,678,NO,NO,UNKNOWN,Chennai
T12710,U068,2023-06-07,Expense,Entertainment,2653,NO,NO,CASH,Pune
T4373,U088,2021-03-06,Expense,Rent,4875,NO,NO,UPI,Unknown
T13590,U142,2023-03-26,Expense,Rent,1636,NO,NO,BANK TRANSFER,Chennai
T3216,U036,2022-02-16,Expense,Food,6368,NO,NO,CARD,Ahmedabad
T7903,U101,2021-11-02,Expense,Rent,1559,NO,NO,CARD,Pune
T7146,U111,2023-11-08,Expense,Food,5128,NO,NO,CARD,Kolkata
T3212,U132,2024-06-25,Expense,Entertainment,41736,NO,NO,BANK TRANSFER,Unknown
T13989,U095,2023-11-30,Income,Education,74119,NO,NO,UPI,Mumbai
T2062,U046,2022-02-04,Expense,Freelance,8256,NO,NO,BANK TRANSFER,Bangalore
T12056,U120,2022-10-25,Expense,Rent,5599,NO,NO,CASH,Kolkata
T5545,U113,2023-06-11,Expense,Travel,255,NO,NO,CASH,Pune
T13976,U023,2023-05-03,Expense,Food,6714,NO,NO,CASH,Hyderabad
T13549,U013,2024-10-08,Expense,Rent,4778,NO,NO,BANK TRANSFER,Hyderabad
T13705,U122,2024-11-11,Expense,Rent,7781,NO,NO,BANK TRANSFER,Delhi
T11499,U137,2024-07-02,Expense,Others,8947,NO,NO,CARD,Bangalore
T12162,U074,2022-08-02,Expense,Entertainment,5094,NO,NO,UNKNOWN,Kolkata
T0527,U108,2024-01-02,Expense,Bonus,9444,NO,NO,CARD,Lucknow
T2922,U042,2022-01-01,Expense,Entertainment,1870,NO,NO,BANK TRANSFER,Bangalore
T12806,U145,2023-12-19,Expense,Education,8213,NO,NO,UPI,Hyderabad
T12354,U075,2023-05-14,Expense,Investment,565,NO,NO,BANK TRANSFER,Bangalore
T0620,U044,2024-04-16,Expense,Rent,6921,NO,NO,CARD,Ahmedabad
T5515,U108,2022-03-02,Income,Freelance,21587,NO,NO,CARD,Jaipur
T1151,U108,2021-03-06,Expense,Rent,837,NO,NO,BANK TRANSFER,Delhi
T3962,U077,2022-05-03,Expense,Rent,1986,NO,NO,CASH,Lucknow
T7277,U062,2024-08-05,Expense,Rent,2486,NO,NO,UPI,Pune
T12829,U087,2023-06-22,Expense,Rent,9634,NO,NO,UPI,Kolkata
T9483,U053,2021-04-08,Expense,Utilities,4367,NO,NO,CARD,Mumbai
T13395,U032,2023-04-20,Expense,Education,3121,NO,NO,UPI,Chennai
T6875,U123,2022-01-05,Expense,Others,8259,NO,NO,UNKNOWN,Kolkata
T11970,U015,2023-05-09,Expense,Freelance,0,NO,NO,CARD,Hyderabad
T0936,U084,2024-10-09,Expense,Savings,3019,NO,NO,BANK TRANSFER,Mumbai
T1442,U068,2021-05-27,Expense,Others,5873,NO,NO,BANK TRANSFER,Hyderabad
T6098,U067,2021-10-22,Expense,Food,4989,NO,NO,CARD,Ahmedabad
T2240,U033,2022-04-11,Expense,Health,145,NO,NO,BANK TRANSFER,Jaipur
T6536,U003,2022-03-22,Expense,Rent,5996,NO,NO,CARD,Jaipur
T5206,U058,2021-06-09,Expense,Travel,7540,NO,NO,BANK TRANSFER,Mumbai
T10407,U025,2022-11-17,Expense,Rent,5454,NO,NO,CARD,Mumbai
T4152,U122,2021-10-22,Expense,Food,5081,NO,NO,CARD,Mumbai
T5994,U114,2021-10-06,Expense,Entertainment,8768,NO,NO,CARD,Mumbai
T9262,U046,2024-10-22,Expense,Education,6076,NO,NO,UNKNOWN,Ahmedabad
T0882,U044,2023-05-25,Expense,Food,9121,NO,NO,UPI,Jaipur
T10426,U041,2021-01-16,Expense,Others,3394,NO,NO,BANK TRANSFER,Ahmedabad
T10789,U127,2023-01-23,Expense,Food,28774,NO,NO,UPI,Lucknow
T12877,U037,2021-10-18,Expense,Rent,2479,NO,NO,BANK TRANSFER,Unknown
T5285,U060,2023-04-30,Expense,Food,8833,NO,NO,BANK TRANSFER,Delhi
T8311,U059,2024-04-18,Expense,Salary,7445,NO,NO,CASH,Mumbai
T11886,U004,2024-03-21,Expense,Rent,7649,NO,NO,UPI,Pune
T0981,U083,2023-01-31,Expense,Food,-1000,YES,NO,CASH,Delhi
T10280,U062,2022-03-31,Expense,Utilities,39939,NO,NO,CARD,Lucknow
T10756,U124,2023-06-11,Expense,Food,5203,NO,NO,CARD,Delhi
T9223,U128,2021-02-06,Expense,Rent,3898,NO,NO,BANK TRANSFER,Chennai
T10952,U028,2024-12-08,Expense,Food,4723,NO,NO,BANK TRANSFER,Ahmedabad
T12177,U134,2021-03-12,Expense,Travel,45096,NO,NO,CASH,Chennai
T2936,U035,2022-11-03,Income,Travel,12981,NO,NO,UPI,Ahmedabad
T2703,U093,2024-11-26,Expense,Rent,7903,NO,NO,UPI,Ahmedabad
T12516,U147,2021-11-28,Expense,Education,0,NO,NO,UPI,Delhi
T9119,U066,2022-12-17,Expense,Travel,650,NO,NO,UPI,Chennai
T1930,U049,2024-11-17,Expense,Rent,6401,NO,NO,CARD,Hyderabad
T0233,U103,2024-02-02,Expense,Utilities,186,NO,NO,BANK TRANSFER,Unknown
T11398,U133,2022-09-03,Expense,Utilities,7581,NO,NO,CASH,Lucknow
T12631,U085,2024-08-03,Expense,Rent,7202,NO,NO,CASH,Chennai
T11624,U058,2023-05-03,Expense,Education,1055,NO,NO,CARD,Chennai
T4080,U095,2021-02-15,Expense,Travel,1773,NO,NO,CARD,Kolkata
T13351,U143,2022-12-29,Expense,Entertainment,7006,NO,NO,BANK TRANSFER,Delhi
T6947,U141,2023-08-16,Expense,Food,1256,NO,NO,BANK TRANSFER,Delhi
T12292,U004,2022-04-14,Expense,Education,1783,NO,NO,BANK TRANSFER,Kolkata
T5919,U098,2023-11-01,Expense,Entertainment,7445,NO,NO,CASH,Lucknow
T11894,U074,2023-01-17,Expense,Utilities,92,NO,NO,UPI,Ahmedabad
T4552,U085,2024-08-30,Expense,Rent,5683,NO,NO,CASH,Hyderabad
T4074,U072,2022-03-17,Expense,Entertainment,999999,NO,YES,CARD,Hyderabad
T11557,U124,2021-05-27,Expense,Food,2799,NO,NO,CARD,Ahmedabad
T4321,U090,2021-03-19,Expense,Salary,8624,NO,NO,CASH,Hyderabad
T5212,U033,2023-03-22,Expense,Freelance,3872,NO,NO,CASH,Bangalore
T10959,U111,2021-11-07,Expense,Utilities,3380,NO,NO,UNKNOWN,Jaipur
T2290,U109,2022-06-05,Expense,Bonus,1621,NO,NO,UNKNOWN,Bangalore
T3870,U011,2021-02-22,Expense,Food,995,NO,NO,UNKNOWN,Kolkata
T10364,U121,2023-04-25,Expense,Rent,2653,NO,NO,CASH,Jaipur
T2520,U105,2021-08-13,Expense,Misc,6103,NO,NO,CARD,Lucknow
T13354,U119,2022-03-11,Income,Rent,33528,NO,NO,UPI,Kolkata
T3325,U074,2021-02-28,Income,Utilities,69344,NO,NO,UPI,Kolkata
T10420,U116,2022-03-14,Expense,Food,0,NO,NO,UPI,Pune
T5309,U008,2021-02-11,Income,Food,29479,NO,NO,BANK TRANSFER,Chennai
T11333,U089,2023-01-24,Expense,Rent,2475,NO,NO,CASH,Hyderabad
T3273,U002,2024-11-24,Expense,Education,9866,NO,NO,CARD,Ahmedabad
T12846,U114,2023-07-17,Expense,Freelance,2375,NO,NO,UPI,Unknown
T1531,U063,2021-11-11,Expense,Utilities,4372,NO,NO,UPI,Ahmedabad
T10402,U005,2024-04-29,Expense,Travel,758,NO,NO,CASH,Bangalore
T4701,U033,2021-12-31,Expense,Travel,2519,NO,NO,CASH,Ahmedabad
T13402,U070,2023-12-08,Expense,Entertainment,3976,NO,NO,UPI,Jaipur
T12732,U147,2024-03-08,Expense,Travel,1553,NO,NO,UPI,Pune
T5356,U050,2021-07-17,Expense,Entertainment,2639,NO,NO,BANK TRANSFER,Unknown
T7068,U052,2022-11-28,Expense,Education,6568,NO,NO,CARD,Kolkata
T13300,U051,2023-03-09,Income,Utilities,61069,NO,NO,CASH,Ahmedabad
T9744,U119,2024-01-20,Expense,Entertainment,2666,NO,NO,UPI,Mumbai
T3848,U143,2023-02-06,Expense,Travel,5651,NO,NO,UPI,Kolkata
T10211,U055,2021-12-07,Income,Travel,21856,NO,NO,CARD,Kolkata
T10148,U066,2023-11-16,Income,Food,65768,NO,NO,CARD,Bangalore
T2733,U138,2022-05-02,Expense,Food,4502,NO,NO,BANK TRANSFER,Delhi
T5913,U129,2022-04-09,Expense,Utilities,8521,NO,NO,BANK TRANSFER,Bangalore
T5646,U126,2023-10-25,Expense,Utilities,4831,NO,NO,BANK TRANSFER,Ahmedabad
T12332,U054,2021-04-04,Expense,Education,14036,NO,NO,UNKNOWN,Lucknow
T9702,U022,2024-02-14,Income,Education,75836,NO,NO,BANK TRANSFER,Mumbai
T7236,U046,2023-09-18,Expense,Food,2993,NO,NO,CASH,Delhi
T2906,U063,2024-03-21,Expense,Education,3136,NO,NO,UPI,Pune
T2786,U060,2024-09-15,Expense,Health,8292,NO,NO,CARD,Mumbai
T5184,U138,2021-05-03,Expense,Investment,168,NO,NO,CASH,Pune
T9778,U031,2021-01-20,Expense,Savings,201,NO,NO,CARD,Ahmedabad
T10335,U145,2024-02-27,Expense,Food,257,NO,NO,UPI,Pune
T7358,U118,2022-08-22,Expense,Utilities,3940,NO,NO,CARD,Jaipur
T5798,U013,2021-05-03,Expense,Rent,4115,NO,NO,UNKNOWN,Hyderabad
T13489,U016,2022-02-02,Expense,Investment,6837,NO,NO,UPI,Chennai
T7113,U049,2022-02-28,Expense,Uncategorised,6367,NO,NO,UPI,Pune
T7855,U124,2021-05-12,Expense,Savings,3816,NO,NO,CARD,Delhi
T7636,U136,2022-10-02,Expense,Savings,1481,NO,NO,BANK TRANSFER,Pune
T3196,U083,2023-01-15,Expense,Education,35570,NO,NO,CASH,Pune
T5772,U150,2021-09-29,Expense,Rent,13459,NO,NO,BANK TRANSFER,Pune
T10753,U090,2021-10-19,Expense,Entertainment,937,NO,NO,CASH,Lucknow
T13564,U146,2021-09-09,Expense,Rent,652,NO,NO,CARD,Ahmedabad
T11095,U097,2022-08-31,Expense,Health,2290,NO,NO,BANK TRANSFER,Jaipur
T1320,U122,2021-08-26,Expense,Rent,7976,NO,NO,CASH,Delhi
T1239,U128,2022-03-03,Expense,Entertainment,2724,NO,NO,BANK TRANSFER,Pune
T8416,U130,2024-06-13,Income,Food,14969,NO,NO,BANK TRANSFER,Lucknow
T7893,U099,2023-06-27,Expense,Food,16138,NO,NO,CASH,Delhi
T3635,U016,2023-09-06,Expense,Food,6951,NO,NO,CASH,Pune
T13394,U122,2023-05-06,Expense,Food,3522,NO,NO,UPI,Pune
T13480,U067,2021-05-04,Expense,Food,9287,NO,NO,CASH,Mumbai
T13563,U145,2021-03-10,Expense,Food,3517,NO,NO,CASH,Unknown
T3517,U144,2023-06-28,Income,Travel,18227,NO,NO,CARD,Pune
T5255,U097,2022-01-13,Expense,Food,6922,NO,NO,CARD,Mumbai
T12155,U010,2022-04-22,Income,Investment,48000,NO,NO,CASH,Jaipur
T8518,U126,2023-06-29,Expense,Salary,7890,NO,NO,CASH,Hyderabad
T13794,U055,2022-06-11,Expense,Utilities,7055,NO,NO,CASH,Chennai
T12632,U084,2023-03-22,Income,Food,49660,NO,NO,BANK TRANSFER,Bangalore
T8117,U101,2021-05-05,Expense,Rent,7157,NO,NO,UPI,Jaipur
T1095,U105,2024-06-28,Income,Health,32722,NO,NO,CASH,Jaipur
T9598,U050,2022-05-18,Expense,Utilities,38642,NO,NO,CARD,Unknown
T7450,U048,2023-06-19,Expense,Utilities,-1000,YES,NO,BANK TRANSFER,Pune
T12030,U047,2022-11-27,Expense,Rent,9384,NO,NO,BANK TRANSFER,Ahmedabad
T13180,U074,2022-10-07,Expense,Utilities,4980,NO,NO,UPI,Unknown
T2376,U130,2022-04-27,Expense,Travel,234,NO,NO,CARD,Delhi
T3858,U124,2021-06-30,Expense,Freelance,7612,NO,NO,CARD,Jaipur
T6773,U027,2023-01-14,Income,Utilities,17938,NO,NO,CARD,Delhi
T7976,U028,2021-05-25,Income,Bonus,25157,NO,NO,CASH,Hyderabad
T2595,U135,2022-03-16,Expense,Food,6031,NO,NO,CARD,Mumbai
T5225,U010,2024-07-18,Income,Education,20023,NO,NO,UPI,Jaipur
T4672,U075,2024-07-28,Expense,Education,715,NO,NO,CASH,Chennai
T7966,U100,2021-10-31,Expense,Others,1112,NO,NO,CASH,Unknown
T2838,U117,2023-08-16,Expense,Travel,1680,NO,NO,CARD,Mumbai
T6666,U004,2024-09-05,Expense,Rent,7543,NO,NO,BANK TRANSFER,Jaipur
T13386,U060,2024-06-03,Expense,Health,25844,NO,NO,CASH,Pune
T10796,U064,2023-06-28,Expense,Freelance,4097,NO,NO,UPI,Mumbai
T1170,U076,2022-10-14,Expense,Entertainment,3742,NO,NO,CASH,Hyderabad
T3218,U002,2024-01-31,Expense,Entertainment,2325,NO,NO,UPI,Mumbai
T13477,U016,2023-11-21,Expense,Health,4050,NO,NO,CASH,Kolkata
T2051,U020,2024-11-05,Income,Rent,14617,NO,NO,BANK TRANSFER,Pune
T2246,U061,2021-04-01,Expense,Food,3765,NO,NO,BANK TRANSFER,Chennai
T5971,U030,2023-01-03,Expense,Health,6246,NO,NO,CARD,Kolkata
T10930,U004,2023-11-02,Expense,Food,8926,NO,NO,BANK TRANSFER,Bangalore
T8240,U047,2022-01-02,Income,Investment,36887,NO,NO,CASH,Delhi
T0302,U148,2022-04-30,Expense,Food,7481,NO,NO,BANK TRANSFER,Jaipur
T5923,U077,2022-05-30,Expense,Food,3745,NO,NO,CASH,Pune
T10278,U122,2024-09-17,Expense,Utilities,9442,NO,NO,CASH,Ahmedabad
T4968,U103,2021-09-19,Income,Rent,41698,NO,NO,CASH,Jaipur
T11862,U099,2022-09-05,Expense,Entertainment,6945,NO,NO,CASH,Hyderabad
T12244,U018,2022-11-15,Expense,Travel,4758,NO,NO,UPI,Pune
T13643,U116,2024-08-09,Expense,Food,0,NO,NO,UPI,Lucknow
T5028,U049,2022-09-25,Expense,Entertainment,9829,NO,NO,CASH,Pune
T6002,U078,2023-07-24,Expense,Food,4834,NO,NO,CASH,Ahmedabad
T11216,U030,2021-03-31,Expense,Utilities,2334,NO,NO,CASH,Hyderabad
T2089,U131,2021-07-19,Expense,Food,4962,NO,NO,BANK TRANSFER,Lucknow
T0108,U141,2024-06-01,Expense,Investment,1441,NO,NO,CASH,Jaipur
T7126,U111,2024-11-06,Expense,Others,1612,NO,NO,UNKNOWN,Kolkata
T1057,U017,2021-09-08,Expense,Uncategorised,3809,NO,NO,CASH,Delhi
T11891,U058,2024-09-23,Expense,Travel,3649,NO,NO,UPI,Unknown
T4129,U125,2024-11-27,Expense,Food,1113,NO,NO,BANK TRANSFER,Lucknow
T0135,U030,2023-07-27,Expense,Food,9769,NO,NO,UPI,Bangalore
T8374,U019,2022-05-20,Expense,Savings,5754,NO,NO,UPI,Bangalore
T0699,U045,2024-06-25,Expense,Education,2634,NO,NO,CARD,Ahmedabad
T3536,U012,2024-09-06,Expense,Education,5911,NO,NO,CASH,Mumbai
T8017,U091,2024-08-10,Expense,Travel,2807,NO,NO,BANK TRANSFER,Ahmedabad
T5820,U045,2024-05-26,Expense,Health,4911,NO,NO,CARD,Hyderabad
T6934,U058,2022-06-28,Expense,Education,4975,NO,NO,UPI,Mumbai
T2618,U055,2022-11-03,Expense,Savings,8690,NO,NO,CASH,Unknown
T11926,U011,2024-03-31,Expense,Entertainment,8255,NO,NO,UNKNOWN,Chennai
T9640,U072,2022-06-21,Expense,Savings,999999999,NO,YES,BANK TRANSFER,Delhi
T4221,U017,2023-01-27,Income,Rent,29115,NO,NO,UPI,Kolkata
T3271,U099,2024-11-25,Income,Rent,63736,NO,NO,BANK TRANSFER,Pune
T12654,U149,2023-09-16,Expense,Food,3203,NO,NO,CASH,Delhi
T6523,U010,2023-05-12,Income,Food,365282,NO,NO,BANK TRANSFER,Ahmedabad
T1049,U033,2022-12-06,Expense,Others,3020,NO,NO,CASH,Kolkata
T3452,U074,2022-01-15,Expense,Food,2944,NO,NO,UNKNOWN,Hyderabad
T5236,U039,2024-09-06,Expense,Savings,128,NO,NO,BANK TRANSFER,Jaipur
T4742,U054,2023-08-31,Expense,Travel,8830,NO,NO,UPI,Kolkata
T11878,U083,2024-08-07,Expense,Entertainment,37972,NO,NO,CARD,Lucknow
T13595,U095,2021-01-04,Expense,Salary,1837,NO,NO,CARD,Lucknow
T0829,U043,2024-09-14,Expense,Travel,8956,NO,NO,CARD,Kolkata
T0588,U039,2024-08-22,Expense,Rent,4755,NO,NO,CASH,Lucknow
T10358,U098,2024-02-07,Expense,Entertainment,6826,NO,NO,BANK TRANSFER,Unknown
T13794,U016,2023-12-26,Expense,Uncategorised,523,NO,NO,UNKNOWN,Pune
T5543,U013,2021-11-30,Income,Utilities,79300,NO,NO,BANK TRANSFER,Lucknow
T0014,U139,2022-10-05,Expense,Utilities,8420,NO,NO,CARD,Lucknow
T9999,U013,2023-03-20,Expense,Savings,8520,NO,NO,CARD,Unknown
T9785,U057,2022-06-21,Expense,Food,8025,NO,NO,CASH,Lucknow
T13340,U024,2023-10-20,Expense,Utilities,0,NO,NO,CASH,Bangalore
T3949,U062,2023-02-22,Expense,Travel,3148,NO,NO,UPI,Jaipur
T7668,U079,2022-08-05,Expense,Investment,3054,NO,NO,CASH,Jaipur
T10319,U082,2021-09-01,Expense,Rent,4117,NO,NO,CARD,Mumbai
T13445,U060,2024-08-18,Expense,Others,9137,NO,NO,CASH,Kolkata
T8853,U124,2022-12-17,Expense,Food,7277,NO,NO,BANK TRANSFER,Mumbai
T9202,U041,2021-03-17,Expense,Food,3328,NO,NO,UPI,Jaipur
T2174,U021,2023-12-15,Expense,Rent,8920,NO,NO,CASH,Bangalore
T0818,U046,2022-03-05,Expense,Health,2303,NO,NO,UPI,Pune
T11725,U139,2022-06-05,Expense,Health,3780,NO,NO,CARD,Kolkata
T1331,U100,2021-10-28,Expense,Others,4708,NO,NO,BANK TRANSFER,Jaipur
T9549,U050,2023-02-16,Expense,Food,9318,NO,NO,CARD,Kolkata
T6354,U148,2024-03-14,Expense,Uncategorised,3707,NO,NO,BANK TRANSFER,Ahmedabad
T7801,U071,2022-02-21,Expense,Salary,9174,NO,NO,BANK TRANSFER,Jaipur
T0219,U061,2024-06-22,Expense,Freelance,5108,NO,NO,UPI,Hyderabad
T13944,U041,2021-11-11,Expense,Food,3615,NO,NO,BANK TRANSFER,Kolkata
T1014,U094,2021-01-22,Expense,Food,5264,NO,NO,UPI,Unknown
T1648,U123,2021-09-14,Expense,Others,5968,NO,NO,BANK TRANSFER,Chennai
T10292,U005,2022-12-05,Income,Rent,44839,NO,NO,BANK TRANSFER,Jaipur
T11536,U111,2022-07-16,Expense,Utilities,7364,NO,NO,CARD,Lucknow
T3903,U069,2024-12-09,Expense,Food,5414,NO,NO,CASH,Mumbai
T10447,U067,2022-11-22,Expense,Salary,5930,NO,NO,CASH,Ahmedabad
T8328,U020,2024-10-05,Expense,Food,4435,NO,NO,BANK TRANSFER,Jaipur
T6366,U087,2021-05-23,Expense,Uncategorised,7979,NO,NO,BANK TRANSFER,Kolkata
T7025,U126,2023-07-23,Income,Rent,79771,NO,NO,CASH,Unknown
T3966,U143,2023-12-09,Expense,Others,6278,NO,NO,UPI,Unknown
T11962,U136,2022-06-16,Expense,Food,6042,NO,NO,CARD,Pune
T7751,U048,2022-03-30,Expense,Travel,8824,NO,NO,CASH,Jaipur
T8426,U070,2023-02-17,Expense,Utilities,6111,NO,NO,BANK TRANSFER,Unknown
T1483,U023,2022-11-19,Expense,Food,4489,NO,NO,CASH,Mumbai
T0633,U069,2021-07-07,Expense,Travel,1097,NO,NO,BANK TRANSFER,Mumbai
T4827,U140,2023-04-30,Expense,Food,32922,NO,NO,UNKNOWN,Unknown
T0267,U011,2024-03-02,Expense,Food,6536,NO,NO,CASH,Pune
T6514,U033,2023-09-27,Expense,Uncategorised,6946,NO,NO,CARD,Lucknow
T8728,U002,2023-04-25,Expense,Salary,1733,NO,NO,BANK TRANSFER,Bangalore
T8184,U106,2024-10-10,Expense,Uncategorised,9374,NO,NO,UPI,Unknown
T11152,U125,2024-07-23,Expense,Others,5006,NO,NO,CARD,Lucknow
T7278,U111,2022-01-26,Expense,Rent,2250,NO,NO,CASH,Mumbai
T0695,U116,2024-11-28,Expense,Travel,2463,NO,NO,CASH,Unknown
T4495,U057,2021-11-10,Expense,Utilities,5594,NO,NO,CASH,Hyderabad
T8668,U121,2021-05-04,Expense,Education,4697,NO,NO,BANK TRANSFER,Unknown
T11880,U144,2022-08-09,Expense,Rent,485,NO,NO,CASH,Unknown
T2842,U048,2021-04-06,Expense,Utilities,6661,NO,NO,UPI,Bangalore
T5712,U132,2024-05-19,Income,Others,23760,NO,NO,BANK TRANSFER,Jaipur
T3714,U135,2023-10-29,Income,Food,63400,NO,NO,BANK TRANSFER,Jaipur
T13112,U119,2021-02-14,Expense,Food,1245,NO,NO,CARD,Chennai
T2834,U012,2024-07-13,Expense,Education,1022,NO,NO,CASH,Chennai
T8822,U042,2021-06-19,Expense,Food,4893,NO,NO,BANK TRANSFER,Unknown
T4246,U119,2021-02-14,Income,Food,10833,NO,NO,UPI,Jaipur
T11773,U003,2023-03-25,Expense,Food,5749,NO,NO,UPI,Lucknow
T10518,U087,2021-10-01,Expense,Food,2990,NO,NO,CARD,Pune
T5104,U028,2022-11-12,Expense,Salary,2442,NO,NO,UPI,Delhi
T7391,U082,2023-06-09,Expense,Investment,20047,NO,NO,CASH,Pune
T2481,U006,2024-04-03,Expense,Food,2965,NO,NO,UPI,Ahmedabad
T2213,U067,2021-09-21,Expense,Others,924,NO,NO,CASH,Hyderabad
T4915,U049,2021-01-28,Income,Salary,59537,NO,NO,BANK TRANSFER,Unknown
T0674,U138,2024-05-20,Expense,Health,8947,NO,NO,BANK TRANSFER,Lucknow
T3280,U082,2022-01-31,Income,Entertainment,51115,NO,NO,CASH,Mumbai
T4113,U038,2022-09-03,Expense,Entertainment,4224,NO,NO,CARD,Lucknow
T6140,U094,2024-02-14,Expense,Rent,9390,NO,NO,BANK TRANSFER,Jaipur
T13890,U090,2023-09-16,Expense,Utilities,801,NO,NO,CASH,Mumbai
T2359,U115,2024-12-22,Expense,Utilities,3554,NO,NO,CARD,Unknown
T12649,U086,2021-03-19,Expense,Rent,7457,NO,NO,CARD,Delhi
T5581,U047,2024-08-05,Expense,Food,5330,NO,NO,BANK TRANSFER,Pune
T8917,U103,2021-12-05,Expense,Food,9357,NO,NO,CARD,Lucknow
T9166,U051,2021-02-19,Income,Utilities,47673,NO,NO,CARD,Mumbai
T4327,U033,2021-07-21,Expense,Entertainment,6763,NO,NO,CASH,Ahmedabad
T2218,U081,2024-09-21,Expense,Health,2959,NO,NO,BANK TRANSFER,Pune
T3245,U052,2021-05-07,Expense,Health,3194,NO,NO,BANK TRANSFER,Ahmedabad
T6434,U044,2022-10-25,Expense,Bonus,3671,NO,NO,CARD,Unknown
T9358,U048,2024-08-04,Expense,Food,9974,NO,NO,UPI,Jaipur
T7336,U086,2023-07-27,Expense,Travel,7298,NO,NO,CASH,Lucknow
T5016,U010,2024-04-17,Expense,Education,103,NO,NO,CARD,Jaipur
T10565,U068,2023-05-21,Income,Rent,44561,NO,NO,CASH,Unknown
T5863,U108,2021-12-18,Expense,Rent,1411,NO,NO,BANK TRANSFER,Unknown
T11751,U045,2021-04-14,Expense,Rent,3661,NO,NO,UPI,Hyderabad
T6167,U066,2023-09-08,Expense,Food,6911,NO,NO,BANK TRANSFER,Chennai
T10267,U128,2021-10-19,Expense,Utilities,6484,NO,NO,UPI,Jaipur
T7398,U111,2024-05-23,Expense,Entertainment,1516,NO,NO,BANK TRANSFER,Ahmedabad
T9745,U075,2024-01-01,Expense,Food,6332,NO,NO,CASH,Bangalore
T3580,U023,2024-09-16,Expense,Food,2207,NO,NO,BANK TRANSFER,Bangalore
T1803,U012,2023-10-23,Expense,Travel,846,NO,NO,BANK TRANSFER,Ahmedabad
T2068,U145,2024-05-03,Expense,Rent,6812,NO,NO,UPI,Delhi
T3627,U077,2022-10-23,Expense,Rent,4750,NO,NO,CASH,Hyderabad
T7192,U147,2022-06-01,Expense,Utilities,0,NO,NO,BANK TRANSFER,Lucknow
T2946,U130,2023-05-25,Expense,Rent,4677,NO,NO,BANK TRANSFER,Lucknow
T8882,U091,2023-01-26,Income,Freelance,40368,NO,NO,CARD,Unknown
T8475,U115,2024-11-02,Expense,Travel,9909,NO,NO,CARD,Kolkata
T4085,U125,2021-08-24,Expense,Utilities,3379,NO,NO,CARD,Hyderabad
T0836,U084,2021-07-15,Expense,Education,8692,NO,NO,CASH,Hyderabad
T11650,U071,2021-08-20,Expense,Travel,2667,NO,NO,CARD,Unknown
T4003,U132,2022-07-30,Expense,Bonus,247,NO,NO,UPI,Hyderabad
T4154,U147,2022-05-19,Expense,Rent,0,NO,NO,UPI,Lucknow
T1554,U070,2024-03-12,Expense,Rent,3351,NO,NO,CASH,Hyderabad
T13905,U047,2022-07-18,Expense,Food,161,NO,NO,CARD,Chennai
T4814,U074,2024-06-18,Expense,Utilities,7718,NO,NO,UPI,Lucknow
T11759,U004,2024-12-26,Expense,Utilities,9384,NO,NO,UPI,Jaipur
T10443,U025,2021-04-03,Expense,Investment,1994,NO,NO,CARD,Kolkata
T13797,U079,2021-10-30,Income,Rent,26214,NO,NO,BANK TRANSFER,Chennai
T4927,U149,2024-09-25,Expense,Rent,7003,NO,NO,CASH,Delhi
T1874,U109,2021-10-15,Expense,Rent,5518,NO,NO,BANK TRANSFER,Kolkata
T9105,U027,2024-04-13,Expense,Investment,319,NO,NO,UNKNOWN,Unknown
T6032,U080,2021-09-28,Expense,Travel,3723,NO,NO,CARD,Delhi
T5220,U131,2021-10-18,Expense,Food,8777,NO,NO,BANK TRANSFER,Chennai
T12087,U048,2024-04-10,Expense,Food,1793,NO,NO,CASH,Delhi
T4935,U021,2023-07-29,Expense,Rent,1268,NO,NO,CARD,Kolkata
T1933,U130,2022-09-11,Expense,Travel,927,NO,NO,UPI,Mumbai
T0192,U150,2022-05-13,Expense,Entertainment,2639,NO,NO,CASH,Mumbai
T6656,U007,2021-03-25,Expense,Food,-500,YES,NO,BANK TRANSFER,Hyderabad
T11924,U034,2023-06-10,Expense,Food,4941,NO,NO,UPI,Mumbai
T13806,U132,2023-03-15,Expense,Food,3257,NO,NO,BANK TRANSFER,Lucknow
T0809,U113,2024-08-14,Expense,Rent,3659,NO,NO,CASH,Bangalore
T6852,U118,2023-11-12,Income,Travel,12315,NO,NO,BANK TRANSFER,Lucknow
T7894,U126,2024-09-18,Expense,Travel,5673,NO,NO,CARD,Ahmedabad
T9687,U146,2022-01-08,Expense,Entertainment,3249,NO,NO,UNKNOWN,Hyderabad
T1250,U047,2024-01-03,Expense,Rent,1183,NO,NO,CASH,Kolkata
T8898,U103,2023-08-08,Expense,Rent,9334,NO,NO,BANK TRANSFER,Bangalore
T12491,U036,2021-04-25,Expense,Savings,9735,NO,NO,BANK TRANSFER,Bangalore
T9977,U134,2024-02-12,Expense,Rent,2182,NO,NO,BANK TRANSFER,Jaipur
T11189,U028,2022-10-07,Expense,Education,4615,NO,NO,UPI,Kolkata
T12965,U124,2024-05-25,Expense,Uncategorised,1969,NO,NO,CASH,Jaipur
T1673,U019,2023-08-23,Expense,Education,4276,NO,NO,CARD,Bangalore
T3812,U091,2024-05-03,Expense,Freelance,452,NO,NO,CARD,Unknown
T4208,U106,2022-04-14,Income,Uncategorised,32710,NO,NO,UPI,Hyderabad
T6449,U020,2022-11-13,Expense,Food,2249,NO,NO,UNKNOWN,Jaipur
T11239,U051,2021-07-04,Income,Rent,39950,NO,NO,CARD,Mumbai
T10745,U068,2022-12-10,Expense,Utilities,805,NO,NO,CARD,Hyderabad
T9941,U101,2023-03-11,Expense,Travel,3744,NO,NO,BANK TRANSFER,Jaipur
T7258,U012,2022-12-24,Expense,Travel,5272,NO,NO,CASH,Hyderabad
T12479,U016,2023-01-23,Expense,Education,5947,NO,NO,UPI,Jaipur
T7096,U001,2023-12-31,Expense,Travel,4635,NO,NO,BANK TRANSFER,Unknown
T4981,U085,2021-01-19,Expense,Rent,3440,NO,NO,UPI,Hyderabad
T10983,U062,2021-06-23,Expense,Rent,2422,NO,NO,CARD,Delhi
T10001,U136,2022-06-04,Expense,Travel,6097,NO,NO,UPI,Delhi
T5799,U097,2021-02-14,Income,Travel,76175,NO,NO,UPI,Lucknow
T0764,U017,2022-04-07,Income,Rent,41380,NO,NO,UPI,Jaipur
T4582,U147,2024-12-15,Expense,Rent,707,NO,NO,BANK TRANSFER,Lucknow
T12402,U096,2023-04-23,Expense,Education,9790,NO,NO,CARD,Kolkata
T12575,U063,2022-05-27,Expense,Rent,6979,NO,NO,UNKNOWN,Delhi
T1701,U040,2022-01-07,Income,Uncategorised,12487,NO,NO,CARD,Jaipur
T5393,U064,2024-09-19,Expense,Food,5461,NO,NO,CASH,Bangalore
T4804,U132,2023-12-24,Expense,Food,939,NO,NO,CASH,Jaipur
T8561,U048,2021-07-22,Expense,Food,7737,NO,NO,CASH,Delhi
T9856,U144,2021-10-27,Expense,Travel,2228,NO,NO,UPI,Ahmedabad
T8033,U129,2024-09-05,Income,Freelance,38533,NO,NO,UNKNOWN,Ahmedabad
T12637,U001,2021-12-03,Expense,Entertainment,8434,NO,NO,CARD,Hyderabad
T12507,U085,2024-12-26,Expense,Travel,0,NO,NO,BANK TRANSFER,Bangalore
T12163,U104,2023-06-12,Expense,Investment,1853,NO,NO,CARD,Kolkata
T9965,U023,2021-05-21,Income,Travel,10125,NO,NO,UPI,Jaipur
T11244,U110,2023-05-23,Expense,Savings,123,NO,NO,BANK TRANSFER,Unknown
T3259,U124,2022-01-08,Expense,Travel,5337,NO,NO,CASH,Jaipur
T3926,U135,2024-01-29,Expense,Utilities,7537,NO,NO,BANK TRANSFER,Unknown
T12164,U029,2022-09-16,Expense,Travel,2887,NO,NO,CARD,Chennai
T8902,U091,2022-09-01,Expense,Rent,2417,NO,NO,UPI,Chennai
T12111,U098,2021-12-26,Expense,Health,4060,NO,NO,BANK TRANSFER,Chennai
T11598,U032,2021-10-16,Expense,Rent,4303,NO,NO,UPI,Pune
T12756,U109,2024-08-01,Expense,Rent,4467,NO,NO,CASH,Unknown
T2842,U021,2023-10-05,Income,Entertainment,62035,NO,NO,BANK TRANSFER,Jaipur
T10239,U038,2024-03-24,Income,Entertainment,22040,NO,NO,CASH,Hyderabad
T5675,U006,2021-09-26,Expense,Rent,8687,NO,NO,UPI,Bangalore
T11027,U037,2023-10-19,Income,Rent,55732,NO,NO,UNKNOWN,Mumbai
T2601,U001,2024-04-09,Expense,Uncategorised,8336,NO,NO,UNKNOWN,Bangalore
T12301,U136,2024-02-18,Expense,Food,-1000,YES,NO,UPI,Unknown
T9586,U075,2021-08-02,Expense,Rent,2104,NO,NO,BANK TRANSFER,Bangalore
T10391,U068,2022-12-30,Expense,Bonus,4228,NO,NO,CARD,Lucknow
T4546,U070,2024-06-07,Expense,Food,36190,NO,NO,UPI,Lucknow
T0878,U085,2024-04-19,Expense,Travel,6488,NO,NO,UNKNOWN,Hyderabad
T10156,U060,2023-08-20,Income,Food,38336,NO,NO,UPI,Kolkata
T5567,U003,2022-01-08,Expense,Food,2075,NO,NO,CARD,Chennai
T7884,U050,2024-08-29,Expense,Travel,4027,NO,NO,CASH,Bangalore
T12713,U084,2022-07-16,Expense,Travel,-500,YES,NO,CARD,Chennai
T7602,U053,2021-09-06,Expense,Travel,2081,NO,NO,CARD,Mumbai
T8388,U083,2022-06-05,Expense,Rent,3297,NO,NO,BANK TRANSFER,Ahmedabad
T13255,U073,2022-11-06,Expense,Travel,4424,NO,NO,BANK TRANSFER,Unknown
T11937,U132,2022-09-29,Expense,Food,6082,NO,NO,CASH,Unknown
T4312,U065,2021-10-24,Income,Entertainment,58626,NO,NO,CASH,Delhi
T8976,U092,2024-10-07,Income,Utilities,0,NO,NO,CASH,Chennai
T2549,U047,2022-05-19,Expense,Travel,3387,NO,NO,BANK TRANSFER,Kolkata
T13525,U149,2021-12-29,Expense,Food,7781,NO,NO,CARD,Bangalore
T10219,U138,2023-11-08,Income,Food,50508,NO,NO,BANK TRANSFER,Hyderabad
T1958,U150,2024-11-29,Expense,Travel,2420,NO,NO,UPI,Mumbai
T4834,U051,2021-01-21,Expense,Salary,2871,NO,NO,CARD,Delhi
T7063,U074,2023-03-20,Expense,Utilities,4713,NO,NO,BANK TRANSFER,Chennai
T12621,U017,2024-12-21,Expense,Education,34917,NO,NO,BANK TRANSFER,Jaipur
T9767,U043,2022-08-21,Expense,Rent,2534,NO,NO,BANK TRANSFER,Bangalore
T0570,U130,2023-12-13,Expense,Food,6715,NO,NO,CARD,Ahmedabad
T13445,U060,2024-08-18,Expense,Rent,9137,NO,NO,CASH,Kolkata
T1325,U085,2024-12-08,Expense,Education,603,NO,NO,CARD,Hyderabad
T11177,U084,2024-10-14,Income,Salary,61673,NO,NO,CASH,Pune
T7916,U087,2021-02-16,Expense,Rent,2343,NO,NO,CARD,Lucknow
T2291,U134,2024-12-24,Expense,Food,3651,NO,NO,CASH,Bangalore
T7373,U015,2022-11-26,Expense,Freelance,3749,NO,NO,CASH,Mumbai
T5125,U097,2023-08-19,Expense,Rent,4708,NO,NO,CASH,Kolkata
T4167,U080,2022-09-04,Expense,Rent,4643,NO,NO,CASH,Hyderabad
T6191,U093,2024-02-26,Expense,Education,6070,NO,NO,CASH,Chennai
T5858,U042,2023-10-17,Income,Uncategorised,31267,NO,NO,CASH,Lucknow
T3445,U137,2024-08-11,Expense,Rent,4418,NO,NO,CASH,Ahmedabad
T4459,U116,2021-02-06,Expense,Utilities,9727,NO,NO,UPI,Jaipur
T12769,U079,2021-11-15,Expense,Rent,1660,NO,NO,UPI,Kolkata
T0801,U009,2024-07-30,Expense,Bonus,1846,NO,NO,CARD,Bangalore
T5474,U063,2022-12-07,Expense,Utilities,15334,NO,NO,CASH,Delhi
T9301,U145,2023-07-11,Expense,Food,7326,NO,NO,UPI,Unknown
T2075,U135,2023-09-29,Expense,Travel,1248,NO,NO,BANK TRANSFER,Lucknow
T6458,U132,2023-04-10,Expense,Education,3388,NO,NO,BANK TRANSFER,Chennai
T4809,U110,2024-09-21,Expense,Rent,4169,NO,NO,CARD,Bangalore
T13850,U139,2023-12-24,Expense,Education,2098,NO,NO,UPI,Unknown
T9919,U104,2024-09-26,Expense,Bonus,4225,NO,NO,CARD,Kolkata
T4362,U121,2023-07-06,Expense,Health,5192,NO,NO,BANK TRANSFER,Delhi
T5955,U133,2022-01-22,Expense,Food,4635,NO,NO,UPI,Chennai
T12309,U024,2023-12-18,Expense,Entertainment,12484,NO,NO,CARD,Bangalore
T4697,U004,2022-07-12,Expense,Health,6521,NO,NO,BANK TRANSFER,Kolkata
T9732,U148,2023-02-27,Expense,Entertainment,18868,NO,NO,UPI,Jaipur
T2007,U090,2024-02-22,Income,Health,38115,NO,NO,CASH,Lucknow
T0956,U049,2023-08-08,Expense,Travel,559,NO,NO,CASH,Kolkata
T5414,U136,2023-09-09,Expense,Utilities,9778,NO,NO,CARD,Bangalore
T0082,U119,2023-09-08,Expense,Travel,3402,NO,NO,UNKNOWN,Jaipur
T8156,U061,2021-09-02,Expense,Rent,4232,NO,NO,BANK TRANSFER,Unknown
T2328,U006,2024-08-13,Expense,Savings,7543,NO,NO,CASH,Jaipur
T9189,U022,2022-01-21,Income,Food,48281,NO,NO,UPI,Unknown
T4582,U087,2024-08-25,Expense,Food,9462,NO,NO,BANK TRANSFER,Jaipur
T9191,U040,2024-03-31,Expense,Health,6386,NO,NO,CARD,Bangalore
T2159,U026,2023-07-20,Expense,Rent,7230,NO,NO,BANK TRANSFER,Delhi
T1378,U015,2024-10-09,Expense,Freelance,8349,NO,NO,CARD,Jaipur
T6133,U131,2022-03-02,Expense,Investment,5681,NO,NO,BANK TRANSFER,Bangalore
T8242,U113,2021-11-20,Income,Rent,13016,NO,NO,CARD,Kolkata
T10800,U037,2022-05-16,Expense,Food,9691,NO,NO,CARD,Chennai
T13719,U060,2024-08-20,Expense,Food,9688,NO,NO,CASH,Bangalore
T2825,U026,2024-02-13,Expense,Entertainment,25526,NO,NO,CARD,Hyderabad
T11492,U133,2021-12-16,Income,Rent,36033,NO,NO,CARD,Ahmedabad
T2096,U095,2024-09-13,Expense,Utilities,7684,NO,NO,BANK TRANSFER,Unknown
T1169,U005,2021-11-16,Expense,Utilities,2231,NO,NO,CASH,Ahmedabad
T5719,U046,2024-11-26,Expense,Investment,4898,NO,NO,CARD,Jaipur
T2243,U148,2024-08-27,Expense,Health,42663,NO,NO,BANK TRANSFER,Delhi
T7487,U109,2022-11-08,Expense,Health,1963,NO,NO,UPI,Jaipur
T13286,U042,2021-12-18,Expense,Utilities,3596,NO,NO,UPI,Delhi
T8400,U045,2022-08-22,Expense,Food,4321,NO,NO,BANK TRANSFER,Ahmedabad
T13945,U132,2021-10-15,Expense,Rent,269,NO,NO,BANK TRANSFER,Ahmedabad
T3918,U123,2021-07-22,Expense,Rent,2437,NO,NO,UPI,Jaipur
T3576,U026,2021-10-31,Expense,Travel,1643,NO,NO,CASH,Ahmedabad
T7977,U147,2021-01-01,Expense,Utilities,6381,NO,NO,CARD,Jaipur
T2449,U028,2022-04-16,Expense,Entertainment,9888,NO,NO,BANK TRANSFER,Delhi
T7675,U015,2022-01-18,Expense,Rent,6311,NO,NO,CASH,Hyderabad
T2680,U104,2021-02-22,Expense,Health,4801,NO,NO,UPI,Unknown
T10693,U142,2023-09-10,Expense,Bonus,42113,NO,NO,CASH,Bangalore
T1975,U027,2022-07-10,Expense,Entertainment,5741,NO,NO,BANK TRANSFER,Hyderabad
T5019,U074,2023-04-23,Expense,Rent,16857,NO,NO,CARD,Jaipur
T6686,U009,2021-08-26,Expense,Rent,7656,NO,NO,BANK TRANSFER,Unknown
T11221,U115,2022-04-17,Expense,Rent,5615,NO,NO,CARD,Chennai
T1802,U062,2023-04-06,Expense,Education,999999999,NO,YES,CARD,Hyderabad
T5200,U011,2021-01-29,Income,Travel,59567,NO,NO,CASH,Pune
T12346,U107,2021-01-24,Income,Food,60673,NO,NO,CASH,Unknown
T11403,U027,2023-06-03,Expense,Food,2067,NO,NO,UPI,Ahmedabad
T6991,U056,2021-05-03,Expense,Entertainment,1161,NO,NO,CARD,Delhi
T12129,U084,2022-05-14,Expense,Savings,4618,NO,NO,UPI,Unknown
T5623,U066,2021-07-16,Expense,Utilities,7752,NO,NO,CASH,Jaipur
T12460,U079,2024-07-02,Expense,Food,6014,NO,NO,CARD,Unknown
T4466,U029,2021-12-07,Expense,Utilities,8854,NO,NO,BANK TRANSFER,Kolkata
T0702,U083,2024-02-28,Expense,Travel,23517,NO,NO,BANK TRANSFER,Delhi
T3424,U065,2021-10-21,Expense,Rent,3764,NO,NO,CARD,Bangalore
T11619,U045,2023-01-11,Expense,Rent,575,NO,NO,CASH,Lucknow
T8474,U066,2021-12-16,Expense,Food,9736,NO,NO,BANK TRANSFER,Kolkata
T6216,U041,2022-10-15,Expense,Rent,40986,NO,NO,CASH,Kolkata
T5321,U127,2023-01-14,Expense,Travel,15227,NO,NO,CASH,Lucknow
T4677,U111,2021-12-03,Expense,Food,7215,NO,NO,CARD,Pune
T4584,U129,2021-08-19,Expense,Travel,20747,NO,NO,CARD,Unknown
T5532,U120,2024-08-21,Expense,Utilities,5959,NO,NO,CASH,Kolkata
T6467,U054,2022-07-20,Expense,Utilities,124,NO,NO,BANK TRANSFER,Hyderabad
T3458,U134,2021-10-04,Expense,Rent,2624,NO,NO,CASH,Kolkata
T8352,U005,2022-08-01,Expense,Rent,3737,NO,NO,BANK TRANSFER,Lucknow
T2259,U100,2023-04-09,Expense,Rent,132,NO,NO,CASH,Hyderabad
T6286,U123,2024-06-11,Income,Education,73343,NO,NO,BANK TRANSFER,Mumbai
T13198,U003,2023-01-02,Expense,Uncategorised,7824,NO,NO,BANK TRANSFER,Jaipur
T3871,U129,2021-08-09,Expense,Education,-500,YES,NO,UPI,Mumbai
T7948,U058,2024-06-05,Income,Others,17178,NO,NO,CARD,Mumbai
T1098,U045,2023-03-19,Expense,Food,8557,NO,NO,BANK TRANSFER,Ahmedabad
T7969,U014,2022-03-14,Expense,Utilities,3176,NO,NO,CARD,Hyderabad
T10886,U051,2023-05-28,Expense,Utilities,9072,NO,NO,BANK TRANSFER,Delhi
T5765,U128,2022-02-03,Expense,Food,1052,NO,NO,BANK TRANSFER,Mumbai
T1647,U003,2021-09-03,Expense,Travel,742,NO,NO,UPI,Kolkata
T8990,U033,2021-07-09,Expense,Savings,14746,NO,NO,BANK TRANSFER,Kolkata
T0948,U121,2023-04-27,Expense,Utilities,3412,NO,NO,CASH,Mumbai
T12039,U048,2022-06-15,Expense,Entertainment,34196,NO,NO,BANK TRANSFER,Mumbai
T1194,U019,2022-09-09,Expense,Travel,0,NO,NO,BANK TRANSFER,Mumbai
T3054,U086,2021-06-21,Expense,Entertainment,7848,NO,NO,BANK TRANSFER,Ahmedabad
T6512,U035,2023-08-03,Expense,Entertainment,6997,NO,NO,CARD,Ahmedabad
T12662,U044,2022-09-15,Expense,Entertainment,6462,NO,NO,CARD,Hyderabad
T9557,U145,2022-12-23,Expense,Food,40564,NO,NO,UPI,Ahmedabad
T9662,U112,2023-01-28,Expense,Rent,6876,NO,NO,BANK TRANSFER,Ahmedabad
T2716,U060,2021-09-14,Expense,Savings,7147,NO,NO,UPI,Mumbai
T6685,U069,2022-10-13,Expense,Utilities,36242,NO,NO,UPI,Unknown
T12477,U105,2023-02-25,Expense,Health,43992,NO,NO,CASH,Jaipur
T7686,U142,2024-12-02,Income,Uncategorised,79859,NO,NO,BANK TRANSFER,Chennai
T6501,U063,2024-12-21,Expense,Rent,1694,NO,NO,CARD,Delhi
T3724,U094,2024-03-17,Expense,Food,975,NO,NO,UPI,Hyderabad
T1942,U074,2023-10-27,Expense,Others,3323,NO,NO,CASH,Pune
T1301,U138,2021-07-31,Expense,Savings,9440,NO,NO,CARD,Kolkata
T5024,U144,2023-09-06,Expense,Freelance,6539,NO,NO,UPI,Chennai
T4778,U086,2021-07-31,Expense,Salary,6763,NO,NO,CARD,Unknown
T3771,U028,2022-05-07,Expense,Rent,1440,NO,NO,UPI,Delhi
T13923,U033,2021-12-19,Expense,Food,6171,NO,NO,CASH,Delhi
T10024,U048,2021-12-25,Expense,Food,6098,NO,NO,CARD,Lucknow
T7635,U085,2021-09-16,Expense,Food,1785,NO,NO,CARD,Pune
T11293,U017,2021-01-08,Expense,Travel,5052,NO,NO,BANK TRANSFER,Jaipur
T8710,U042,2024-04-22,Expense,Rent,1140,NO,NO,BANK TRANSFER,Bangalore
T10202,U112,2022-03-24,Expense,Bonus,4115,NO,NO,CASH,Delhi
T3535,U118,2023-04-12,Expense,Food,5139,NO,NO,UPI,Mumbai
T12139,U143,2023-11-03,Expense,Travel,2719,NO,NO,BANK TRANSFER,Bangalore
T11848,U148,2023-03-04,Expense,Food,6515,NO,NO,CASH,Lucknow
T10293,U052,2024-07-05,Income,Salary,11581,NO,NO,BANK TRANSFER,Pune
T10062,U034,2022-10-04,Expense,Travel,0,NO,NO,UPI,Jaipur
T0696,U019,2023-12-21,Expense,Salary,583,NO,NO,CASH,Lucknow
T2402,U073,2023-11-20,Expense,Rent,11529,NO,NO,CARD,Mumbai
T11440,U132,2024-06-23,Expense,Misc,7307,NO,NO,UPI,Delhi
T2940,U008,2022-07-09,Expense,Health,45399,NO,NO,BANK TRANSFER,Bangalore
T9249,U142,2023-01-22,Expense,Entertainment,5911,NO,NO,CASH,Pune
T4369,U104,2021-10-15,Income,Others,47584,NO,NO,UPI,Mumbai
T8639,U013,2024-12-13,Expense,Health,4678,NO,NO,CARD,Lucknow
T6203,U135,2023-06-16,Expense,Food,323,NO,NO,UNKNOWN,Unknown
T0342,U042,2021-10-27,Income,Freelance,56659,NO,NO,CASH,Bangalore
T11509,U144,2024-01-03,Expense,Rent,45594,NO,NO,BANK TRANSFER,Ahmedabad
T13768,U113,2022-10-26,Expense,Food,10026,NO,NO,UPI,Hyderabad
T5493,U077,2022-12-20,Expense,Rent,4644,NO,NO,CARD,Ahmedabad
T5072,U104,2021-09-08,Expense,Utilities,8889,NO,NO,BANK TRANSFER,Delhi
T4239,U097,2022-02-23,Expense,Freelance,999999,NO,YES,UPI,Ahmedabad
T13556,U136,2023-07-07,Expense,Rent,6565,NO,NO,CARD,Jaipur
T2197,U136,2021-11-24,Expense,Rent,0,NO,NO,CASH,Mumbai
T6891,U075,2021-02-24,Income,Rent,11443,NO,NO,UPI,Chennai
T3044,U080,2023-04-05,Expense,Travel,805,NO,NO,UPI,Mumbai
T9483,U053,2021-04-08,Expense,Travel,4367,NO,NO,CARD,Mumbai
T12964,U104,2022-07-28,Expense,Travel,3002,NO,NO,BANK TRANSFER,Hyderabad
T10160,U116,2023-02-20,Expense,Entertainment,6569,NO,NO,CARD,Chennai
T12969,U086,2022-09-16,Expense,Health,5980,NO,NO,BANK TRANSFER,Jaipur
T8260,U026,2023-07-08,Expense,Savings,48918,NO,NO,CASH,Chennai
T0260,U066,2022-03-29,Expense,Freelance,1410,NO,NO,BANK TRANSFER,Mumbai
T1765,U104,2023-12-17,Income,Rent,74980,NO,NO,BANK TRANSFER,Jaipur
T10086,U135,2023-04-25,Expense,Food,357,NO,NO,CARD,Kolkata
T3412,U070,2023-04-18,Expense,Food,1370,NO,NO,CASH,Unknown
T5355,U042,2023-05-09,Expense,Food,1200,NO,NO,BANK TRANSFER,Jaipur
T6018,U080,2023-02-26,Expense,Others,4382,NO,NO,CARD,Lucknow
T5788,U004,2021-01-13,Expense,Travel,2668,NO,NO,BANK TRANSFER,Jaipur
T6273,U071,2023-12-10,Expense,Entertainment,8861,NO,NO,BANK TRANSFER,Hyderabad
T2939,U051,2022-02-02,Expense,Rent,6148,NO,NO,BANK TRANSFER,Lucknow
T4436,U094,2022-05-27,Expense,Salary,755,NO,NO,CASH,Jaipur
T9361,U019,2024-06-10,Expense,Investment,9112,NO,NO,CARD,Hyderabad
T1248,U099,2021-09-20,Expense,Food,6348,NO,NO,CARD,Ahmedabad
T5054,U094,2023-12-05,Expense,Education,1468,NO,NO,UPI,Chennai
T5428,U006,2022-07-19,Expense,Food,1091,NO,NO,CASH,Lucknow
T13080,U037,2024-11-13,Expense,Rent,7922,NO,NO,BANK TRANSFER,Chennai
T4467,U051,2023-10-17,Expense,Rent,7191,NO,NO,CASH,Ahmedabad
T6913,U086,2023-08-06,Expense,Rent,7991,NO,NO,CASH,Unknown
T10694,U117,2022-11-05,Income,Utilities,40785,NO,NO,UPI,Hyderabad
T3236,U078,2021-11-27,Income,Rent,47184,NO,NO,CARD,Delhi
T4474,U141,2023-05-17,Expense,Education,29469,NO,NO,CARD,Ahmedabad
T5376,U117,2023-03-10,Expense,Entertainment,3873,NO,NO,UNKNOWN,Pune
T2669,U046,2024-07-31,Expense,Rent,3445,NO,NO,BANK TRANSFER,Pune
T9890,U094,2023-01-21,Expense,Investment,8545,NO,NO,CARD,Delhi
T2691,U098,2024-06-20,Expense,Travel,9502,NO,NO,CARD,Kolkata
T9398,U019,2022-04-05,Expense,Savings,4386,NO,NO,CASH,Ahmedabad
T1530,U117,2023-07-20,Expense,Food,2635,NO,NO,CARD,Jaipur
T0144,U034,2022-09-11,Income,Education,31695,NO,NO,CARD,Delhi
T3978,U021,2023-06-23,Expense,Others,5718,NO,NO,CASH,Unknown
T2237,U146,2021-12-06,Expense,Others,5865,NO,NO,CARD,Ahmedabad
T12944,U125,2024-01-21,Expense,Bonus,1012,NO,NO,CASH,Kolkata
T2890,U086,2022-06-23,Expense,Travel,3062,NO,NO,CARD,Unknown
T12973,U053,2022-07-31,Expense,Savings,2376,NO,NO,CASH,Unknown
T11768,U025,2024-02-11,Expense,Rent,3838,NO,NO,CASH,Kolkata
T1512,U052,2022-08-01,Expense,Travel,1402,NO,NO,CARD,Kolkata
T4338,U110,2023-12-27,Expense,Savings,9784,NO,NO,CASH,Delhi
T2854,U039,2024-12-11,Expense,Entertainment,6216,NO,NO,BANK TRANSFER,Hyderabad
T2694,U010,2021-01-14,Expense,Utilities,27805,NO,NO,CARD,Bangalore
T12413,U004,2023-12-06,Expense,Rent,6854,NO,NO,UPI,Lucknow
T0149,U019,2021-01-25,Income,Utilities,32645,NO,NO,CASH,Mumbai
T8006,U019,2021-08-15,Expense,Utilities,4286,NO,NO,CASH,Chennai
T12156,U028,2023-10-12,Expense,Savings,1920,NO,NO,BANK TRANSFER,Mumbai
T12239,U014,2023-02-01,Expense,Health,14244,NO,NO,CARD,Hyderabad
T3187,U077,2021-11-12,Expense,Others,30015,NO,NO,BANK TRANSFER,Delhi
T1418,U027,2023-02-23,Expense,Entertainment,8725,NO,NO,CASH,Pune
T12424,U062,2021-12-02,Expense,Health,8955,NO,NO,CARD,Chennai
T0239,U056,2022-07-06,Expense,Investment,1685,NO,NO,CARD,Lucknow
T5275,U017,2022-08-05,Expense,Bonus,1810,NO,NO,BANK TRANSFER,Jaipur
T8546,U015,2022-04-10,Expense,Others,2269,NO,NO,CARD,Hyderabad
T3519,U044,2022-01-23,Expense,Food,2365,NO,NO,CASH,Lucknow
T10616,U019,2022-01-03,Expense,Rent,8271,NO,NO,CARD,Mumbai
T5716,U083,2024-12-20,Expense,Travel,3170,NO,NO,BANK TRANSFER,Pune
T2438,U120,2022-07-10,Expense,Education,3926,NO,NO,CASH,Unknown
T1692,U129,2024-09-24,Expense,Food,3624,NO,NO,CARD,Bangalore
T10604,U053,2024-09-06,Expense,Rent,3143,NO,NO,UPI,Chennai
T8644,U001,2022-03-14,Expense,Freelance,9451,NO,NO,UPI,Jaipur
T13813,U081,2022-12-01,Expense,Rent,39313,NO,NO,UPI,Delhi
T8664,U041,2024-02-07,Expense,Health,28033,NO,NO,CASH,Bangalore
T11151,U110,2022-04-22,Expense,Food,3246,NO,NO,CASH,Hyderabad
T13233,U150,2024-06-04,Expense,Savings,18307,NO,NO,CARD,Bangalore
T4049,U086,2022-08-18,Expense,Savings,1004,NO,NO,CARD,Lucknow
T8266,U043,2022-11-05,Expense,Rent,3966,NO,NO,CARD,Bangalore
T12522,U036,2023-08-22,Expense,Rent,6869,NO,NO,CASH,Chennai
T12830,U135,2023-02-27,Expense,Investment,8122,NO,NO,CARD,Ahmedabad
T12459,U120,2021-09-03,Expense,Food,5466,NO,NO,CARD,Chennai
T2892,U027,2021-10-07,Expense,Savings,2101,NO,NO,UPI,Mumbai
T6608,U081,2023-04-06,Expense,Education,4331,NO,NO,CASH,Hyderabad
T10266,U073,2022-11-15,Expense,Others,41970,NO,NO,UPI,Kolkata
T12940,U093,2022-08-07,Expense,Rent,793,NO,NO,UPI,Mumbai
T3924,U138,2022-05-12,Expense,Food,7819,NO,NO,BANK TRANSFER,Kolkata
T11723,U034,2022-03-03,Expense,Others,8719,NO,NO,CARD,Kolkata
T4410,U068,2022-09-24,Income,Food,38304,NO,NO,CASH,Pune
T6517,U105,2023-07-11,Expense,Education,6534,NO,NO,CASH,Bangalore
T8977,U101,2022-04-01,Expense,Travel,2263,NO,NO,BANK TRANSFER,Chennai
T11775,U131,2023-03-09,Expense,Others,0,NO,NO,UPI,Pune
T12640,U105,2022-06-05,Expense,Education,3122,NO,NO,CARD,Delhi
T3305,U141,2022-01-03,Expense,Bonus,6516,NO,NO,CASH,Unknown
T3039,U128,2023-06-20,Expense,Uncategorised,196,NO,NO,UPI,Chennai
T10226,U135,2022-08-21,Expense,Health,8541,NO,NO,UNKNOWN,Jaipur
T11662,U057,2022-04-03,Expense,Travel,1669,NO,NO,UPI,Delhi
T10970,U068,2024-10-20,Expense,Travel,8124,NO,NO,CARD,Bangalore
T13733,U087,2024-11-24,Expense,Entertainment,8872,NO,NO,UPI,Unknown
T10109,U085,2023-05-09,Expense,Utilities,4108,NO,NO,BANK TRANSFER,Delhi
T8346,U072,2021-04-15,Expense,Travel,6963,NO,NO,CASH,Ahmedabad
T4512,U068,2021-03-18,Expense,Food,9377,NO,NO,UPI,Hyderabad
T12743,U093,2023-11-09,Expense,Food,1066,NO,NO,CASH,Ahmedabad
T9533,U088,2023-07-20,Expense,Food,5900,NO,NO,UPI,Pune
T9047,U114,2024-08-14,Expense,Travel,5183,NO,NO,UPI,Hyderabad
T13877,U012,2022-05-25,Expense,Entertainment,9760,NO,NO,BANK TRANSFER,Unknown
T12428,U064,2022-04-10,Expense,Travel,4283,NO,NO,BANK TRANSFER,Delhi
T2896,U136,2024-03-20,Expense,Rent,3613,NO,NO,CASH,Pune
T3372,U006,2023-03-29,Expense,Rent,743,NO,NO,CARD,Unknown
T2436,U048,2023-06-07,Expense,Utilities,2154,NO,NO,CARD,Mumbai
T2790,U115,2021-09-13,Income,Entertainment,26949,NO,NO,CARD,Pune
T6446,U021,2024-05-01,Expense,Travel,162,NO,NO,CASH,Chennai
T11134,U052,2024-04-29,Income,Rent,28500,NO,NO,CARD,Mumbai
T0906,U138,2024-04-18,Income,Health,44083,NO,NO,CASH,Hyderabad
T4952,U129,2024-02-24,Expense,Food,3980,NO,NO,BANK TRANSFER,Chennai
T0372,U110,2021-11-02,Expense,Rent,0,NO,NO,BANK TRANSFER,Chennai
T1127,U001,2024-01-24,Expense,Education,6863,NO,NO,UNKNOWN,Unknown
T0183,U099,2024-03-17,Expense,Rent,2254,NO,NO,CASH,Bangalore
T5360,U017,2024-09-11,Expense,Utilities,3098,NO,NO,CASH,Mumbai
T0023,U054,2024-04-02,Expense,Entertainment,2880,NO,NO,UPI,Chennai
T4945,U005,2021-01-18,Income,Entertainment,79079,NO,NO,BANK TRANSFER,Delhi
T13604,U050,2024-07-28,Expense,Rent,2725,NO,NO,UPI,Ahmedabad
T11309,U032,2024-04-10,Expense,Food,3208,NO,NO,UPI,Unknown
T6566,U048,2024-08-13,Expense,Entertainment,8378,NO,NO,CARD,Delhi
T13410,U122,2022-06-15,Expense,Savings,407,NO,NO,CARD,Kolkata
T1411,U128,2021-07-15,Income,Food,28527,NO,NO,UPI,Jaipur
T13611,U037,2021-11-10,Expense,Rent,4068,NO,NO,CARD,Bangalore
T6953,U142,2021-02-21,Income,Entertainment,18885,NO,NO,CARD,Lucknow
T6088,U022,2022-01-18,Expense,Savings,22214,NO,NO,BANK TRANSFER,Pune
T12823,U092,2023-04-09,Expense,Bonus,715,NO,NO,CASH,Chennai
T2043,U108,2024-12-12,Expense,Education,8707,NO,NO,BANK TRANSFER,Delhi
T7341,U088,2023-11-17,Expense,Food,5047,NO,NO,UPI,Delhi
T13058,U009,2023-09-30,Income,Health,41429,NO,NO,CARD,Kolkata
T4127,U017,2021-01-29,Expense,Utilities,3520,NO,NO,CASH,Jaipur
T2131,U110,2021-07-14,Expense,Health,3173,NO,NO,CASH,Mumbai
T13248,U091,2022-07-03,Income,Food,59068,NO,NO,CASH,Lucknow
T7153,U108,2024-09-28,Expense,Salary,3515,NO,NO,CARD,Hyderabad
T3732,U011,2023-06-08,Expense,Food,5750,NO,NO,BANK TRANSFER,Chennai
T5665,U026,2022-12-17,Expense,Entertainment,33148,NO,NO,UNKNOWN,Lucknow
T11742,U019,2023-08-23,Expense,Food,4381,NO,NO,UNKNOWN,Unknown
T3035,U113,2023-03-24,Income,Utilities,42808,NO,NO,CASH,Delhi
T10760,U082,2021-02-23,Expense,Entertainment,7257,NO,NO,CARD,Lucknow
T11334,U007,2022-11-06,Expense,Food,100,NO,NO,CASH,Kolkata
T3850,U043,2024-11-19,Expense,Entertainment,47904,NO,NO,UPI,Delhi
T3981,U090,2021-10-17,Expense,Utilities,5453,NO,NO,UPI,Chennai
T11814,U108,2022-03-04,Expense,Food,7822,NO,NO,CARD,Pune
T9159,U023,2024-01-06,Expense,Travel,0,NO,NO,BANK TRANSFER,Jaipur
T1035,U053,2023-09-18,Expense,Salary,8985,NO,NO,CARD,Chennai
T3575,U018,2021-04-22,Expense,Food,1815,NO,NO,BANK TRANSFER,Delhi
T0554,U064,2021-03-04,Expense,Travel,2841,NO,NO,UPI,Hyderabad
T10979,U001,2022-06-20,Income,Entertainment,36776,NO,NO,UPI,Bangalore
T3924,U005,2023-09-21,Expense,Entertainment,11763,NO,NO,CASH,Jaipur
T5337,U079,2021-03-21,Expense,Food,2627,NO,NO,BANK TRANSFER,Bangalore
T1929,U057,2024-01-18,Expense,Entertainment,6245,NO,NO,BANK TRANSFER,Pune
T4519,U115,2024-02-10,Expense,Travel,8818,NO,NO,UNKNOWN,Kolkata
T0744,U009,2022-09-11,Expense,Education,597,NO,NO,CASH,Ahmedabad
T1106,U070,2022-09-22,Expense,Rent,1909,NO,NO,UPI,Kolkata
T6387,U118,2022-04-09,Expense,Entertainment,0,NO,NO,UPI,Jaipur
T8002,U044,2021-08-06,Expense,Savings,17150,NO,NO,BANK TRANSFER,Chennai
T0021,U081,2023-11-14,Income,Education,945687,NO,YES,CARD,Hyderabad
T12567,U127,2022-05-06,Income,Rent,40009,NO,NO,UPI,Ahmedabad
T6424,U026,2021-04-02,Expense,Travel,2670,NO,NO,CASH,Lucknow
T3641,U148,2023-08-24,Expense,Salary,9417,NO,NO,CARD,Bangalore
T6919,U060,2022-05-24,Expense,Health,3463,NO,NO,UPI,Unknown
T4943,U140,2023-10-08,Expense,Utilities,46116,NO,NO,CARD,Kolkata
T12550,U128,2024-02-05,Expense,Uncategorised,2838,NO,NO,CARD,Jaipur
T0774,U069,2022-01-02,Expense,Entertainment,2602,NO,NO,UPI,Jaipur
T11993,U080,2023-01-22,Expense,Rent,1453,NO,NO,BANK TRANSFER,Chennai
T0648,U105,2023-08-21,Expense,Rent,8903,NO,NO,CASH,Mumbai
T7368,U025,2021-10-29,Expense,Utilities,5556,NO,NO,CASH,Unknown
T4715,U062,2023-09-08,Expense,Rent,7151,NO,NO,CARD,Pune
T3996,U142,2021-11-25,Expense,Utilities,30204,NO,NO,BANK TRANSFER,Chennai
T12675,U085,2024-10-04,Income,Travel,23057,NO,NO,CARD,Delhi
T7147,U122,2021-04-16,Expense,Investment,3078,NO,NO,CARD,Jaipur
T11957,U014,2024-06-12,Expense,Rent,9136,NO,NO,CARD,Chennai
T10550,U043,2022-07-13,Expense,Investment,6818,NO,NO,UPI,Pune
T11055,U135,2022-04-10,Expense,Rent,395,NO,NO,CASH,Kolkata
T2450,U005,2024-08-20,Income,Savings,0,NO,NO,UPI,Hyderabad
T13152,U051,2021-05-18,Expense,Utilities,3605,NO,NO,CASH,Hyderabad
T5050,U030,2023-07-05,Expense,Rent,9659,NO,NO,BANK TRANSFER,Lucknow
T2420,U048,2023-09-04,Expense,Uncategorised,0,NO,NO,BANK TRANSFER,Lucknow
T10376,U146,2022-12-19,Expense,Others,4460,NO,NO,BANK TRANSFER,Bangalore
T7937,U011,2023-09-22,Expense,Travel,0,NO,NO,UPI,Pune
T2279,U113,2021-01-16,Expense,Rent,8747,NO,NO,UNKNOWN,Chennai
T11253,U102,2023-12-25,Expense,Food,4069,NO,NO,CASH,Ahmedabad
T6441,U095,2023-03-20,Expense,Travel,757,NO,NO,UPI,Kolkata
T11901,U085,2023-04-07,Expense,Food,2582,NO,NO,UNKNOWN,Kolkata
T1865,U004,2024-08-10,Expense,Rent,1173,NO,NO,UPI,Hyderabad
T13121,U041,2021-05-31,Expense,Food,1820,NO,NO,UPI,Ahmedabad
T6308,U044,2022-08-02,Expense,Utilities,2055,NO,NO,CASH,Lucknow
T13462,U070,2022-02-27,Expense,Entertainment,8947,NO,NO,CARD,Pune
T11412,U012,2024-05-13,Income,Food,45070,NO,NO,CARD,Unknown
T6800,U145,2022-10-29,Expense,Food,6690,NO,NO,CASH,Ahmedabad
T0450,U076,2023-02-09,Expense,Entertainment,5485,NO,NO,CASH,Pune
T3958,U091,2021-11-06,Income,Entertainment,666707,NO,YES,UNKNOWN,Lucknow
T10265,U128,2021-11-07,Income,Rent,223641,NO,NO,UNKNOWN,Mumbai
T6355,U103,2021-10-28,Income,Rent,10340,NO,NO,CARD,Bangalore
T5308,U130,2024-04-21,Expense,Uncategorised,2507,NO,NO,UPI,Lucknow
T10049,U037,2021-10-23,Expense,Entertainment,0,NO,NO,CASH,Mumbai
T2538,U122,2022-09-04,Expense,Health,7087,NO,NO,CARD,Delhi
T0304,U085,2022-08-27,Expense,Investment,9335,NO,NO,CASH,Lucknow
T12876,U116,2022-01-09,Expense,Others,490,NO,NO,CARD,Pune
T8496,U086,2022-08-16,Expense,Utilities,5669,NO,NO,BANK TRANSFER,Delhi
T0989,U091,2024-02-08,Income,Entertainment,74617,NO,NO,BANK TRANSFER,Kolkata
T2725,U144,2021-11-15,Expense,Education,9872,NO,NO,UPI,Jaipur
T8134,U053,2022-06-02,Expense,Entertainment,5242,NO,NO,CASH,Lucknow
T4825,U142,2024-02-05,Expense,Uncategorised,7233,NO,NO,CASH,Jaipur
T2373,U135,2023-09-20,Expense,Rent,9039,NO,NO,CASH,Chennai
T0018,U071,2022-11-15,Expense,Food,7107,NO,NO,CARD,Unknown
T2971,U138,2021-01-01,Expense,Rent,1575,NO,NO,BANK TRANSFER,Lucknow
T5868,U017,2021-05-16,Expense,Utilities,9655,NO,NO,CARD,Unknown
T11626,U029,2022-11-06,Income,Salary,25865,NO,NO,CARD,Lucknow
T9709,U117,2024-03-19,Expense,Food,4214,NO,NO,BANK TRANSFER,Ahmedabad
T11190,U075,2021-05-13,Expense,Food,8631,NO,NO,CASH,Lucknow
T7449,U049,2022-01-13,Expense,Utilities,8466,NO,NO,CASH,Bangalore
T10492,U012,2022-04-01,Expense,Utilities,6640,NO,NO,CARD,Hyderabad
T10254,U030,2024-07-05,Income,Entertainment,13374,NO,NO,UNKNOWN,Ahmedabad
T7813,U107,2021-10-04,Expense,Health,8947,NO,NO,BANK TRANSFER,Ahmedabad
T0008,U042,2023-12-23,Expense,Food,2569,NO,NO,CASH,Delhi
T9170,U086,2022-12-26,Income,Utilities,36459,NO,NO,CARD,Pune
T7933,U127,2024-05-24,Expense,Rent,2372,NO,NO,UPI,Jaipur
T5155,U004,2024-04-07,Expense,Education,2511,NO,NO,CARD,Bangalore
T6587,U021,2021-06-26,Expense,Health,7794,NO,NO,CARD,Kolkata
T7118,U045,2021-01-04,Income,Food,15033,NO,NO,CASH,Chennai
T12180,U044,2022-02-15,Expense,Food,8064,NO,NO,CASH,Jaipur
T5585,U111,2024-05-14,Income,Food,76472,NO,NO,BANK TRANSFER,Delhi
T9719,U021,2024-07-03,Expense,Food,567,NO,NO,UPI,Mumbai
T9362,U126,2022-01-17,Expense,Travel,3707,NO,NO,BANK TRANSFER,Mumbai
T1054,U079,2022-04-17,Expense,Entertainment,8765,NO,NO,BANK TRANSFER,Kolkata
T9413,U141,2023-08-26,Expense,Savings,9947,NO,NO,CARD,Hyderabad
T0191,U148,2022-09-04,Expense,Food,4759,NO,NO,CARD,Hyderabad
T12200,U112,2021-03-26,Expense,Food,5240,NO,NO,UPI,Jaipur
T4511,U107,2022-07-06,Expense,Food,6170,NO,NO,CARD,Bangalore
T2344,U017,2024-11-09,Expense,Health,6839,NO,NO,CASH,Jaipur
T0240,U028,2021-06-10,Expense,Utilities,8001,NO,NO,UPI,Jaipur
T8736,U006,2021-10-12,Expense,Travel,-500,YES,NO,CARD,Kolkata
T8970,U102,2022-06-01,Expense,Freelance,7206,NO,NO,CARD,Chennai
T13302,U061,2021-12-24,Expense,Freelance,1743,NO,NO,UNKNOWN,Jaipur
T7029,U074,2024-03-16,Expense,Food,5495,NO,NO,UPI,Unknown
T8431,U100,2023-06-11,Expense,Savings,3588,NO,NO,CASH,Pune
T1798,U091,2024-12-12,Expense,Bonus,1857,NO,NO,BANK TRANSFER,Hyderabad
T0849,U019,2022-03-20,Expense,Freelance,8759,NO,NO,CASH,Kolkata
T4103,U025,2024-05-05,Expense,Utilities,3543,NO,NO,BANK TRANSFER,Delhi
T1048,U076,2022-06-01,Expense,Rent,5718,NO,NO,UPI,Mumbai
T5302,U058,2021-12-30,Expense,Travel,2023,NO,NO,CARD,Ahmedabad
T2461,U082,2024-07-28,Expense,Rent,7511,NO,NO,CARD,Delhi
T0011,U147,2022-05-13,Expense,Rent,2952,NO,NO,CASH,Hyderabad
T1711,U009,2023-12-09,Expense,Travel,7945,NO,NO,UPI,Chennai
T4798,U005,2024-06-13,Expense,Food,5749,NO,NO,CARD,Pune
T4404,U010,2023-12-12,Expense,Food,2792,NO,NO,CASH,Delhi
T8609,U149,2024-10-22,Expense,Entertainment,2188,NO,NO,UPI,Hyderabad
T6961,U062,2021-08-04,Expense,Entertainment,5631,NO,NO,CASH,Lucknow
T5900,U098,2022-06-10,Expense,Rent,4897,NO,NO,UPI,Chennai
T9704,U117,2021-10-14,Expense,Utilities,3449,NO,NO,CASH,Hyderabad
T3239,U025,2024-03-20,Expense,Utilities,2932,NO,NO,CASH,Hyderabad
T11234,U135,2021-09-23,Expense,Food,2566,NO,NO,UPI,Kolkata
T1546,U136,2024-12-15,Expense,Rent,7585,NO,NO,BANK TRANSFER,Jaipur
T7073,U117,2022-02-03,Expense,Food,644,NO,NO,CASH,Chennai
T11837,U003,2023-08-14,Expense,Rent,999999999,NO,YES,CARD,Delhi
T4779,U066,2021-03-29,Expense,Utilities,6127,NO,NO,BANK TRANSFER,Ahmedabad
T13411,U030,2021-07-21,Expense,Rent,5515,NO,NO,CARD,Hyderabad
T10039,U065,2024-04-05,Income,Rent,76378,NO,NO,UPI,Unknown
T5177,U071,2022-10-29,Expense,Utilities,7963,NO,NO,CARD,Unknown
T9661,U085,2024-02-04,Expense,Utilities,1724,NO,NO,CASH,Jaipur
T11233,U014,2023-10-12,Expense,Rent,6619,NO,NO,CASH,Mumbai
T7305,U082,2022-08-09,Expense,Health,4838,NO,NO,UPI,Delhi
T11417,U043,2024-10-10,Expense,Travel,5542,NO,NO,CARD,Lucknow
T3067,U090,2024-04-05,Expense,Utilities,1609,NO,NO,CARD,Chennai
T2594,U082,2024-02-22,Income,Food,30349,NO,NO,CASH,Lucknow
T13394,U122,2023-05-06,Expense,Investment,3522,NO,NO,UPI,Pune
T1834,U089,2021-01-25,Expense,Travel,3273,NO,NO,BANK TRANSFER,Pune
T12666,U071,2021-09-26,Expense,Entertainment,2150,NO,NO,CARD,Jaipur
T12735,U007,2024-06-24,Expense,Travel,982,NO,NO,CARD,Delhi
T0714,U099,2021-12-19,Expense,Rent,9521,NO,NO,BANK TRANSFER,Bangalore
T5346,U113,2021-10-03,Expense,Food,6805,NO,NO,CARD,Unknown
T7353,U034,2023-05-07,Expense,Food,2114,NO,NO,UNKNOWN,Pune
T6596,U139,2023-08-21,Expense,Travel,7812,NO,NO,CASH,Mumbai
T12705,U129,2023-04-04,Expense,Travel,4648,NO,NO,UPI,Ahmedabad
T4516,U127,2021-07-04,Expense,Entertainment,2673,NO,NO,CASH,Jaipur
T11113,U120,2021-08-31,Income,Travel,41519,NO,NO,CASH,Ahmedabad
T9829,U106,2023-12-14,Expense,Education,8081,NO,NO,CARD,Unknown
T11776,U073,2022-02-19,Expense,Entertainment,9159,NO,NO,CARD,Chennai
T5891,U142,2021-04-04,Expense,Savings,2770,NO,NO,BANK TRANSFER,Bangalore
T11993,U128,2022-03-11,Expense,Investment,8821,NO,NO,CASH,Hyderabad
T12237,U046,2024-07-13,Expense,Rent,1020,NO,NO,UNKNOWN,Mumbai
T3085,U105,2023-10-01,Expense,Travel,698,NO,NO,BANK TRANSFER,Unknown
T5747,U073,2022-06-20,Expense,Entertainment,8011,NO,NO,UPI,Pune
T6630,U038,2022-11-10,Expense,Utilities,165,NO,NO,CASH,Chennai
T4845,U004,2023-01-08,Expense,Food,9705,NO,NO,UPI,Lucknow
T9664,U078,2023-09-15,Expense,Health,14844,NO,NO,CASH,Bangalore
T11537,U095,2022-07-12,Expense,Others,3794,NO,NO,CARD,Bangalore
T5848,U058,2022-09-14,Expense,Entertainment,5908,NO,NO,CASH,Ahmedabad
T5422,U013,2022-05-28,Expense,Rent,3270,NO,NO,BANK TRANSFER,Lucknow
T6460,U133,2023-11-20,Expense,Travel,4186,NO,NO,UPI,Ahmedabad
T3307,U092,2024-04-29,Expense,Travel,7045,NO,NO,CASH,Hyderabad
T9327,U054,2023-09-15,Income,Utilities,14832,NO,NO,CASH,Chennai
T5369,U058,2021-04-10,Expense,Utilities,0,NO,NO,BANK TRANSFER,Pune
T0434,U036,2024-01-18,Expense,Entertainment,6716,NO,NO,CASH,Bangalore
T2232,U146,2023-12-19,Expense,Entertainment,5838,NO,NO,CARD,Kolkata
T2913,U090,2024-08-23,Expense,Utilities,9440,NO,NO,BANK TRANSFER,Delhi
T7857,U031,2021-09-07,Expense,Bonus,1691,NO,NO,BANK TRANSFER,Kolkata
T13510,U136,2024-05-23,Expense,Food,2428,NO,NO,UNKNOWN,Hyderabad
T2184,U141,2022-10-30,Expense,Food,23284,NO,NO,CARD,Mumbai
T13093,U041,2022-04-01,Expense,Entertainment,2064,NO,NO,CASH,Bangalore
T13446,U107,2022-06-02,Expense,Food,46496,NO,NO,CASH,Ahmedabad
T8342,U087,2023-10-09,Expense,Travel,7469,NO,NO,BANK TRANSFER,Chennai
T2741,U148,2022-01-01,Expense,Health,0,NO,NO,UPI,Delhi
T0353,U014,2023-10-18,Income,Rent,22626,NO,NO,BANK TRANSFER,Ahmedabad
T10355,U141,2022-07-29,Expense,Food,6833,NO,NO,CARD,Chennai
T11794,U051,2023-04-21,Income,Savings,49033,NO,NO,UPI,Ahmedabad
T9697,U071,2023-03-27,Expense,Freelance,999999999,NO,YES,CASH,Jaipur
T4236,U071,2023-11-04,Expense,Utilities,6984,NO,NO,UPI,Delhi
T8236,U026,2023-03-24,Expense,Travel,5973,NO,NO,UPI,Kolkata
T3825,U076,2023-01-03,Expense,Entertainment,3785,NO,NO,CASH,Bangalore
T6609,U031,2021-06-06,Expense,Travel,5593,NO,NO,CARD,Lucknow
T2324,U134,2022-08-05,Expense,Salary,7171,NO,NO,CASH,Delhi
T8772,U142,2022-02-14,Income,Food,34683,NO,NO,BANK TRANSFER,Ahmedabad
T8153,U094,2023-01-14,Expense,Entertainment,230,NO,NO,UPI,Bangalore
T7028,U024,2021-06-02,Expense,Utilities,8810,NO,NO,CARD,Lucknow
T0499,U070,2021-01-08,Expense,Uncategorised,8702,NO,NO,UPI,Mumbai
T12445,U127,2024-10-14,Expense,Rent,1635,NO,NO,CASH,Delhi
T0195,U020,2021-07-27,Expense,Health,920,NO,NO,UNKNOWN,Hyderabad
T3821,U062,2021-09-26,Expense,Rent,11591,NO,NO,CARD,Mumbai
T2975,U030,2022-10-25,Expense,Misc,1131,NO,NO,CARD,Pune
T9932,U019,2023-03-11,Expense,Rent,709,NO,NO,CARD,Kolkata
T6356,U120,2022-06-08,Expense,Rent,999999999,NO,YES,CARD,Kolkata
T7688,U024,2021-01-08,Expense,Travel,5458,NO,NO,UPI,Pune
T0951,U077,2021-10-10,Expense,Rent,921,NO,NO,CASH,Bangalore
T2234,U117,2021-04-30,Expense,Travel,427,NO,NO,CARD,Bangalore
T5032,U108,2024-03-10,Expense,Investment,7947,NO,NO,UPI,Unknown
T3339,U052,2021-12-05,Expense,Food,999999999,NO,YES,BANK TRANSFER,Delhi
T4366,U099,2021-05-30,Expense,Freelance,1012,NO,NO,BANK TRANSFER,Delhi
T11509,U144,2024-01-03,Expense,Education,45594,NO,NO,BANK TRANSFER,Ahmedabad
T6397,U029,2021-05-03,Expense,Rent,1609,NO,NO,CASH,Unknown
T1052,U109,2024-01-03,Expense,Savings,5363,NO,NO,UPI,Hyderabad
T0003,U097,2022-08-24,Expense,Food,850,NO,NO,CARD,Ahmedabad
T2901,U091,2023-01-22,Income,Rent,37262,NO,NO,CASH,Ahmedabad
T5105,U042,2022-08-02,Income,Food,37998,NO,NO,UPI,Kolkata
T2861,U144,2023-11-08,Expense,Health,8528,NO,NO,UNKNOWN,Hyderabad
T7460,U013,2023-01-04,Expense,Rent,788,NO,NO,BANK TRANSFER,Mumbai
T11739,U139,2022-01-12,Expense,Entertainment,351,NO,NO,UPI,Ahmedabad
T10624,U050,2023-12-10,Expense,Utilities,7226,NO,NO,UPI,Kolkata
T9733,U060,2023-05-07,Expense,Rent,3546,NO,NO,CASH,Chennai
T0205,U099,2024-01-06,Expense,Rent,7519,NO,NO,UPI,Jaipur
T3235,U118,2022-07-29,Expense,Utilities,9521,NO,NO,CASH,Kolkata
T10455,U044,2023-08-08,Expense,Food,43044,NO,NO,CASH,Hyderabad
T4225,U086,2021-12-17,Expense,Travel,4915,NO,NO,CASH,Ahmedabad
T13531,U001,2024-04-13,Income,Rent,79454,NO,NO,CASH,Unknown
T3459,U038,2023-09-13,Expense,Education,2545,NO,NO,UPI,Pune
T7968,U030,2022-06-20,Expense,Others,4500,NO,NO,CARD,Delhi
T10244,U079,2023-07-01,Expense,Rent,6730,NO,NO,UNKNOWN,Chennai
T0204,U002,2021-04-10,Expense,Investment,3003,NO,NO,CASH,Lucknow
T7381,U044,2022-08-12,Expense,Utilities,1418,NO,NO,UNKNOWN,Pune
T7128,U099,2024-02-22,Expense,Travel,6427,NO,NO,BANK TRANSFER,Hyderabad
T7221,U101,2022-08-14,Expense,Utilities,3358,NO,NO,CARD,Hyderabad
T10989,U039,2021-04-02,Expense,Education,0,NO,NO,CASH,Chennai
T1561,U012,2024-05-04,Expense,Health,5725,NO,NO,UPI,Mumbai
T1994,U111,2021-04-04,Expense,Travel,2326,NO,NO,UPI,Unknown
T10535,U115,2024-11-04,Expense,Bonus,402,NO,NO,BANK TRANSFER,Delhi
T12484,U047,2022-02-14,Expense,Utilities,5993,NO,NO,CASH,Bangalore
T11930,U097,2022-12-26,Expense,Freelance,4931,NO,NO,CASH,Lucknow
T7057,U035,2022-09-08,Expense,Entertainment,4832,NO,NO,CARD,Unknown
T13422,U101,2021-09-01,Expense,Others,1091,NO,NO,CASH,Kolkata
T2108,U135,2024-01-03,Expense,Utilities,6955,NO,NO,BANK TRANSFER,Pune
T12159,U112,2023-03-22,Expense,Bonus,3334,NO,NO,CARD,Kolkata
T11487,U098,2024-12-16,Expense,Food,5114,NO,NO,BANK TRANSFER,Mumbai
T9859,U082,2023-12-06,Expense,Food,999999,NO,YES,UPI,Chennai
T9906,U123,2022-06-27,Expense,Travel,4734,NO,NO,CASH,Delhi
T13804,U011,2023-11-18,Expense,Food,1199,NO,NO,UPI,Bangalore
T10759,U074,2021-06-15,Expense,Food,5092,NO,NO,BANK TRANSFER,Unknown
T9880,U083,2022-07-04,Expense,Food,1246,NO,NO,UPI,Hyderabad
T13136,U121,2022-02-26,Expense,Utilities,5167,NO,NO,CASH,Hyderabad
T8706,U110,2023-02-28,Income,Utilities,35111,NO,NO,CARD,Hyderabad
T11378,U095,2024-03-18,Income,Food,29973,NO,NO,BANK TRANSFER,Ahmedabad
T2308,U131,2021-03-19,Expense,Food,3124,NO,NO,BANK TRANSFER,Pune
T5328,U060,2023-08-22,Expense,Rent,9530,NO,NO,UPI,Hyderabad
T2919,U096,2021-10-11,Income,Food,31487,NO,NO,UPI,Delhi
T12211,U140,2023-06-26,Income,Rent,49188,NO,NO,CARD,Bangalore
T11004,U045,2022-06-04,Expense,Health,6870,NO,NO,CASH,Pune
T6320,U006,2021-02-04,Expense,Entertainment,3896,NO,NO,CARD,Unknown
T7311,U044,2023-09-08,Expense,Utilities,7285,NO,NO,UNKNOWN,Lucknow
T8415,U076,2023-02-17,Expense,Rent,6026,NO,NO,CARD,Lucknow
T2439,U129,2022-04-02,Expense,Travel,1690,NO,NO,CARD,Pune
T10757,U005,2022-11-03,Expense,Others,8001,NO,NO,UPI,Lucknow
T13655,U127,2023-02-27,Expense,Uncategorised,3228,NO,NO,UPI,Mumbai
T6373,U061,2024-06-12,Expense,Savings,3531,NO,NO,BANK TRANSFER,Unknown
T5902,U100,2024-12-07,Expense,Uncategorised,8711,NO,NO,CASH,Chennai
T4333,U145,2023-05-11,Expense,Rent,8024,NO,NO,CARD,Chennai
T8784,U058,2022-12-15,Expense,Entertainment,5877,NO,NO,CARD,Unknown
T2764,U096,2021-03-23,Expense,Rent,6618,NO,NO,CASH,Hyderabad
T10674,U093,2021-06-23,Expense,Travel,2253,NO,NO,CARD,Chennai
T0389,U119,2023-05-15,Expense,Food,0,NO,NO,BANK TRANSFER,Delhi
T4427,U112,2024-08-16,Expense,Others,8697,NO,NO,CARD,Unknown
T11986,U053,2023-09-04,Expense,Travel,7957,NO,NO,CASH,Jaipur
T3594,U001,2022-02-26,Expense,Food,3404,NO,NO,BANK TRANSFER,Hyderabad
T6805,U126,2021-05-16,Expense,Investment,2108,NO,NO,BANK TRANSFER,Lucknow
T7795,U113,2022-04-08,Expense,Rent,1850,NO,NO,CASH,Bangalore
T13406,U023,2021-07-03,Expense,Entertainment,976,NO,NO,CASH,Pune
T4053,U111,2021-04-03,Expense,Uncategorised,45370,NO,NO,CASH,Bangalore
T2605,U121,2021-02-20,Expense,Rent,5814,NO,NO,BANK TRANSFER,Ahmedabad
T5960,U026,2021-09-10,Expense,Food,8030,NO,NO,CARD,Jaipur
T10475,U028,2021-07-23,Expense,Rent,7230,NO,NO,CARD,Mumbai
T13346,U062,2021-10-18,Expense,Travel,5335,NO,NO,UNKNOWN,Delhi
T3124,U122,2023-10-26,Expense,Food,5225,NO,NO,UPI,Bangalore
T0334,U074,2021-04-07,Expense,Food,8870,NO,NO,CARD,Mumbai
T0050,U102,2022-04-11,Income,Food,73956,NO,NO,UNKNOWN,Unknown
T11535,U138,2022-11-01,Expense,Uncategorised,1570,NO,NO,CASH,Delhi
T5704,U110,2024-08-16,Expense,Entertainment,6769,NO,NO,CASH,Jaipur
T7829,U133,2023-05-13,Expense,Food,3019,NO,NO,BANK TRANSFER,Delhi
T2354,U126,2024-06-04,Expense,Savings,21559,NO,NO,BANK TRANSFER,Kolkata
T13729,U014,2021-05-31,Expense,Rent,1226,NO,NO,CASH,Mumbai
T4325,U073,2021-07-15,Expense,Savings,934,NO,NO,CARD,Mumbai
T8963,U040,2023-03-24,Expense,Others,8640,NO,NO,BANK TRANSFER,Pune
T3590,U020,2023-07-23,Expense,Freelance,4311,NO,NO,UPI,Lucknow
T10213,U082,2022-08-04,Expense,Rent,9049,NO,NO,UPI,Mumbai
T0384,U119,2024-08-19,Expense,Rent,7771,NO,NO,CARD,Kolkata
T8441,U002,2023-04-29,Expense,Freelance,9076,NO,NO,CASH,Chennai
T9592,U094,2022-07-13,Expense,Food,6332,NO,NO,BANK TRANSFER,Chennai
T12396,U008,2024-05-20,Expense,Utilities,7660,NO,NO,CARD,Bangalore
T12253,U072,2023-03-05,Income,Entertainment,19028,NO,NO,BANK TRANSFER,Jaipur
T11717,U068,2024-07-05,Expense,Savings,1475,NO,NO,CASH,Mumbai
T11686,U146,2021-02-27,Expense,Rent,5885,NO,NO,UPI,Chennai
T3221,U134,2021-03-01,Expense,Rent,8794,NO,NO,CARD,Ahmedabad
T11769,U100,2023-11-27,Expense,Utilities,4838,NO,NO,CARD,Kolkata
T10507,U062,2024-03-17,Expense,Rent,798,NO,NO,UPI,Lucknow
T13460,U029,2021-05-20,Expense,Utilities,9628,NO,NO,UNKNOWN,Mumbai
T7757,U003,2024-08-12,Income,Entertainment,41460,NO,NO,UPI,Delhi
T2512,U068,2023-08-23,Expense,Travel,9180,NO,NO,CASH,Bangalore
T13790,U013,2023-10-30,Expense,Entertainment,9615,NO,NO,CARD,Delhi
T7546,U133,2021-12-03,Expense,Food,9903,NO,NO,BANK TRANSFER,Pune
T13978,U001,2021-07-02,Expense,Investment,956,NO,NO,CARD,Mumbai
T10034,U077,2024-03-18,Expense,Utilities,9781,NO,NO,CARD,Kolkata
T6984,U006,2023-08-25,Expense,Utilities,9767,NO,NO,CARD,Chennai
T13305,U122,2021-02-24,Expense,Utilities,3693,NO,NO,CASH,Bangalore
T5074,U104,2022-10-03,Expense,Food,2998,NO,NO,UPI,Ahmedabad
T2554,U034,2024-10-15,Expense,Rent,6291,NO,NO,CARD,Unknown
T12057,U121,2024-03-30,Income,Rent,77481,NO,NO,BANK TRANSFER,Kolkata
T6967,U065,2022-11-13,Expense,Food,2883,NO,NO,CARD,Delhi
T7700,U132,2021-03-11,Expense,Travel,4582,NO,NO,CARD,Jaipur
T9116,U081,2023-03-22,Expense,Savings,4680,NO,NO,UNKNOWN,Lucknow
T13250,U076,2021-03-06,Expense,Travel,5125,NO,NO,UPI,Delhi
T4575,U094,2021-10-05,Expense,Food,9451,NO,NO,UPI,Delhi
T2930,U078,2023-03-21,Expense,Rent,1636,NO,NO,CASH,Ahmedabad
T0593,U117,2023-06-18,Expense,Rent,8182,NO,NO,BANK TRANSFER,Hyderabad
T11545,U069,2024-11-02,Expense,Salary,9075,NO,NO,CARD,Kolkata
T8728,U019,2022-03-02,Expense,Entertainment,10018,NO,NO,BANK TRANSFER,Jaipur
T6180,U119,2024-08-23,Expense,Utilities,7719,NO,NO,CASH,Lucknow
T7229,U095,2024-01-15,Expense,Education,7624,NO,NO,CARD,Chennai
T12555,U143,2023-09-01,Income,Travel,28988,NO,NO,CARD,Lucknow
T11613,U073,2021-11-16,Expense,Food,9109,NO,NO,UPI,Jaipur
T7408,U077,2021-02-20,Expense,Health,780,NO,NO,CARD,Delhi
T11274,U094,2024-03-31,Expense,Investment,1980,NO,NO,CARD,Chennai
T1816,U035,2023-02-10,Expense,Freelance,4300,NO,NO,CARD,Chennai
T7881,U011,2023-10-26,Income,Rent,11610,NO,NO,CARD,Hyderabad
T10939,U065,2021-02-10,Expense,Rent,2464,NO,NO,CASH,Pune
T8900,U062,2022-09-09,Expense,Food,-500,YES,NO,BANK TRANSFER,Ahmedabad
T12044,U006,2023-07-07,Expense,Health,0,NO,NO,CARD,Pune
T4017,U069,2021-09-02,Expense,Education,999999,NO,YES,UNKNOWN,Ahmedabad
T5280,U130,2022-05-08,Expense,Entertainment,15269,NO,NO,CARD,Unknown
T4057,U079,2021-02-27,Expense,Health,2395,NO,NO,UNKNOWN,Pune
T8431,U100,2023-06-11,Expense,Food,3588,NO,NO,CASH,Pune
T7513,U114,2023-04-12,Expense,Food,2633,NO,NO,UPI,Jaipur
T7782,U116,2021-10-31,Expense,Education,0,NO,NO,UPI,Kolkata
T4345,U098,2023-08-24,Expense,Investment,9805,NO,NO,CARD,Hyderabad
T7673,U103,2024-11-07,Expense,Education,7790,NO,NO,UPI,Mumbai
T11795,U061,2024-12-16,Expense,Food,31237,NO,NO,CASH,Mumbai
T12252,U081,2022-08-12,Expense,Others,6381,NO,NO,UPI,Lucknow
T2811,U110,2024-03-17,Income,Utilities,11646,NO,NO,UNKNOWN,Jaipur
T3118,U019,2024-01-09,Expense,Food,4184,NO,NO,BANK TRANSFER,Lucknow
T12447,U053,2024-04-29,Income,Travel,22105,NO,NO,CARD,Bangalore
T0034,U063,2021-06-27,Expense,Education,8198,NO,NO,UPI,Lucknow
T6422,U016,2024-06-26,Expense,Food,999999999,NO,YES,UPI,Delhi
T11983,U007,2021-03-09,Expense,Utilities,6004,NO,NO,BANK TRANSFER,Bangalore
T1660,U048,2022-02-23,Expense,Utilities,585,NO,NO,CASH,Kolkata
T10408,U113,2024-08-09,Expense,Rent,5275,NO,NO,UPI,Lucknow
T1059,U148,2023-02-10,Expense,Rent,9726,NO,NO,CASH,Jaipur
T8584,U119,2024-02-14,Expense,Food,6742,NO,NO,UPI,Jaipur
T1879,U037,2022-09-21,Expense,Food,19462,NO,NO,CARD,Unknown
T0529,U117,2022-12-22,Expense,Rent,2980,NO,NO,CARD,Kolkata
T3057,U127,2022-02-27,Expense,Rent,3824,NO,NO,CASH,Delhi
T13259,U109,2024-01-16,Expense,Travel,38553,NO,NO,CARD,Mumbai
T3152,U046,2021-08-23,Expense,Utilities,10050,NO,NO,BANK TRANSFER,Ahmedabad
T3696,U109,2021-04-16,Expense,Rent,5786,NO,NO,CARD,Bangalore
T3006,U086,2022-03-29,Expense,Savings,4385,NO,NO,UNKNOWN,Kolkata
T12745,U119,2022-08-12,Expense,Salary,3096,NO,NO,BANK TRANSFER,Pune
T8804,U037,2023-12-13,Expense,Rent,3820,NO,NO,UNKNOWN,Chennai
T3658,U057,2024-02-13,Expense,Freelance,7698,NO,NO,BANK TRANSFER,Delhi
T4483,U113,2021-06-27,Income,Food,27406,NO,NO,CASH,Delhi
T6049,U149,2023-02-09,Income,Food,20102,NO,NO,UNKNOWN,Delhi
T7676,U088,2023-06-17,Expense,Salary,1590,NO,NO,CASH,Delhi
T12726,U042,2022-01-21,Income,Travel,18434,NO,NO,BANK TRANSFER,Jaipur
T8446,U142,2024-08-26,Expense,Travel,3972,NO,NO,UPI,Chennai
T4883,U055,2022-07-28,Expense,Rent,9254,NO,NO,BANK TRANSFER,Chennai
T7291,U146,2021-01-31,Expense,Education,8629,NO,NO,UPI,Jaipur
T2199,U114,2022-10-07,Expense,Food,6158,NO,NO,UPI,Ahmedabad
T4559,U037,2023-01-12,Expense,Utilities,2897,NO,NO,CASH,Chennai
T13782,U054,2023-08-19,Expense,Utilities,6768,NO,NO,CASH,Unknown
T0512,U031,2024-12-12,Expense,Travel,1836,NO,NO,CARD,Bangalore
T4266,U072,2024-05-18,Income,Health,33323,NO,NO,CARD,Hyderabad
T10521,U031,2022-07-30,Expense,Education,7006,NO,NO,CARD,Unknown
T5147,U011,2023-10-26,Income,Food,29233,NO,NO,UPI,Bangalore
T7992,U146,2024-04-02,Expense,Investment,3832,NO,NO,UNKNOWN,Kolkata
T0710,U061,2024-06-08,Income,Food,57203,NO,NO,CARD,Bangalore
T11976,U137,2024-08-29,Expense,Food,3017,NO,NO,CASH,Chennai
T13584,U028,2024-12-20,Income,Bonus,13551,NO,NO,UPI,Mumbai
T9416,U076,2024-09-18,Expense,Rent,2511,NO,NO,UPI,Hyderabad
T6499,U066,2023-08-30,Expense,Rent,5347,NO,NO,UPI,Lucknow
T12458,U120,2022-08-21,Expense,Others,1245,NO,NO,CARD,Hyderabad
T8141,U061,2022-05-21,Expense,Entertainment,5164,NO,NO,UPI,Ahmedabad
T11363,U043,2024-11-11,Expense,Food,2435,NO,NO,BANK TRANSFER,Chennai
T1801,U113,2024-04-05,Expense,Salary,2555,NO,NO,CASH,Jaipur
T4027,U072,2023-12-23,Expense,Travel,1822,NO,NO,UNKNOWN,Delhi
T7105,U084,2022-09-30,Expense,Rent,8431,NO,NO,CASH,Pune
T13576,U050,2023-05-02,Expense,Education,9942,NO,NO,CARD,Lucknow
T12978,U037,2022-07-20,Expense,Travel,2325,NO,NO,CARD,Lucknow
T12922,U141,2023-12-15,Expense,Investment,3056,NO,NO,CARD,Ahmedabad
T0387,U028,2021-02-06,Expense,Uncategorised,6737,NO,NO,BANK TRANSFER,Lucknow
T2950,U135,2021-11-04,Expense,Rent,842,NO,NO,UPI,Bangalore
T9896,U102,2023-10-02,Expense,Education,7975,NO,NO,UPI,Bangalore
T8638,U112,2023-07-20,Expense,Others,3428,NO,NO,CARD,Bangalore
T8964,U139,2023-05-26,Expense,Travel,8529,NO,NO,CARD,Unknown
T1113,U120,2023-05-01,Expense,Investment,7800,NO,NO,BANK TRANSFER,Delhi
T6280,U125,2024-05-11,Expense,Education,1146,NO,NO,CARD,Chennai
T8544,U142,2021-06-03,Expense,Entertainment,3417,NO,NO,UNKNOWN,Kolkata
T8025,U071,2024-10-14,Income,Education,74866,NO,NO,UPI,Pune
T3076,U077,2023-04-24,Expense,Travel,7445,NO,NO,CARD,Pune
T5671,U138,2024-11-07,Expense,Food,212,NO,NO,CARD,Mumbai
T9819,U094,2024-01-31,Expense,Savings,6582,NO,NO,CASH,Chennai
T11114,U139,2024-05-05,Expense,Utilities,5585,NO,NO,CARD,Lucknow
T9309,U133,2021-12-05,Expense,Rent,2103,NO,NO,CASH,Jaipur
T5039,U066,2022-02-27,Expense,Savings,1897,NO,NO,CASH,Chennai
T10114,U109,2021-01-28,Expense,Travel,7208,NO,NO,CARD,Jaipur
T12325,U052,2021-12-11,Expense,Others,1702,NO,NO,CASH,Kolkata
T8234,U011,2023-01-27,Income,Utilities,35843,NO,NO,CARD,Kolkata
T11279,U104,2022-04-27,Expense,Travel,2694,NO,NO,BANK TRANSFER,Lucknow
T9967,U096,2024-12-06,Expense,Rent,1435,NO,NO,CASH,Ahmedabad
T2604,U092,2021-04-26,Income,Freelance,28864,NO,NO,CASH,Pune
T5562,U105,2024-02-23,Expense,Bonus,8555,NO,NO,CASH,Ahmedabad
T8636,U095,2023-12-23,Expense,Food,6232,NO,NO,CASH,Chennai
T10311,U135,2024-04-02,Expense,Health,366,NO,NO,BANK TRANSFER,Delhi
T8766,U023,2023-07-04,Expense,Food,5668,NO,NO,CARD,Mumbai
T11017,U031,2021-07-11,Expense,Rent,5967,NO,NO,BANK TRANSFER,Unknown
T9743,U026,2021-12-01,Expense,Rent,9788,NO,NO,UPI,Ahmedabad
T7071,U085,2021-07-09,Expense,Utilities,9882,NO,NO,CARD,Unknown
T12026,U129,2024-10-22,Expense,Rent,3229,NO,NO,CARD,Hyderabad
T5922,U063,2024-06-18,Expense,Food,2932,NO,NO,CASH,Hyderabad
T9559,U092,2024-01-23,Expense,Travel,9486,NO,NO,CASH,Ahmedabad
T8065,U059,2022-04-17,Expense,Rent,2645,NO,NO,CARD,Bangalore
T9346,U044,2023-07-28,Expense,Utilities,7819,NO,NO,CASH,Bangalore
T13268,U060,2024-02-02,Expense,Rent,7262,NO,NO,UNKNOWN,Hyderabad
T1640,U048,2024-10-02,Expense,Uncategorised,88,NO,NO,CARD,Hyderabad
T4290,U018,2024-09-03,Expense,Food,7116,NO,NO,CASH,Ahmedabad
T7048,U020,2024-03-20,Expense,Rent,8394,NO,NO,UNKNOWN,Jaipur
T4499,U097,2021-11-25,Expense,Investment,-500,YES,NO,BANK TRANSFER,Ahmedabad
T7509,U067,2022-07-10,Expense,Food,999999999,NO,YES,CARD,Mumbai
T10216,U022,2024-07-23,Income,Bonus,45368,NO,NO,UPI,Unknown
T12061,U109,2024-08-08,Expense,Rent,5384,NO,NO,BANK TRANSFER,Hyderabad
T13637,U129,2022-03-10,Expense,Rent,8370,NO,NO,BANK TRANSFER,Lucknow
T11307,U026,2021-06-04,Income,Food,37473,NO,NO,UPI,Hyderabad
T12487,U092,2021-10-16,Expense,Food,1834,NO,NO,CASH,Kolkata
T7097,U013,2021-03-10,Expense,Others,9425,NO,NO,UPI,Chennai
T12295,U131,2021-08-11,Expense,Investment,8896,NO,NO,BANK TRANSFER,Chennai
T13427,U040,2023-10-07,Expense,Salary,0,NO,NO,CASH,Unknown
T11657,U131,2021-02-12,Expense,Rent,16334,NO,NO,CARD,Lucknow
T1596,U005,2023-01-20,Expense,Rent,0,NO,NO,BANK TRANSFER,Pune
T2367,U044,2024-01-23,Expense,Rent,134,NO,NO,CASH,Chennai
T9933,U127,2021-04-11,Expense,Food,10249,NO,NO,CARD,Hyderabad
T6802,U101,2022-10-20,Expense,Education,1915,NO,NO,UPI,Kolkata
T9233,U068,2023-02-23,Expense,Travel,5947,NO,NO,BANK TRANSFER,Mumbai
T7926,U073,2024-07-31,Expense,Bonus,8012,NO,NO,CARD,Mumbai
T10929,U095,2024-02-29,Expense,Others,5658,NO,NO,CARD,Kolkata
T7272,U150,2021-03-10,Expense,Utilities,3488,NO,NO,CARD,Mumbai
T7964,U142,2023-05-18,Income,Food,13052,NO,NO,UPI,Lucknow
T2955,U056,2021-04-01,Expense,Travel,8306,NO,NO,CARD,Unknown
T12444,U111,2021-12-18,Expense,Rent,5784,NO,NO,CASH,Mumbai
T5904,U024,2024-11-19,Expense,Food,2657,NO,NO,UPI,Lucknow
T10578,U102,2023-01-11,Expense,Food,3781,NO,NO,CARD,Chennai
T6403,U060,2021-12-23,Expense,Utilities,47976,NO,NO,UPI,Mumbai
T2981,U091,2021-03-24,Expense,Education,5786,NO,NO,BANK TRANSFER,Lucknow
T0755,U024,2024-07-16,Expense,Food,3894,NO,NO,BANK TRANSFER,Delhi
T0557,U107,2022-07-20,Expense,Others,2114,NO,NO,UPI,Mumbai
T2024,U131,2021-01-05,Expense,Freelance,9248,NO,NO,UPI,Kolkata
T3947,U052,2021-09-07,Expense,Rent,9506,NO,NO,CARD,Hyderabad
T0867,U085,2024-03-11,Expense,Food,5713,NO,NO,BANK TRANSFER,Chennai
T10729,U128,2021-11-20,Expense,Freelance,5021,NO,NO,CARD,Delhi
T4339,U086,2021-03-01,Expense,Entertainment,2892,NO,NO,UPI,Hyderabad
T3465,U098,2024-06-14,Income,Salary,72760,NO,NO,CASH,Chennai
T4449,U054,2022-04-01,Expense,Rent,7513,NO,NO,CARD,Pune
T1042,U130,2021-08-19,Expense,Utilities,5725,NO,NO,CASH,Lucknow
T10734,U023,2022-01-27,Expense,Food,8687,NO,NO,CASH,Bangalore
T0913,U001,2022-05-25,Expense,Food,459,NO,NO,UPI,Delhi
T11653,U009,2024-06-25,Expense,Travel,836,NO,NO,CARD,Lucknow
T8134,U053,2022-06-02,Expense,Food,5242,NO,NO,CASH,Lucknow
T6969,U002,2023-03-17,Income,Others,52187,NO,NO,CARD,Hyderabad
T5416,U027,2024-12-27,Income,Utilities,27050,NO,NO,BANK TRANSFER,Lucknow
T1963,U062,2021-04-13,Expense,Food,15540,NO,NO,CARD,Pune
T12607,U036,2023-05-25,Expense,Savings,7243,NO,NO,UPI,Kolkata
T1526,U055,2023-05-28,Expense,Others,5205,NO,NO,BANK TRANSFER,Chennai
T4670,U120,2022-03-19,Expense,Entertainment,0,NO,NO,UPI,Unknown
T4896,U114,2021-12-25,Expense,Utilities,9090,NO,NO,UNKNOWN,Ahmedabad
T10192,U122,2023-11-28,Expense,Travel,5284,NO,NO,CARD,Pune
T13010,U116,2023-02-20,Expense,Rent,3577,NO,NO,BANK TRANSFER,Delhi
T13526,U013,2021-09-15,Expense,Rent,2966,NO,NO,CASH,Lucknow
T10374,U120,2024-01-23,Expense,Utilities,3368,NO,NO,CASH,Bangalore
T13447,U006,2024-05-14,Expense,Food,2104,NO,NO,UNKNOWN,Pune
T7791,U052,2023-01-27,Income,Food,43225,NO,NO,BANK TRANSFER,Ahmedabad
T6078,U144,2024-06-23,Expense,Food,2316,NO,NO,BANK TRANSFER,Pune
T9194,U040,2024-03-22,Expense,Others,0,NO,NO,CASH,Jaipur
T10990,U137,2024-02-06,Expense,Food,1141,NO,NO,CARD,Unknown
T7423,U141,2022-07-29,Expense,Rent,380,NO,NO,BANK TRANSFER,Unknown
T5251,U065,2022-08-02,Expense,Education,3808,NO,NO,BANK TRANSFER,Bangalore
T4801,U012,2023-08-15,Expense,Travel,4073,NO,NO,BANK TRANSFER,Ahmedabad
T10752,U023,2024-05-15,Expense,Entertainment,5254,NO,NO,CARD,Pune
T10153,U126,2022-10-01,Expense,Rent,4409,NO,NO,CASH,Jaipur
T1844,U131,2023-02-04,Expense,Others,922,NO,NO,CARD,Chennai
T9631,U071,2024-03-01,Expense,Utilities,4331,NO,NO,UNKNOWN,Ahmedabad
T6187,U101,2023-06-19,Expense,Health,8228,NO,NO,UPI,Lucknow
T2912,U066,2021-07-15,Expense,Travel,0,NO,NO,BANK TRANSFER,Mumbai
T7639,U107,2023-09-07,Expense,Travel,8137,NO,NO,CARD,Kolkata
T2330,U108,2023-12-16,Expense,Entertainment,480,NO,NO,BANK TRANSFER,Lucknow
T3774,U020,2023-09-08,Expense,Savings,47146,NO,NO,CARD,Delhi
T6765,U080,2024-11-23,Expense,Travel,12152,NO,NO,CARD,Chennai
T10083,U107,2022-08-27,Expense,Entertainment,7115,NO,NO,CASH,Hyderabad
T13853,U015,2024-02-07,Expense,Utilities,7251,NO,NO,CARD,Jaipur
T6465,U037,2023-09-05,Expense,Travel,14034,NO,NO,UPI,Mumbai
T3091,U065,2022-06-09,Expense,Food,5218,NO,NO,UNKNOWN,Bangalore
T13714,U041,2021-11-29,Income,Food,54235,NO,NO,CASH,Mumbai
T5170,U127,2023-07-28,Expense,Travel,2690,NO,NO,UPI,Hyderabad
T11872,U035,2024-05-16,Income,Uncategorised,44683,NO,NO,BANK TRANSFER,Delhi
T8494,U145,2021-03-05,Expense,Rent,1530,NO,NO,CASH,Chennai
T3509,U097,2023-01-25,Expense,Food,7860,NO,NO,UPI,Jaipur
T2964,U050,2021-11-25,Income,Investment,52808,NO,NO,CASH,Lucknow
T3829,U071,2022-01-23,Expense,Health,5090,NO,NO,CASH,Hyderabad
T10668,U096,2023-06-01,Expense,Rent,2145,NO,NO,CARD,Bangalore
T4537,U108,2023-10-23,Expense,Travel,49692,NO,NO,CASH,Ahmedabad
T7227,U127,2023-04-12,Expense,Travel,-500,YES,NO,BANK TRANSFER,Pune
T13396,U029,2022-02-24,Expense,Education,3821,NO,NO,CASH,Ahmedabad
T10716,U137,2021-12-24,Expense,Uncategorised,8833,NO,NO,CASH,Kolkata
T0223,U060,2023-01-27,Expense,Utilities,7548,NO,NO,CASH,Kolkata
T3278,U114,2022-01-02,Expense,Freelance,3211,NO,NO,UPI,Delhi
T2137,U148,2024-12-04,Expense,Food,7302,NO,NO,CASH,Delhi
T13310,U131,2022-06-20,Expense,Food,2654,NO,NO,UNKNOWN,Bangalore
T13401,U064,2021-09-17,Expense,Health,6197,NO,NO,UPI,Unknown
T1216,U042,2022-01-31,Income,Rent,31183,NO,NO,BANK TRANSFER,Jaipur
T7621,U038,2022-11-24,Expense,Food,0,NO,NO,CARD,Mumbai
T12659,U013,2024-03-30,Expense,Rent,633,NO,NO,UPI,Lucknow
T3637,U087,2022-11-12,Income,Rent,11408,NO,NO,CASH,Kolkata
T7630,U061,2024-06-16,Expense,Rent,682,NO,NO,BANK TRANSFER,Kolkata
T8865,U134,2022-01-09,Expense,Bonus,3593,NO,NO,CARD,Hyderabad
T3093,U039,2024-04-05,Income,Utilities,24961,NO,NO,UNKNOWN,Chennai
T1531,U063,2021-11-11,Expense,Food,4372,NO,NO,UPI,Ahmedabad
T9087,U074,2023-11-03,Expense,Food,8845,NO,NO,BANK TRANSFER,Pune
T1068,U136,2024-01-01,Income,Food,27777,NO,NO,CARD,Unknown
T5861,U030,2022-02-10,Expense,Rent,9434,NO,NO,UPI,Delhi
T0826,U074,2021-03-28,Expense,Food,9917,NO,NO,BANK TRANSFER,Delhi
T1345,U105,2024-06-03,Expense,Travel,7155,NO,NO,CASH,Unknown
T6330,U030,2023-10-15,Expense,Food,9035,NO,NO,BANK TRANSFER,Unknown
T5000,U003,2022-02-06,Income,Rent,11162,NO,NO,UNKNOWN,Mumbai
T8682,U104,2022-10-01,Expense,Utilities,1774,NO,NO,UNKNOWN,Jaipur
T2491,U011,2022-01-23,Expense,Health,8534,NO,NO,UPI,Chennai
T13161,U031,2021-05-08,Expense,Food,29086,NO,NO,CASH,Lucknow
T10572,U064,2021-05-15,Expense,Uncategorised,6479,NO,NO,CASH,Kolkata
T2009,U095,2021-11-02,Income,Food,68265,NO,NO,CARD,Bangalore
T1469,U124,2024-03-25,Expense,Utilities,5852,NO,NO,BANK TRANSFER,Lucknow
T4073,U048,2024-09-05,Income,Travel,0,NO,NO,CARD,Jaipur
T5823,U145,2023-03-29,Expense,Salary,4723,NO,NO,UNKNOWN,Mumbai
T6010,U060,2022-04-01,Expense,Travel,1929,NO,NO,UPI,Ahmedabad
T1208,U049,2021-12-25,Expense,Rent,1256,NO,NO,CASH,Hyderabad
T12040,U030,2023-02-16,Expense,Food,9939,NO,NO,UNKNOWN,Hyderabad
T12561,U084,2022-09-08,Expense,Freelance,3918,NO,NO,UPI,Lucknow
T8695,U084,2024-04-24,Expense,Food,7685,NO,NO,CASH,Ahmedabad
T3156,U075,2021-12-06,Expense,Utilities,999999999,NO,YES,CASH,Kolkata
T12024,U033,2022-05-31,Expense,Utilities,332,NO,NO,UPI,Lucknow
T13777,U136,2024-08-12,Expense,Food,8307,NO,NO,CARD,Bangalore
T10943,U014,2022-08-01,Expense,Rent,3600,NO,NO,UPI,Kolkata
T2286,U005,2021-08-18,Expense,Food,9576,NO,NO,BANK TRANSFER,Kolkata
T9378,U137,2022-06-21,Income,Freelance,39248,NO,NO,CASH,Jaipur
T13199,U116,2024-03-12,Expense,Rent,3049,NO,NO,BANK TRANSFER,Lucknow
T0690,U079,2021-07-05,Expense,Travel,3412,NO,NO,BANK TRANSFER,Bangalore
T7454,U054,2022-09-23,Expense,Travel,4629,NO,NO,UPI,Mumbai
T7774,U036,2024-01-04,Income,Food,22505,NO,NO,UPI,Delhi
T11710,U026,2024-04-26,Income,Education,55767,NO,NO,CASH,Hyderabad
T0517,U146,2024-02-29,Expense,Food,119,NO,NO,CARD,Hyderabad
T6942,U036,2021-04-01,Expense,Entertainment,7649,NO,NO,CARD,Kolkata
T8218,U049,2021-05-25,Expense,Food,285,NO,NO,UNKNOWN,Mumbai
T8158,U046,2021-07-21,Expense,Rent,6334,NO,NO,BANK TRANSFER,Lucknow
T11171,U024,2023-06-18,Expense,Salary,8970,NO,NO,CASH,Kolkata
T6183,U071,2024-12-21,Expense,Food,4100,NO,NO,UPI,Bangalore
T10817,U141,2021-08-22,Expense,Rent,664,NO,NO,CARD,Hyderabad
T2429,U076,2021-12-21,Expense,Food,3443,NO,NO,CASH,Kolkata
T6509,U055,2023-10-15,Expense,Food,5211,NO,NO,BANK TRANSFER,Pune
T4392,U065,2021-03-29,Expense,Education,12320,NO,NO,BANK TRANSFER,Ahmedabad
T11097,U118,2023-07-30,Expense,Food,0,NO,NO,CASH,Ahmedabad
T11597,U019,2021-01-10,Expense,Food,999999999,NO,YES,CARD,Hyderabad
T8543,U059,2024-03-18,Income,Food,51421,NO,NO,CASH,Ahmedabad
T12927,U113,2022-01-03,Expense,Bonus,5655,NO,NO,BANK TRANSFER,Hyderabad
T11088,U020,2021-09-04,Expense,Savings,1826,NO,NO,CASH,Kolkata
T6978,U004,2024-06-24,Expense,Food,3914,NO,NO,BANK TRANSFER,Bangalore
T10813,U089,2024-04-05,Income,Food,32741,NO,NO,UPI,Lucknow
T6398,U100,2023-12-07,Expense,Rent,3277,NO,NO,UPI,Bangalore
T10403,U115,2023-10-13,Income,Food,26660,NO,NO,CASH,Kolkata
T8688,U030,2023-04-18,Expense,Bonus,3125,NO,NO,UPI,Hyderabad
T6830,U113,2022-10-07,Expense,Savings,-1000,YES,NO,CARD,Jaipur
T7313,U146,2023-05-28,Expense,Entertainment,4506,NO,NO,UPI,Jaipur
T6712,U146,2024-01-20,Expense,Salary,2114,NO,NO,CASH,Ahmedabad
T1500,U128,2022-10-06,Income,Bonus,77493,NO,NO,UPI,Pune
T10022,U102,2021-11-26,Income,Travel,27277,NO,NO,UNKNOWN,Unknown
T4770,U098,2022-10-19,Income,Food,25714,NO,NO,CASH,Jaipur
T4231,U128,2021-04-05,Expense,Utilities,6769,NO,NO,CASH,Hyderabad
T11168,U134,2024-10-07,Expense,Food,1593,NO,NO,BANK TRANSFER,Jaipur
T11696,U119,2024-03-08,Expense,Food,999999,NO,YES,UPI,Bangalore
T10126,U014,2021-11-02,Expense,Rent,264,NO,NO,BANK TRANSFER,Lucknow
T2000,U094,2024-11-30,Expense,Bonus,9931,NO,NO,UPI,Kolkata
T13638,U040,2023-09-15,Expense,Food,8474,NO,NO,BANK TRANSFER,Hyderabad
T13139,U142,2024-06-11,Income,Food,38714,NO,NO,CARD,Lucknow
T0048,U140,2022-10-22,Income,Rent,15720,NO,NO,BANK TRANSFER,Bangalore
T9035,U149,2023-07-02,Expense,Entertainment,4043,NO,NO,CARD,Jaipur
T3584,U034,2023-11-29,Expense,Entertainment,2072,NO,NO,CASH,Mumbai
T1775,U070,2022-01-21,Expense,Utilities,3154,NO,NO,CASH,Ahmedabad
T7473,U112,2023-12-27,Expense,Education,35255,NO,NO,CARD,Pune
T1697,U074,2021-03-04,Expense,Education,4982,NO,NO,BANK TRANSFER,Chennai
T9281,U054,2021-11-12,Expense,Travel,3263,NO,NO,UPI,Unknown
T3509,U029,2021-12-19,Expense,Others,4056,NO,NO,UPI,Lucknow
T4517,U118,2024-12-30,Expense,Food,703,NO,NO,BANK TRANSFER,Lucknow
T13641,U026,2022-02-28,Expense,Utilities,4409,NO,NO,BANK TRANSFER,Kolkata
T0600,U076,2021-08-19,Income,Education,65687,NO,NO,UPI,Pune
T12233,U125,2023-07-17,Income,Savings,67240,NO,NO,UPI,Jaipur
T9869,U126,2022-09-03,Expense,Rent,5487,NO,NO,CARD,Delhi
T10154,U008,2024-03-14,Expense,Travel,3821,NO,NO,CARD,Unknown
T2129,U124,2022-10-17,Income,Food,25148,NO,NO,BANK TRANSFER,Lucknow
T11940,U093,2022-02-06,Expense,Freelance,0,NO,NO,BANK TRANSFER,Unknown
T6516,U028,2024-12-24,Expense,Travel,3070,NO,NO,BANK TRANSFER,Pune
T9858,U010,2021-07-16,Income,Rent,63910,NO,NO,BANK TRANSFER,Pune
T9410,U031,2021-09-01,Expense,Savings,1336,NO,NO,CARD,Unknown
T1770,U066,2024-03-29,Expense,Education,6985,NO,NO,CARD,Delhi
T8899,U136,2022-04-09,Expense,Rent,7722,NO,NO,CASH,Mumbai
T0681,U039,2024-06-02,Expense,Travel,8648,NO,NO,CARD,Unknown
T11886,U071,2021-12-10,Expense,Education,9311,NO,NO,CASH,Jaipur
T11020,U024,2021-07-11,Expense,Investment,8213,NO,NO,CASH,Delhi
T5018,U111,2024-10-26,Expense,Bonus,6332,NO,NO,CASH,Hyderabad
T13348,U005,2024-11-23,Expense,Rent,1861,NO,NO,CARD,Kolkata
T1688,U110,2021-10-29,Expense,Freelance,8571,NO,NO,UNKNOWN,Unknown
T13751,U112,2021-11-21,Expense,Utilities,7161,NO,NO,UPI,Bangalore
T6193,U040,2021-08-21,Expense,Food,3480,NO,NO,CASH,Chennai
T10510,U105,2021-11-14,Income,Rent,47114,NO,NO,BANK TRANSFER,Chennai
T0555,U065,2021-01-28,Expense,Travel,8608,NO,NO,CARD,Mumbai
T12543,U109,2021-05-16,Expense,Food,3761,NO,NO,UPI,Delhi
T7570,U048,2021-10-23,Expense,Food,0,NO,NO,CASH,Kolkata
T10308,U101,2022-05-23,Expense,Entertainment,48922,NO,NO,UPI,Mumbai
T2724,U045,2021-03-28,Expense,Education,8630,NO,NO,CARD,Hyderabad
T11856,U091,2022-08-06,Expense,Rent,408,NO,NO,CARD,Ahmedabad
T12195,U145,2022-03-31,Expense,Travel,870,NO,NO,CASH,Chennai
T8787,U145,2022-04-29,Expense,Utilities,3156,NO,NO,CASH,Ahmedabad
T4046,U068,2022-11-14,Expense,Food,536,NO,NO,CASH,Delhi
T8943,U048,2024-07-07,Income,Bonus,260062,NO,NO,CARD,Ahmedabad
T12900,U004,2021-09-17,Expense,Travel,1044,NO,NO,UPI,Lucknow
T6754,U141,2022-07-29,Expense,Utilities,32519,NO,NO,UPI,Kolkata
T8693,U056,2022-07-18,Expense,Investment,9221,NO,NO,BANK TRANSFER,Kolkata
T3287,U005,2023-06-22,Expense,Food,999999999,NO,YES,UPI,Mumbai
T2245,U005,2024-03-31,Expense,Others,1364,NO,NO,BANK TRANSFER,Hyderabad
T1831,U070,2024-09-26,Expense,Food,6106,NO,NO,CASH,Hyderabad
T3973,U028,2023-10-07,Expense,Freelance,5476,NO,NO,BANK TRANSFER,Ahmedabad
T12537,U002,2024-09-08,Expense,Entertainment,5919,NO,NO,CARD,Mumbai
T5594,U100,2022-05-22,Expense,Investment,5023,NO,NO,CARD,Lucknow
T12565,U080,2023-01-02,Expense,Rent,5831,NO,NO,CASH,Kolkata
T1814,U036,2021-01-19,Expense,Bonus,1214,NO,NO,CASH,Ahmedabad
T11150,U061,2023-01-03,Expense,Savings,2747,NO,NO,CASH,Delhi
T8585,U045,2023-01-08,Expense,Travel,117,NO,NO,UPI,Bangalore
T9408,U132,2023-08-30,Expense,Food,4811,NO,NO,UPI,Kolkata
T9334,U076,2021-08-25,Expense,Travel,5217,NO,NO,UPI,Pune
T5597,U016,2024-01-12,Expense,Health,289,NO,NO,UPI,Hyderabad
T5518,U092,2021-05-15,Expense,Investment,9636,NO,NO,CARD,Mumbai
T10632,U108,2022-11-12,Expense,Health,4465,NO,NO,UPI,Unknown
T0673,U037,2021-04-06,Expense,Entertainment,172,NO,NO,CASH,Ahmedabad
T12245,U136,2022-04-08,Expense,Investment,2358,NO,NO,CARD,Mumbai
T12906,U061,2024-03-05,Expense,Education,787,NO,NO,BANK TRANSFER,Unknown
T12919,U123,2022-06-08,Expense,Freelance,2502,NO,NO,UPI,Ahmedabad
T3937,U100,2023-07-06,Expense,Entertainment,4406,NO,NO,UPI,Pune
T9472,U066,2022-04-15,Income,Food,53538,NO,NO,UPI,Kolkata
T12495,U088,2024-05-28,Expense,Travel,4305,NO,NO,CASH,Mumbai
T1654,U116,2024-05-18,Expense,Salary,2275,NO,NO,CASH,Lucknow
T5927,U011,2024-08-21,Expense,Salary,23463,NO,NO,UPI,Hyderabad
T3960,U013,2024-03-10,Expense,Rent,1295,NO,NO,BANK TRANSFER,Hyderabad
T5975,U050,2022-09-23,Expense,Travel,4913,NO,NO,CARD,Chennai
T12645,U014,2023-10-01,Expense,Health,5157,NO,NO,CASH,Chennai
T7465,U073,2022-09-21,Expense,Rent,7491,NO,NO,UPI,Mumbai
T13883,U064,2024-08-01,Expense,Rent,4715,NO,NO,UPI,Kolkata
T10058,U012,2023-04-10,Expense,Education,1675,NO,NO,CARD,Delhi
T4230,U093,2023-05-12,Income,Food,78210,NO,NO,BANK TRANSFER,Kolkata
T1848,U110,2023-10-19,Expense,Food,3696,NO,NO,CASH,Kolkata
T7509,U078,2024-02-15,Expense,Travel,460,NO,NO,BANK TRANSFER,Delhi
T6672,U086,2023-06-14,Expense,Food,179,NO,NO,UPI,Bangalore
T6560,U074,2023-05-12,Expense,Investment,2791,NO,NO,BANK TRANSFER,Delhi
T10138,U001,2023-05-25,Expense,Food,1575,NO,NO,UPI,Lucknow
T6158,U145,2021-11-13,Expense,Rent,40308,NO,NO,CARD,Kolkata
T13044,U037,2022-02-22,Expense,Rent,5799,NO,NO,CARD,Jaipur
T0213,U096,2023-11-08,Expense,Food,1449,NO,NO,CASH,Chennai
T1828,U131,2022-06-14,Income,Travel,41823,NO,NO,BANK TRANSFER,Lucknow
T1611,U053,2024-09-23,Expense,Others,521,NO,NO,CASH,Hyderabad
T8037,U061,2024-07-09,Expense,Investment,769,NO,NO,CASH,Unknown
T1444,U078,2023-12-01,Expense,Rent,4399,NO,NO,CARD,Chennai
T3028,U113,2022-11-13,Expense,Rent,3527,NO,NO,CARD,Mumbai
T4953,U035,2021-06-07,Expense,Food,3685,NO,NO,BANK TRANSFER,Lucknow
T6962,U092,2021-11-08,Expense,Freelance,8936,NO,NO,CASH,Mumbai
T12207,U147,2024-08-10,Expense,Travel,8952,NO,NO,UPI,Hyderabad
T9078,U017,2023-02-27,Expense,Health,0,NO,NO,CASH,Kolkata
T7655,U120,2022-10-23,Expense,Health,0,NO,NO,CARD,Ahmedabad
T3275,U140,2024-01-11,Expense,Food,1915,NO,NO,UPI,Kolkata
T2616,U028,2021-01-12,Expense,Others,1861,NO,NO,CARD,Delhi
T1681,U100,2024-05-14,Expense,Travel,8692,NO,NO,UPI,Hyderabad
T2456,U011,2022-08-09,Expense,Salary,9508,NO,NO,CARD,Pune
T5893,U127,2024-06-16,Expense,Education,3629,NO,NO,UNKNOWN,Mumbai
T12886,U005,2022-09-03,Expense,Food,4698,NO,NO,CASH,Jaipur
T13647,U024,2022-10-19,Expense,Food,9922,NO,NO,BANK TRANSFER,Jaipur
T9590,U029,2021-02-08,Income,Freelance,24125,NO,NO,BANK TRANSFER,Lucknow
T10127,U041,2021-04-17,Expense,Investment,3222,NO,NO,CARD,Lucknow
T0830,U040,2021-10-17,Expense,Others,5138,NO,NO,BANK TRANSFER,Jaipur
T2427,U060,2024-11-09,Expense,Rent,350,NO,NO,UPI,Lucknow
T3685,U139,2023-02-06,Income,Food,117318,NO,NO,CASH,Mumbai
T3892,U146,2022-05-21,Expense,Rent,1517,NO,NO,UNKNOWN,Delhi
T6564,U061,2022-09-26,Expense,Entertainment,8019,NO,NO,UPI,Hyderabad
T2533,U050,2021-09-01,Expense,Bonus,6079,NO,NO,BANK TRANSFER,Jaipur
T1171,U063,2024-12-08,Income,Food,69214,NO,NO,UPI,Pune
T0635,U117,2023-08-10,Expense,Investment,9919,NO,NO,UPI,Bangalore
T10581,U064,2021-12-27,Expense,Rent,109,NO,NO,CARD,Chennai
T5382,U141,2023-01-30,Expense,Entertainment,4500,NO,NO,BANK TRANSFER,Hyderabad
T3116,U015,2022-09-01,Income,Entertainment,60720,NO,NO,UNKNOWN,Chennai
T5404,U110,2024-09-05,Expense,Utilities,9247,NO,NO,UPI,Unknown
T9735,U133,2022-11-24,Expense,Bonus,0,NO,NO,CASH,Bangalore
T0156,U075,2022-09-15,Expense,Travel,3301,NO,NO,CARD,Mumbai
T10541,U028,2021-07-25,Expense,Travel,3440,NO,NO,CASH,Hyderabad
T8441,U002,2023-04-29,Expense,Food,9076,NO,NO,CASH,Chennai
T6312,U038,2021-04-26,Expense,Education,2866,NO,NO,CASH,Lucknow
T12652,U075,2021-10-27,Expense,Rent,1630,NO,NO,UPI,Ahmedabad
T6792,U053,2022-08-30,Expense,Travel,1225,NO,NO,CARD,Bangalore
T2242,U035,2021-02-23,Expense,Salary,47664,NO,NO,CASH,Pune
T1306,U051,2023-10-08,Income,Travel,74585,NO,NO,CARD,Jaipur
T0618,U149,2023-03-11,Expense,Others,1344,NO,NO,BANK TRANSFER,Hyderabad
T6017,U117,2023-10-05,Expense,Education,237,NO,NO,BANK TRANSFER,Chennai
T1386,U024,2023-11-21,Expense,Utilities,0,NO,NO,UPI,Hyderabad
T7878,U138,2022-06-22,Expense,Food,7537,NO,NO,BANK TRANSFER,Hyderabad
T12470,U061,2021-03-30,Expense,Travel,1134,NO,NO,CASH,Chennai
T6867,U003,2023-09-05,Expense,Health,1597,NO,NO,UPI,Ahmedabad
T0357,U080,2024-11-10,Expense,Food,356,NO,NO,BANK TRANSFER,Unknown
T3400,U078,2022-02-25,Expense,Utilities,2940,NO,NO,BANK TRANSFER,Chennai
T2437,U067,2023-09-09,Income,Rent,46498,NO,NO,CASH,Unknown
T1600,U043,2021-11-23,Expense,Bonus,4900,NO,NO,BANK TRANSFER,Pune
T2603,U093,2021-03-18,Expense,Utilities,4477,NO,NO,BANK TRANSFER,Hyderabad
T13208,U091,2024-03-30,Expense,Food,1869,NO,NO,CARD,Pune
T7840,U075,2023-05-31,Expense,Salary,3683,NO,NO,CASH,Kolkata
T13419,U109,2023-04-12,Expense,Utilities,7608,NO,NO,CARD,Chennai
T9065,U128,2022-04-21,Income,Health,20238,NO,NO,UPI,Jaipur
T0615,U084,2021-08-29,Expense,Food,8652,NO,NO,CARD,Kolkata
T1064,U027,2022-03-22,Expense,Travel,1969,NO,NO,BANK TRANSFER,Unknown
T8814,U087,2021-01-16,Income,Rent,72704,NO,NO,CASH,Ahmedabad
T0946,U012,2022-11-04,Income,Utilities,584835,NO,YES,UPI,Unknown
T12370,U056,2023-02-16,Expense,Travel,-500,YES,NO,UPI,Lucknow
T7697,U002,2021-01-25,Expense,Food,6365,NO,NO,UPI,Jaipur
T7019,U022,2021-05-11,Expense,Health,2539,NO,NO,BANK TRANSFER,Kolkata
T6129,U004,2022-10-02,Expense,Rent,1617,NO,NO,CASH,Unknown
T7213,U115,2022-10-05,Expense,Travel,181,NO,NO,BANK TRANSFER,Ahmedabad
T5525,U064,2023-05-01,Expense,Others,22203,NO,NO,BANK TRANSFER,Jaipur
T0395,U029,2024-06-04,Income,Entertainment,25474,NO,NO,CARD,Jaipur
T8958,U146,2024-11-28,Expense,Travel,2346,NO,NO,BANK TRANSFER,Chennai
T6323,U024,2024-07-24,Expense,Food,3745,NO,NO,CARD,Kolkata
T7352,U053,2022-11-04,Expense,Rent,1204,NO,NO,UPI,Jaipur
T6411,U118,2022-08-11,Expense,Food,5061,NO,NO,BANK TRANSFER,Ahmedabad
T4454,U001,2021-10-26,Expense,Utilities,9484,NO,NO,CASH,Mumbai
T7953,U061,2022-09-09,Expense,Travel,1016,NO,NO,BANK TRANSFER,Mumbai
T3556,U049,2022-08-05,Expense,Education,5624,NO,NO,CASH,Lucknow
T3334,U123,2022-01-09,Expense,Education,4143,NO,NO,UPI,Lucknow
T10686,U049,2024-04-17,Expense,Food,5708,NO,NO,UPI,Bangalore
T12114,U099,2024-07-26,Income,Uncategorised,47495,NO,NO,CARD,Ahmedabad
T13329,U081,2024-10-21,Expense,Utilities,2286,NO,NO,UPI,Kolkata
T13088,U096,2024-09-24,Expense,Freelance,9715,NO,NO,CASH,Mumbai
T12083,U129,2022-08-01,Expense,Travel,6937,NO,NO,CASH,Ahmedabad
T8631,U015,2021-02-17,Expense,Travel,9572,NO,NO,CARD,Kolkata
T1791,U128,2021-10-02,Expense,Freelance,-500,YES,NO,UPI,Unknown
T7069,U076,2022-05-13,Expense,Food,2678,NO,NO,UNKNOWN,Unknown
T8919,U047,2023-01-11,Expense,Travel,4916,NO,NO,BANK TRANSFER,Pune
T12775,U096,2022-10-18,Expense,Health,695,NO,NO,CARD,Delhi
T8412,U103,2024-07-18,Income,Bonus,31832,NO,NO,CASH,Chennai
T13443,U085,2022-08-16,Expense,Food,8863,NO,NO,CASH,Lucknow
T10766,U008,2023-03-01,Expense,Food,36978,NO,NO,CASH,Pune
T4434,U055,2021-05-20,Expense,Food,6528,NO,NO,CARD,Hyderabad
T10068,U010,2022-08-28,Expense,Food,8250,NO,NO,BANK TRANSFER,Chennai
T2260,U003,2024-08-19,Expense,Entertainment,2994,NO,NO,CARD,Jaipur
T0170,U090,2021-10-08,Expense,Food,6883,NO,NO,CASH,Lucknow
T1645,U110,2023-01-09,Expense,Food,7419,NO,NO,UPI,Mumbai
T6309,U129,2023-05-24,Income,Utilities,40174,NO,NO,CARD,Kolkata
T0655,U137,2024-07-01,Income,Utilities,33944,NO,NO,CARD,Ahmedabad
T13038,U084,2023-10-17,Expense,Food,2411,NO,NO,UPI,Unknown
T2651,U025,2022-02-15,Income,Entertainment,53583,NO,NO,BANK TRANSFER,Ahmedabad
T8945,U124,2023-10-13,Expense,Food,1090,NO,NO,CASH,Pune
T11389,U072,2023-08-29,Expense,Investment,7037,NO,NO,CASH,Mumbai
T13884,U055,2022-03-28,Expense,Rent,942,NO,NO,UNKNOWN,Mumbai
T2266,U124,2023-06-05,Expense,Bonus,3748,NO,NO,UPI,Mumbai
T5315,U107,2023-08-25,Expense,Food,2978,NO,NO,CASH,Delhi
T8480,U139,2022-08-19,Expense,Bonus,485,NO,NO,UPI,Hyderabad
T12464,U108,2022-05-23,Expense,Food,8658,NO,NO,BANK TRANSFER,Hyderabad
T2750,U020,2021-03-25,Expense,Freelance,0,NO,NO,UPI,Chennai
T10998,U102,2023-03-14,Expense,Education,5729,NO,NO,CARD,Chennai
T2886,U142,2022-02-19,Expense,Entertainment,26253,NO,NO,UNKNOWN,Pune
T7000,U129,2022-10-13,Expense,Utilities,36719,NO,NO,CARD,Jaipur
T10382,U053,2021-09-05,Expense,Rent,7619,NO,NO,CASH,Hyderabad
T2662,U011,2022-12-21,Expense,Food,6313,NO,NO,UPI,Pune
T8662,U019,2023-01-17,Expense,Others,196,NO,NO,UPI,Bangalore
T11112,U037,2023-02-08,Income,Food,70235,NO,NO,UPI,Hyderabad
T13598,U048,2023-02-12,Expense,Food,4780,NO,NO,BANK TRANSFER,Jaipur
T2264,U087,2024-05-17,Expense,Travel,9040,NO,NO,CARD,Chennai
T8292,U045,2021-06-11,Income,Travel,76326,NO,NO,UPI,Ahmedabad
T9725,U050,2021-05-15,Expense,Travel,7969,NO,NO,CASH,Lucknow
T5272,U023,2024-12-07,Expense,Utilities,4377,NO,NO,CASH,Chennai
T7706,U047,2024-09-21,Expense,Food,999999,NO,YES,CARD,Unknown
T0632,U087,2022-01-04,Expense,Education,7009,NO,NO,CASH,Hyderabad
T3965,U011,2022-09-30,Income,Entertainment,12344,NO,NO,CARD,Jaipur
T3888,U032,2023-06-26,Expense,Rent,3272,NO,NO,BANK TRANSFER,Delhi
T1465,U127,2023-09-23,Expense,Travel,9490,NO,NO,BANK TRANSFER,Pune
T2201,U001,2024-07-18,Income,Travel,37897,NO,NO,BANK TRANSFER,Bangalore
T6500,U064,2021-09-10,Expense,Food,5521,NO,NO,BANK TRANSFER,Jaipur
T6766,U079,2023-10-30,Income,Salary,43303,NO,NO,BANK TRANSFER,Delhi
T3922,U093,2023-11-29,Expense,Food,9597,NO,NO,BANK TRANSFER,Ahmedabad
T10677,U077,2024-10-30,Expense,Utilities,9296,NO,NO,CASH,Bangalore
T10838,U078,2022-09-25,Expense,Travel,7502,NO,NO,CARD,Chennai
T2687,U124,2021-05-19,Expense,Food,7148,NO,NO,CARD,Unknown
T11801,U002,2023-04-19,Expense,Health,2659,NO,NO,UPI,Bangalore
T7079,U045,2023-10-20,Income,Freelance,47934,NO,NO,CARD,Pune
T2810,U121,2024-05-18,Expense,Others,6902,NO,NO,CASH,Pune
T6505,U137,2023-08-28,Expense,Education,5097,NO,NO,CASH,Bangalore
T1867,U017,2023-06-28,Income,Entertainment,71361,NO,NO,BANK TRANSFER,Hyderabad
T13648,U020,2021-09-12,Expense,Health,6385,NO,NO,UPI,Bangalore
T2446,U027,2023-07-02,Income,Travel,42478,NO,NO,CARD,Unknown
T3574,U136,2021-05-08,Expense,Food,9557,NO,NO,CARD,Delhi
T3070,U134,2021-04-05,Expense,Food,3570,NO,NO,BANK TRANSFER,Lucknow
T7387,U135,2021-04-26,Expense,Food,8652,NO,NO,BANK TRANSFER,Bangalore
T3505,U145,2023-07-28,Income,Savings,0,NO,NO,CASH,Jaipur
T11809,U037,2023-12-04,Income,Freelance,34321,NO,NO,UNKNOWN,Jaipur
T4872,U041,2021-06-09,Expense,Rent,4357,NO,NO,BANK TRANSFER,Pune
T2063,U004,2022-08-25,Expense,Bonus,7668,NO,NO,BANK TRANSFER,Pune
T1829,U087,2022-09-20,Expense,Food,8407,NO,NO,CASH,Kolkata
T5667,U073,2021-02-06,Expense,Uncategorised,507,NO,NO,CASH,Kolkata
T0524,U049,2024-01-24,Expense,Rent,9550,NO,NO,UPI,Delhi
T5985,U006,2023-12-05,Expense,Rent,6471,NO,NO,UNKNOWN,Pune
T6166,U097,2021-05-05,Expense,Investment,8674,NO,NO,BANK TRANSFER,Jaipur
T9511,U092,2024-04-07,Expense,Education,1654,NO,NO,BANK TRANSFER,Bangalore
T7616,U125,2022-06-19,Expense,Rent,3514,NO,NO,CARD,Bangalore
T4560,U131,2021-09-27,Expense,Rent,2849,NO,NO,CARD,Pune
T9059,U048,2023-11-20,Expense,Investment,1171,NO,NO,BANK TRANSFER,Ahmedabad
T4447,U009,2022-03-23,Income,Food,60202,NO,NO,UPI,Bangalore
T8460,U090,2023-10-03,Expense,Salary,1290,NO,NO,CARD,Ahmedabad
T9071,U086,2022-07-19,Expense,Entertainment,3462,NO,NO,UPI,Pune
T5121,U076,2023-03-07,Expense,Travel,4336,NO,NO,BANK TRANSFER,Pune
T2054,U077,2023-03-02,Expense,Rent,3153,NO,NO,CARD,Chennai
T2295,U013,2022-12-24,Expense,Food,9497,NO,NO,CASH,Bangalore
T2888,U028,2022-06-14,Income,Health,55170,NO,NO,BANK TRANSFER,Jaipur
T8751,U145,2022-04-29,Income,Food,15292,NO,NO,BANK TRANSFER,Delhi
T12947,U125,2021-10-24,Expense,Freelance,1027,NO,NO,UPI,Kolkata
T7527,U063,2023-12-22,Expense,Entertainment,47588,NO,NO,CARD,Lucknow
T3175,U002,2022-01-12,Expense,Uncategorised,4750,NO,NO,CARD,Chennai
T13061,U148,2021-03-22,Income,Utilities,72613,NO,NO,CASH,Kolkata
T7214,U035,2024-11-04,Expense,Utilities,2880,NO,NO,CASH,Chennai
T6555,U063,2021-07-02,Expense,Others,3489,NO,NO,CASH,Ahmedabad
T10490,U062,2022-09-22,Expense,Education,4186,NO,NO,CASH,Kolkata
T7727,U106,2022-09-12,Expense,Food,9776,NO,NO,CARD,Ahmedabad
T8048,U039,2024-10-03,Expense,Savings,3354,NO,NO,BANK TRANSFER,Lucknow
T8237,U023,2023-12-12,Income,Rent,62177,NO,NO,CASH,Chennai
T0268,U098,2023-12-22,Expense,Health,7174,NO,NO,UPI,Kolkata
T10094,U126,2024-11-11,Income,Travel,57103,NO,NO,UPI,Unknown
T7814,U074,2024-09-04,Expense,Rent,334,NO,NO,CARD,Lucknow
T6409,U057,2022-09-23,Expense,Rent,8278,NO,NO,BANK TRANSFER,Jaipur
T12951,U141,2021-07-21,Expense,Savings,0,NO,NO,BANK TRANSFER,Bangalore
T8951,U018,2023-07-18,Income,Food,59311,NO,NO,UPI,Chennai
T6301,U015,2024-08-26,Income,Food,25583,NO,NO,BANK TRANSFER,Kolkata
T13578,U125,2022-04-24,Income,Entertainment,72998,NO,NO,CARD,Ahmedabad
T1017,U047,2021-04-13,Expense,Food,7786,NO,NO,CASH,Lucknow
T1586,U118,2024-09-08,Expense,Health,4220,NO,NO,CASH,Hyderabad
T1261,U107,2021-08-04,Expense,Health,9629,NO,NO,UPI,Hyderabad
T9850,U133,2021-02-07,Expense,Others,5486,NO,NO,CARD,Chennai
T9492,U114,2023-08-17,Income,Entertainment,56088,NO,NO,CARD,Lucknow
T11109,U137,2023-03-31,Expense,Entertainment,6538,NO,NO,UNKNOWN,Kolkata
T10385,U013,2024-07-07,Income,Rent,76233,NO,NO,CASH,Chennai
T12624,U011,2024-09-24,Expense,Food,327,NO,NO,UPI,Mumbai
T12895,U037,2023-12-28,Expense,Education,6805,NO,NO,CASH,Chennai
T9497,U121,2024-02-05,Expense,Freelance,3360,NO,NO,CASH,Kolkata
T1278,U130,2021-10-26,Expense,Health,6485,NO,NO,UPI,Mumbai
T0325,U076,2024-07-30,Income,Travel,78389,NO,NO,BANK TRANSFER,Pune
T3900,U118,2021-08-19,Expense,Utilities,2858,NO,NO,BANK TRANSFER,Delhi
T2635,U010,2023-09-27,Expense,Entertainment,4836,NO,NO,CASH,Chennai
T6143,U072,2021-02-26,Expense,Bonus,731,NO,NO,CASH,Hyderabad
T7375,U138,2023-01-03,Expense,Education,483,NO,NO,BANK TRANSFER,Delhi
T7862,U138,2024-06-06,Expense,Entertainment,2829,NO,NO,CASH,Hyderabad
T2042,U129,2022-09-30,Expense,Investment,21019,NO,NO,CARD,Hyderabad
T7056,U025,2023-06-01,Expense,Food,8152,NO,NO,CARD,Mumbai
T11461,U082,2023-03-26,Income,Entertainment,53637,NO,NO,CARD,Delhi
T0786,U084,2021-06-19,Expense,Rent,8171,NO,NO,CARD,Unknown
T10925,U050,2021-02-15,Income,Travel,71607,NO,NO,UPI,Chennai
T6296,U130,2023-07-15,Expense,Education,2276,NO,NO,BANK TRANSFER,Hyderabad
T2416,U042,2022-04-02,Expense,Rent,5431,NO,NO,CASH,Mumbai
T10780,U021,2023-10-06,Expense,Food,2321,NO,NO,CASH,Jaipur
T9588,U111,2021-03-18,Expense,Utilities,2697,NO,NO,CASH,Delhi
T4523,U069,2023-02-17,Expense,Food,3962,NO,NO,UPI,Bangalore
T3838,U149,2021-05-14,Expense,Savings,4111,NO,NO,CASH,Mumbai
T1416,U010,2022-09-22,Expense,Rent,6772,NO,NO,UPI,Pune
T11320,U089,2021-05-28,Expense,Food,7697,NO,NO,UPI,Chennai
T11019,U009,2024-04-29,Income,Education,0,NO,NO,UPI,Lucknow
T7433,U105,2023-10-10,Expense,Rent,9019,NO,NO,UNKNOWN,Ahmedabad
T4789,U092,2024-01-12,Expense,Utilities,4811,NO,NO,BANK TRANSFER,Mumbai
T7907,U113,2024-11-20,Income,Rent,51165,NO,NO,CARD,Ahmedabad
T9317,U014,2021-09-02,Expense,Food,8895,NO,NO,BANK TRANSFER,Jaipur
T12835,U126,2022-12-15,Expense,Food,8703,NO,NO,UPI,Pune
T3171,U056,2022-01-22,Expense,Rent,1706,NO,NO,CASH,Chennai
T6354,U035,2022-12-29,Expense,Travel,455,NO,NO,BANK TRANSFER,Pune
T9449,U134,2022-07-26,Expense,Investment,0,NO,NO,CARD,Jaipur
T2874,U125,2024-09-21,Expense,Travel,4769,NO,NO,CASH,Lucknow
T12368,U031,2022-11-21,Expense,Travel,1150,NO,NO,CASH,Kolkata
T6833,U046,2024-12-29,Expense,Bonus,4047,NO,NO,CASH,Mumbai
T3808,U119,2024-07-14,Expense,Uncategorised,5362,NO,NO,CARD,Bangalore
T4326,U101,2024-01-05,Expense,Savings,999999999,NO,YES,CASH,Bangalore
T0454,U110,2022-09-07,Expense,Investment,5111,NO,NO,CASH,Ahmedabad
T5396,U064,2023-01-20,Expense,Travel,2836,NO,NO,CASH,Mumbai
T1368,U056,2022-08-15,Income,Travel,65608,NO,NO,UPI,Unknown
T0278,U050,2023-04-17,Expense,Travel,3423,NO,NO,BANK TRANSFER,Hyderabad
T6662,U019,2024-06-02,Expense,Salary,3090,NO,NO,CASH,Bangalore
T5608,U067,2024-09-07,Expense,Rent,1639,NO,NO,UPI,Chennai
T12589,U021,2024-09-29,Expense,Food,42938,NO,NO,CASH,Jaipur
T6558,U120,2024-04-12,Expense,Uncategorised,-1000,YES,NO,BANK TRANSFER,Chennai
T12311,U090,2021-12-28,Expense,Utilities,1632,NO,NO,CASH,Ahmedabad
T4663,U042,2023-11-04,Expense,Food,9029,NO,NO,CARD,Hyderabad
T7552,U118,2021-04-03,Expense,Food,1920,NO,NO,CASH,Jaipur
T5746,U071,2024-05-15,Expense,Education,1849,NO,NO,CARD,Jaipur
T6573,U013,2023-03-19,Expense,Freelance,9691,NO,NO,CARD,Pune
T10269,U150,2023-08-18,Income,Education,28344,NO,NO,CASH,Jaipur
T2010,U129,2022-08-11,Expense,Utilities,4337,NO,NO,CARD,Lucknow
T8787,U104,2021-02-18,Income,Freelance,33502,NO,NO,BANK TRANSFER,Chennai
T1850,U112,2023-12-09,Expense,Travel,2890,NO,NO,CASH,Lucknow
T2716,U071,2024-10-10,Expense,Travel,7866,NO,NO,UPI,Delhi
T9610,U092,2024-08-31,Expense,Education,8733,NO,NO,UNKNOWN,Unknown
T11534,U074,2024-06-10,Income,Entertainment,65589,NO,NO,BANK TRANSFER,Bangalore
T0672,U047,2021-08-13,Expense,Travel,4444,NO,NO,UNKNOWN,Unknown
T13565,U132,2022-12-17,Expense,Investment,7375,NO,NO,CASH,Kolkata
T12454,U068,2024-04-20,Expense,Travel,3990,NO,NO,UPI,Mumbai
T3347,U118,2022-08-30,Income,Utilities,38776,NO,NO,UPI,Unknown
T10643,U078,2024-04-16,Expense,Utilities,4699,NO,NO,UPI,Ahmedabad
T8031,U043,2022-10-21,Expense,Food,2988,NO,NO,CASH,Mumbai
T12249,U045,2021-02-20,Expense,Travel,4958,NO,NO,UPI,Bangalore
T13256,U112,2021-05-25,Expense,Travel,2878,NO,NO,BANK TRANSFER,Chennai
T5737,U056,2022-09-27,Expense,Food,6363,NO,NO,CASH,Mumbai
T5084,U102,2023-03-26,Expense,Rent,218,NO,NO,CASH,Hyderabad
T1817,U114,2023-10-22,Expense,Salary,999999999,NO,YES,CARD,Pune
T7173,U090,2022-02-09,Expense,Utilities,4097,NO,NO,CASH,Kolkata
T1727,U085,2022-11-02,Expense,Travel,8062,NO,NO,CARD,Bangalore
T3434,U095,2023-11-02,Expense,Entertainment,999999,NO,YES,CASH,Delhi
T9441,U001,2023-06-25,Expense,Uncategorised,262,NO,NO,CASH,Kolkata
T2269,U017,2022-10-02,Expense,Investment,1811,NO,NO,UPI,Hyderabad
T5835,U084,2023-03-24,Income,Food,59580,NO,NO,UNKNOWN,Pune
T2142,U008,2022-01-02,Expense,Freelance,2332,NO,NO,CARD,Hyderabad
T4771,U135,2023-06-09,Income,Health,26077,NO,NO,CARD,Mumbai
T8305,U081,2022-09-14,Expense,Travel,1740,NO,NO,BANK TRANSFER,Mumbai
T4314,U015,2024-09-13,Income,Rent,46236,NO,NO,UPI,Pune
T2363,U116,2021-01-26,Expense,Food,7196,NO,NO,CASH,Chennai
T6700,U109,2022-10-12,Income,Food,65437,NO,NO,UPI,Kolkata
T5304,U022,2022-04-08,Expense,Savings,9672,NO,NO,CARD,Unknown
T11926,U011,2024-03-31,Expense,Uncategorised,8255,NO,NO,UNKNOWN,Chennai
T12598,U146,2023-01-26,Expense,Entertainment,2586,NO,NO,CARD,Mumbai
T8313,U033,2022-11-08,Expense,Food,509,NO,NO,UPI,Ahmedabad
T8715,U121,2024-08-06,Expense,Travel,468,NO,NO,BANK TRANSFER,Delhi
T13083,U121,2022-04-08,Income,Rent,15522,NO,NO,BANK TRANSFER,Unknown
T6082,U069,2022-02-10,Expense,Travel,3375,NO,NO,UPI,Bangalore
T12570,U130,2022-09-21,Expense,Education,4808,NO,NO,CASH,Bangalore
T8852,U050,2023-08-30,Expense,Bonus,3733,NO,NO,CASH,Unknown
T5583,U112,2024-10-19,Expense,Rent,3941,NO,NO,UPI,Kolkata
T12037,U147,2021-03-22,Expense,Travel,6675,NO,NO,UPI,Chennai
T7087,U125,2021-04-20,Expense,Bonus,9236,NO,NO,CARD,Lucknow
T9844,U096,2021-02-03,Expense,Rent,999999999,NO,YES,CARD,Mumbai
T8116,U134,2022-10-02,Expense,Entertainment,903,NO,NO,CASH,Ahmedabad
T7578,U001,2023-10-07,Expense,Food,8323,NO,NO,UPI,Pune
T13158,U011,2023-05-15,Expense,Salary,9289,NO,NO,UPI,Kolkata
T10883,U140,2022-02-02,Expense,Health,3143,NO,NO,UPI,Bangalore
T10702,U052,2021-01-28,Expense,Entertainment,9231,NO,NO,UPI,Lucknow
T10894,U004,2021-06-15,Expense,Rent,1512,NO,NO,CARD,Kolkata
T7684,U078,2023-07-22,Expense,Health,395,NO,NO,UPI,Mumbai
T8717,U096,2022-09-14,Income,Rent,50866,NO,NO,UPI,Kolkata
T9707,U075,2023-12-15,Expense,Utilities,4363,NO,NO,CARD,Chennai
T12452,U139,2022-01-06,Expense,Entertainment,6335,NO,NO,CARD,Mumbai
T7455,U147,2023-11-18,Expense,Food,4628,NO,NO,UPI,Chennai
T9542,U076,2023-12-31,Expense,Food,3602,NO,NO,UPI,Hyderabad
T0440,U118,2021-01-16,Expense,Food,9426,NO,NO,CASH,Ahmedabad
T9764,U005,2024-10-09,Income,Travel,41296,NO,NO,BANK TRANSFER,Chennai
T6966,U095,2023-05-21,Expense,Rent,3167,NO,NO,CARD,Delhi
T13794,U055,2022-06-11,Expense,Health,7055,NO,NO,CASH,Chennai
T3493,U007,2022-04-23,Expense,Education,1380,NO,NO,CARD,Kolkata
T0487,U094,2023-11-19,Expense,Food,1955,NO,NO,CASH,Kolkata
T12242,U056,2024-01-10,Expense,Food,0,NO,NO,UPI,Jaipur
T8934,U116,2024-07-28,Expense,Travel,7731,NO,NO,BANK TRANSFER,Unknown
T4061,U130,2023-09-18,Expense,Freelance,1568,NO,NO,BANK TRANSFER,Hyderabad
T3689,U144,2023-11-14,Expense,Utilities,5063,NO,NO,BANK TRANSFER,Hyderabad
T4852,U035,2024-11-18,Expense,Utilities,3853,NO,NO,UPI,Lucknow
T13041,U081,2021-01-20,Income,Uncategorised,12864,NO,NO,CARD,Chennai
T7479,U046,2022-09-16,Expense,Travel,1882,NO,NO,BANK TRANSFER,Lucknow
T4252,U003,2023-10-11,Income,Entertainment,17159,NO,NO,CARD,Kolkata
T6772,U074,2024-05-07,Expense,Health,3559,NO,NO,CASH,Bangalore
T3875,U003,2022-08-11,Income,Food,56536,NO,NO,CASH,Pune
T11708,U101,2023-02-16,Expense,Bonus,22543,NO,NO,BANK TRANSFER,Mumbai
T8281,U094,2021-05-05,Expense,Education,22534,NO,NO,BANK TRANSFER,Pune
T9154,U017,2021-11-01,Income,Entertainment,26936,NO,NO,UPI,Pune
T6911,U010,2023-07-16,Expense,Health,9853,NO,NO,BANK TRANSFER,Mumbai
T0862,U117,2021-03-22,Expense,Uncategorised,8977,NO,NO,UNKNOWN,Mumbai
T1073,U011,2021-09-12,Expense,Investment,-500,YES,NO,CARD,Kolkata
T13992,U076,2022-01-16,Income,Utilities,277040,NO,NO,CASH,Jaipur
T7910,U126,2022-05-25,Expense,Travel,864,NO,NO,BANK TRANSFER,Unknown
T13425,U091,2023-04-12,Income,Food,28545,NO,NO,CARD,Bangalore
T10603,U024,2022-10-04,Expense,Food,262,NO,NO,CARD,Delhi
T0612,U052,2024-01-07,Expense,Uncategorised,5841,NO,NO,CASH,Pune
T11538,U116,2022-08-07,Expense,Salary,30827,NO,NO,CARD,Hyderabad
T11929,U131,2023-10-04,Expense,Travel,3172,NO,NO,CASH,Chennai
T4401,U117,2024-08-28,Expense,Travel,1862,NO,NO,UPI,Pune
T4772,U039,2021-11-16,Expense,Travel,6353,NO,NO,CASH,Hyderabad
T7148,U062,2022-03-25,Income,Food,10473,NO,NO,UPI,Lucknow
T4336,U100,2024-07-12,Expense,Utilities,5078,NO,NO,UPI,Pune
T13211,U135,2021-12-17,Expense,Food,8007,NO,NO,CARD,Hyderabad
T5502,U109,2023-04-17,Expense,Uncategorised,5647,NO,NO,UPI,Pune
T1185,U050,2021-03-17,Expense,Others,0,NO,NO,CASH,Ahmedabad
T10077,U088,2021-01-02,Income,Education,33639,NO,NO,CASH,Unknown
T5441,U036,2023-12-24,Expense,Salary,8065,NO,NO,UNKNOWN,Pune
T10868,U131,2024-12-22,Expense,Rent,1070,NO,NO,CARD,Unknown
T5530,U049,2023-01-12,Expense,Utilities,5361,NO,NO,CASH,Hyderabad
T7899,U015,2023-05-09,Expense,Travel,12479,NO,NO,UPI,Pune
T2698,U038,2022-10-06,Expense,Rent,9541,NO,NO,CARD,Hyderabad
T7855,U088,2021-06-11,Expense,Food,9968,NO,NO,CARD,Jaipur
T11160,U036,2023-04-30,Expense,Food,47870,NO,NO,CARD,Pune
T7134,U021,2024-01-28,Expense,Entertainment,999999999,NO,YES,UNKNOWN,Bangalore
T6561,U105,2021-12-03,Expense,Health,9764,NO,NO,BANK TRANSFER,Bangalore
T12175,U129,2024-04-29,Expense,Rent,4854,NO,NO,UPI,Hyderabad
T9801,U142,2024-10-23,Expense,Food,3427,NO,NO,BANK TRANSFER,Delhi
T11248,U063,2024-11-03,Expense,Entertainment,5944,NO,NO,CARD,Mumbai
T2378,U138,2021-11-24,Expense,Rent,6474,NO,NO,UNKNOWN,Chennai
T13195,U021,2022-09-14,Expense,Food,2719,NO,NO,BANK TRANSFER,Ahmedabad
T5163,U129,2022-03-13,Expense,Uncategorised,2456,NO,NO,BANK TRANSFER,Pune
T13316,U106,2023-11-03,Income,Food,17863,NO,NO,UPI,Hyderabad
T13697,U136,2023-11-03,Expense,Utilities,9022,NO,NO,CASH,Kolkata
T2453,U113,2023-08-17,Expense,Rent,3668,NO,NO,CASH,Lucknow
T0563,U145,2021-04-20,Expense,Utilities,38948,NO,NO,CASH,Kolkata
T9007,U130,2024-06-18,Expense,Freelance,4424,NO,NO,UPI,Delhi
T3160,U086,2021-06-09,Expense,Travel,3461,NO,NO,UPI,Mumbai
T6124,U047,2021-03-16,Income,Food,55013,NO,NO,CARD,Pune
T6406,U001,2022-05-19,Expense,Utilities,5291,NO,NO,UPI,Hyderabad
T5959,U093,2022-08-08,Expense,Food,1065,NO,NO,CASH,Delhi
T12133,U076,2023-08-16,Expense,Bonus,6170,NO,NO,CARD,Hyderabad
T8672,U105,2022-07-07,Expense,Rent,4766,NO,NO,CASH,Mumbai
T0828,U014,2022-05-08,Income,Freelance,78920,NO,NO,UPI,Pune
T8926,U067,2024-06-02,Expense,Freelance,7431,NO,NO,UNKNOWN,Bangalore
T0142,U125,2021-06-01,Expense,Rent,5969,NO,NO,BANK TRANSFER,Hyderabad
T7251,U051,2024-05-20,Income,Rent,18637,NO,NO,BANK TRANSFER,Pune
T11220,U082,2024-09-01,Expense,Entertainment,2089,NO,NO,CARD,Pune
T3174,U010,2021-09-05,Expense,Entertainment,3765,NO,NO,BANK TRANSFER,Chennai
T3084,U013,2021-10-01,Expense,Rent,9720,NO,NO,UPI,Lucknow
T8659,U146,2022-07-03,Expense,Rent,7186,NO,NO,CARD,Unknown
T5969,U008,2023-02-26,Expense,Investment,5138,NO,NO,UPI,Delhi
T5364,U004,2022-10-03,Expense,Rent,5540,NO,NO,CASH,Hyderabad
T7584,U119,2022-05-24,Expense,Food,1364,NO,NO,CASH,Unknown
T10715,U032,2022-04-26,Expense,Rent,9389,NO,NO,CASH,Ahmedabad
T4774,U023,2021-11-30,Expense,Rent,3654,NO,NO,CASH,Unknown
T9737,U006,2023-10-05,Expense,Rent,6599,NO,NO,UNKNOWN,Kolkata
T1507,U053,2021-06-12,Expense,Rent,8539,NO,NO,UPI,Delhi
T12984,U097,2024-10-01,Expense,Food,4608,NO,NO,UPI,Ahmedabad
T3492,U045,2022-10-27,Expense,Travel,4374,NO,NO,CASH,Lucknow
T3724,U017,2023-05-29,Expense,Education,2474,NO,NO,CASH,Jaipur
T13892,U019,2024-11-30,Expense,Food,9108,NO,NO,BANK TRANSFER,Unknown
T6092,U126,2023-10-04,Expense,Travel,5947,NO,NO,UNKNOWN,Jaipur
T1426,U060,2021-09-20,Expense,Rent,1811,NO,NO,CARD,Pune
T4966,U126,2024-04-27,Expense,Utilities,720,NO,NO,BANK TRANSFER,Bangalore
T6238,U046,2024-05-15,Expense,Education,5964,NO,NO,CASH,Lucknow
T7411,U110,2023-09-17,Expense,Rent,-500,YES,NO,CARD,Mumbai
T7141,U071,2022-12-02,Expense,Entertainment,7762,NO,NO,CARD,Chennai
T9940,U026,2022-11-08,Income,Salary,60227,NO,NO,CARD,Ahmedabad
T0810,U090,2022-04-05,Expense,Education,4517,NO,NO,CASH,Pune
T0321,U139,2023-09-08,Expense,Salary,2544,NO,NO,CARD,Mumbai
T4363,U118,2021-06-03,Income,Utilities,25941,NO,NO,CARD,Bangalore
T3816,U091,2022-09-16,Expense,Health,9511,NO,NO,BANK TRANSFER,Bangalore
T0465,U076,2024-12-29,Expense,Health,1526,NO,NO,BANK TRANSFER,Delhi
T8980,U026,2021-06-04,Income,Rent,34515,NO,NO,CARD,Ahmedabad
T8487,U098,2023-12-16,Expense,Rent,177,NO,NO,CARD,Ahmedabad
T6793,U130,2021-12-17,Expense,Travel,8143,NO,NO,UPI,Hyderabad
T3709,U042,2021-07-07,Expense,Freelance,4950,NO,NO,BANK TRANSFER,Kolkata
T4010,U026,2021-05-23,Income,Food,10361,NO,NO,CASH,Hyderabad
T9436,U045,2024-07-28,Expense,Entertainment,1106,NO,NO,CARD,Mumbai
T7620,U121,2021-02-26,Expense,Travel,675,NO,NO,CARD,Delhi
T13392,U131,2021-03-11,Expense,Travel,9289,NO,NO,UPI,Delhi
T12489,U069,2023-01-07,Expense,Health,648,NO,NO,CARD,Hyderabad
T2502,U028,2022-05-15,Expense,Food,8549,NO,NO,UPI,Pune
T5637,U063,2021-02-20,Expense,Utilities,870,NO,NO,CASH,Lucknow
T7189,U043,2023-11-15,Expense,Rent,5284,NO,NO,CARD,Ahmedabad
T3682,U078,2023-06-09,Income,Health,36011,NO,NO,BANK TRANSFER,Chennai
T13420,U125,2021-07-29,Expense,Freelance,6733,NO,NO,BANK TRANSFER,Chennai
T13594,U118,2021-08-08,Expense,Bonus,1916,NO,NO,UPI,Delhi
T12638,U085,2024-01-16,Income,Uncategorised,59283,NO,NO,CASH,Unknown
T6429,U077,2024-03-07,Expense,Others,2287,NO,NO,CASH,Unknown
T5283,U075,2022-06-24,Expense,Others,6641,NO,NO,CARD,Ahmedabad
T4876,U029,2022-01-04,Expense,Food,1958,NO,NO,CARD,Pune
T0505,U123,2023-06-29,Expense,Food,4482,NO,NO,CASH,Jaipur
T12103,U046,2021-03-17,Expense,Savings,6454,NO,NO,BANK TRANSFER,Delhi
T9136,U137,2024-05-19,Income,Travel,33182,NO,NO,UPI,Unknown
T6531,U065,2022-10-25,Expense,Rent,7686,NO,NO,CASH,Jaipur
T4892,U066,2024-04-16,Expense,Salary,7439,NO,NO,BANK TRANSFER,Pune
T9758,U050,2022-06-16,Expense,Food,788,NO,NO,UPI,Mumbai
T13221,U062,2024-12-27,Expense,Rent,4030,NO,NO,CASH,Lucknow
T8871,U111,2024-08-10,Expense,Entertainment,1759,NO,NO,CASH,Unknown
T8261,U028,2022-05-26,Expense,Freelance,928,NO,NO,UPI,Ahmedabad
T9029,U067,2021-07-19,Expense,Entertainment,9173,NO,NO,CARD,Chennai
T4054,U090,2021-06-03,Income,Food,42810,NO,NO,CASH,Kolkata
T6423,U079,2021-08-21,Expense,Food,0,NO,NO,UPI,Kolkata
T5107,U018,2022-10-02,Expense,Travel,3619,NO,NO,BANK TRANSFER,Pune
T12194,U086,2022-09-09,Expense,Utilities,3513,NO,NO,CASH,Delhi
T6025,U107,2024-05-09,Income,Rent,28383,NO,NO,CARD,Unknown
T1693,U009,2022-08-29,Income,Education,25962,NO,NO,UPI,Lucknow
T1728,U026,2022-01-14,Expense,Food,8717,NO,NO,CASH,Unknown
T8088,U122,2023-03-20,Income,Rent,52935,NO,NO,BANK TRANSFER,Unknown
T8657,U093,2023-05-04,Expense,Bonus,1202,NO,NO,CASH,Mumbai
T6719,U114,2022-03-06,Expense,Food,9958,NO,NO,BANK TRANSFER,Delhi
T13600,U100,2023-09-19,Expense,Savings,9135,NO,NO,UPI,Hyderabad
T3850,U125,2024-12-15,Expense,Utilities,6358,NO,NO,CARD,Lucknow
T11123,U046,2023-03-27,Expense,Entertainment,971,NO,NO,UPI,Mumbai
T9036,U031,2024-03-18,Expense,Rent,-1000,YES,NO,BANK TRANSFER,Pune
T8097,U029,2021-12-24,Expense,Travel,6240,NO,NO,UPI,Mumbai
T12620,U094,2021-02-05,Expense,Education,2533,NO,NO,CASH,Ahmedabad
T12273,U109,2023-02-11,Expense,Travel,4386,NO,NO,BANK TRANSFER,Chennai
T10747,U036,2023-09-04,Expense,Travel,2349,NO,NO,BANK TRANSFER,Ahmedabad
T9200,U110,2024-05-13,Expense,Entertainment,547,NO,NO,BANK TRANSFER,Bangalore
T0380,U064,2024-10-18,Expense,Entertainment,9772,NO,NO,CASH,Ahmedabad
T9332,U146,2024-01-04,Expense,Health,4596,NO,NO,BANK TRANSFER,Lucknow
T0891,U017,2024-09-03,Income,Others,75084,NO,NO,CARD,Kolkata
T1663,U070,2024-03-22,Expense,Health,3930,NO,NO,UPI,Lucknow
T10869,U135,2021-02-18,Expense,Savings,9142,NO,NO,BANK TRANSFER,Pune
T9537,U150,2022-09-01,Income,Uncategorised,76222,NO,NO,CASH,Lucknow
T8173,U068,2024-12-10,Expense,Food,44196,NO,NO,BANK TRANSFER,Chennai
T10517,U047,2024-12-23,Expense,Rent,9654,NO,NO,CARD,Jaipur
T0432,U133,2024-04-10,Expense,Health,6800,NO,NO,CASH,Kolkata
T4884,U038,2021-03-03,Income,Travel,49039,NO,NO,BANK TRANSFER,Ahmedabad
T13520,U113,2022-09-30,Expense,Education,8099,NO,NO,CARD,Ahmedabad
T4176,U059,2023-10-28,Expense,Others,6836,NO,NO,UPI,Delhi
T8709,U042,2024-09-25,Expense,Education,-1000,YES,NO,CASH,Unknown
T9076,U144,2021-11-02,Expense,Rent,848,NO,NO,BANK TRANSFER,Pune
T7556,U062,2023-04-12,Expense,Bonus,9362,NO,NO,UNKNOWN,Unknown
T13764,U058,2024-07-28,Expense,Rent,2427,NO,NO,BANK TRANSFER,Delhi
T11852,U065,2024-01-26,Expense,Health,9088,NO,NO,UPI,Lucknow
T0711,U111,2021-10-22,Expense,Rent,1074,NO,NO,BANK TRANSFER,Ahmedabad
T7434,U001,2021-04-20,Expense,Travel,999999999,NO,YES,CARD,Chennai
T13690,U078,2023-05-21,Expense,Entertainment,3364,NO,NO,CARD,Hyderabad
T0467,U137,2023-10-05,Expense,Entertainment,9941,NO,NO,BANK TRANSFER,Pune
T10063,U091,2023-08-29,Expense,Travel,659,NO,NO,CARD,Mumbai
T5462,U024,2023-12-01,Expense,Rent,7002,NO,NO,CASH,Hyderabad
T7239,U137,2024-11-25,Expense,Food,3417,NO,NO,CASH,Bangalore
T9443,U029,2024-05-08,Expense,Misc,1850,NO,NO,CARD,Unknown
T7088,U028,2023-06-19,Expense,Food,1432,NO,NO,BANK TRANSFER,Hyderabad
T13347,U124,2021-06-19,Expense,Food,8998,NO,NO,BANK TRANSFER,Pune
T9484,U084,2023-05-22,Income,Education,778549,NO,YES,UPI,Ahmedabad
T7010,U137,2021-09-05,Expense,Rent,4669,NO,NO,BANK TRANSFER,Kolkata
T4974,U091,2024-11-08,Expense,Rent,230,NO,NO,BANK TRANSFER,Hyderabad
T4791,U131,2024-03-06,Expense,Travel,6560,NO,NO,BANK TRANSFER,Jaipur
T4256,U038,2023-04-28,Expense,Rent,3579,NO,NO,UPI,Pune
T6230,U037,2022-04-05,Expense,Entertainment,1005,NO,NO,CASH,Mumbai
T0875,U110,2022-10-27,Expense,Food,4679,NO,NO,UPI,Kolkata
T11938,U018,2023-12-19,Expense,Food,7568,NO,NO,CASH,Pune
T7638,U031,2024-09-04,Income,Food,69588,NO,NO,CASH,Delhi
T10875,U042,2024-12-04,Expense,Food,9368,NO,NO,BANK TRANSFER,Bangalore
T7612,U114,2023-06-16,Expense,Food,4530,NO,NO,BANK TRANSFER,Pune
T13296,U116,2024-11-29,Expense,Food,3281,NO,NO,CASH,Lucknow
T7461,U057,2024-08-02,Expense,Rent,3222,NO,NO,CASH,Ahmedabad
T6888,U078,2021-07-16,Income,Entertainment,21910,NO,NO,CARD,Pune
T1784,U026,2023-08-28,Expense,Entertainment,5081,NO,NO,CASH,Bangalore
T2993,U027,2024-02-10,Expense,Utilities,8685,NO,NO,BANK TRANSFER,Ahmedabad
T1123,U059,2021-05-06,Expense,Rent,1571,NO,NO,UPI,Bangalore
T6590,U117,2022-03-29,Expense,Salary,4639,NO,NO,CARD,Ahmedabad
T8520,U131,2022-08-26,Income,Utilities,39920,NO,NO,CARD,Bangalore
T6161,U119,2024-03-20,Income,Food,856590,NO,YES,UPI,Chennai
T0540,U146,2024-07-19,Expense,Food,6814,NO,NO,UPI,Unknown
T0338,U079,2024-02-23,Expense,Others,4828,NO,NO,BANK TRANSFER,Lucknow
T10820,U054,2024-11-16,Expense,Education,5155,NO,NO,UPI,Lucknow
T6683,U028,2022-01-31,Expense,Rent,8716,NO,NO,CASH,Ahmedabad
T0533,U101,2024-08-12,Expense,Travel,6496,NO,NO,CARD,Bangalore
T8319,U006,2023-12-11,Expense,Bonus,140,NO,NO,UPI,Jaipur
T4982,U038,2023-01-05,Expense,Travel,739,NO,NO,UPI,Unknown
T13972,U018,2021-09-04,Income,Food,12555,NO,NO,BANK TRANSFER,Kolkata
T0445,U101,2024-07-10,Expense,Food,664,NO,NO,CASH,Delhi
T8041,U125,2021-10-31,Income,Others,53234,NO,NO,UPI,Hyderabad
T11313,U005,2024-07-19,Expense,Food,3675,NO,NO,BANK TRANSFER,Jaipur
T0335,U113,2022-01-13,Expense,Food,7447,NO,NO,CASH,Bangalore
T9202,U041,2021-03-17,Expense,Travel,3328,NO,NO,UPI,Jaipur
T7516,U069,2024-07-30,Expense,Savings,19125,NO,NO,CARD,Pune
T4245,U108,2024-04-10,Expense,Rent,1869,NO,NO,UPI,Jaipur
T6269,U012,2022-12-28,Expense,Savings,4965,NO,NO,UPI,Chennai
T1502,U099,2023-01-05,Expense,Freelance,3635,NO,NO,CASH,Unknown
T9898,U028,2024-06-05,Expense,Travel,4350,NO,NO,BANK TRANSFER,Mumbai
T12858,U050,2021-12-24,Expense,Entertainment,46749,NO,NO,UPI,Ahmedabad
T12750,U127,2021-12-12,Expense,Education,2936,NO,NO,CASH,Unknown
T8224,U030,2024-09-12,Expense,Rent,3740,NO,NO,CARD,Ahmedabad
T10680,U017,2024-03-12,Expense,Others,45482,NO,NO,CARD,Ahmedabad
T7817,U008,2023-08-31,Expense,Rent,177,NO,NO,CASH,Jaipur
T3240,U012,2021-06-26,Expense,Health,824,NO,NO,CARD,Unknown
T0738,U036,2022-10-24,Expense,Food,0,NO,NO,UNKNOWN,Chennai
T8573,U037,2022-12-21,Expense,Food,9093,NO,NO,CARD,Bangalore
T5899,U075,2024-07-24,Expense,Rent,5657,NO,NO,UPI,Unknown
T13740,U012,2022-12-20,Expense,Education,4525,NO,NO,BANK TRANSFER,Pune
T3525,U121,2023-04-16,Income,Health,24475,NO,NO,BANK TRANSFER,Jaipur
T4635,U145,2023-09-15,Expense,Freelance,0,NO,NO,CASH,Lucknow
T13609,U038,2023-02-26,Expense,Education,2549,NO,NO,CARD,Hyderabad
T13079,U076,2022-04-09,Expense,Education,2708,NO,NO,CARD,Jaipur
T12485,U106,2024-05-04,Expense,Rent,3654,NO,NO,CASH,Hyderabad
T4676,U084,2021-01-19,Income,Food,150000,NO,NO,CARD,Unknown
T1295,U060,2023-02-28,Expense,Entertainment,23668,NO,NO,CARD,Unknown
T13102,U096,2024-11-21,Income,Education,42909,NO,NO,CARD,Jaipur
T2143,U096,2022-08-27,Income,Utilities,909296,NO,YES,BANK TRANSFER,Pune
T7729,U102,2024-09-08,Expense,Travel,-500,YES,NO,CARD,Bangalore
T3359,U087,2021-12-23,Expense,Investment,8914,NO,NO,CASH,Hyderabad
T8064,U147,2022-09-07,Expense,Salary,7781,NO,NO,UPI,Ahmedabad
T3873,U020,2022-01-12,Expense,Salary,8575,NO,NO,BANK TRANSFER,Ahmedabad
T4521,U119,2023-07-03,Expense,Rent,6177,NO,NO,CASH,Bangalore
T1022,U075,2023-06-26,Expense,Education,44270,NO,NO,CASH,Unknown
T0843,U078,2021-11-01,Income,Food,79285,NO,NO,UNKNOWN,Hyderabad
T3687,U063,2022-11-14,Expense,Food,8224,NO,NO,UPI,Jaipur
T1923,U136,2024-02-04,Expense,Travel,6967,NO,NO,BANK TRANSFER,Hyderabad
T8154,U107,2022-02-20,Expense,Food,13099,NO,NO,CARD,Jaipur
T11200,U092,2022-04-09,Expense,Education,2139,NO,NO,UPI,Pune
T5896,U008,2021-03-07,Expense,Entertainment,4013,NO,NO,BANK TRANSFER,Lucknow
T4296,U052,2024-03-17,Expense,Food,2619,NO,NO,UNKNOWN,Lucknow
T11818,U136,2024-08-16,Expense,Food,3972,NO,NO,BANK TRANSFER,Mumbai
T5741,U056,2021-12-24,Expense,Health,7846,NO,NO,CARD,Lucknow
T9277,U147,2024-11-02,Expense,Entertainment,2247,NO,NO,CARD,Lucknow
T13337,U119,2023-12-10,Expense,Rent,8181,NO,NO,CARD,Mumbai
T10028,U026,2023-05-26,Expense,Travel,7429,NO,NO,CASH,Hyderabad
T11001,U147,2021-11-05,Expense,Rent,4808,NO,NO,BANK TRANSFER,Chennai
T11693,U002,2021-06-11,Expense,Rent,4821,NO,NO,CARD,Ahmedabad
T5180,U082,2023-10-23,Expense,Travel,6505,NO,NO,BANK TRANSFER,Ahmedabad
T9181,U040,2023-09-11,Expense,Food,4354,NO,NO,UPI,Bangalore
T3194,U063,2022-08-01,Expense,Utilities,6121,NO,NO,UPI,Hyderabad
T0581,U099,2021-06-23,Income,Education,15821,NO,NO,BANK TRANSFER,Unknown
T3701,U071,2023-08-11,Expense,Others,8069,NO,NO,BANK TRANSFER,Unknown
T11116,U108,2021-11-28,Income,Utilities,53170,NO,NO,CASH,Mumbai
T9974,U045,2022-05-17,Expense,Savings,0,NO,NO,CARD,Bangalore
T13818,U010,2024-05-02,Expense,Investment,2665,NO,NO,CARD,Hyderabad
T8711,U048,2024-07-31,Expense,Travel,8483,NO,NO,BANK TRANSFER,Bangalore
T2908,U076,2023-04-19,Expense,Travel,0,NO,NO,CASH,Chennai
T3562,U060,2024-10-12,Expense,Education,1760,NO,NO,UNKNOWN,Kolkata
T11647,U028,2023-02-23,Expense,Food,2932,NO,NO,UPI,Delhi
T10935,U095,2024-10-20,Income,Travel,10100,NO,NO,CARD,Chennai
T3917,U092,2022-01-02,Expense,Entertainment,9511,NO,NO,CARD,Chennai
T3974,U033,2024-10-10,Expense,Food,4139,NO,NO,CARD,Kolkata
T1571,U009,2024-05-12,Expense,Freelance,9131,NO,NO,CARD,Delhi
T5187,U108,2021-10-07,Expense,Rent,7976,NO,NO,BANK TRANSFER,Unknown
T6787,U121,2022-07-29,Expense,Food,7776,NO,NO,BANK TRANSFER,Unknown
T11175,U019,2024-12-17,Expense,Health,4098,NO,NO,UPI,Ahmedabad
T2607,U134,2022-02-26,Expense,Health,999999,NO,YES,UPI,Bangalore
T2451,U136,2023-02-24,Expense,Entertainment,19235,NO,NO,UPI,Lucknow
T11715,U091,2023-09-12,Expense,Education,2539,NO,NO,UPI,Bangalore
T3649,U124,2021-10-27,Expense,Education,921,NO,NO,BANK TRANSFER,Jaipur
T4062,U095,2022-10-25,Expense,Utilities,4720,NO,NO,BANK TRANSFER,Mumbai
T5571,U150,2023-08-23,Income,Health,32682,NO,NO,BANK TRANSFER,Lucknow
T7138,U002,2022-07-22,Income,Travel,13927,NO,NO,CARD,Ahmedabad
T13182,U101,2024-12-18,Expense,Utilities,-1000,YES,NO,CARD,Unknown
T13082,U138,2022-07-14,Expense,Entertainment,4780,NO,NO,BANK TRANSFER,Bangalore
T4410,U068,2022-09-24,Income,Rent,38304,NO,NO,CASH,Pune
T5886,U072,2021-02-16,Expense,Education,466,NO,NO,CASH,Bangalore
T11449,U046,2024-04-17,Expense,Food,4041,NO,NO,CASH,Hyderabad
T13024,U095,2023-01-29,Expense,Rent,568,NO,NO,CARD,Delhi
T6955,U004,2023-07-18,Expense,Utilities,342,NO,NO,CASH,Chennai
T6401,U018,2024-12-18,Expense,Travel,4495,NO,NO,BANK TRANSFER,Lucknow
T7508,U106,2021-07-13,Income,Food,43831,NO,NO,BANK TRANSFER,Lucknow
T5967,U127,2022-10-20,Expense,Health,2137,NO,NO,CASH,Delhi
T0718,U006,2023-01-13,Expense,Rent,49024,NO,NO,UPI,Lucknow
T4152,U122,2021-10-22,Expense,Others,5081,NO,NO,CARD,Mumbai
T9983,U116,2023-11-01,Expense,Freelance,4383,NO,NO,UPI,Hyderabad
T1916,U100,2021-02-24,Income,Food,23426,NO,NO,CASH,Lucknow
T13548,U111,2023-01-03,Expense,Utilities,4919,NO,NO,CASH,Kolkata
T4406,U120,2023-01-01,Expense,Utilities,796,NO,NO,BANK TRANSFER,Ahmedabad
T1230,U115,2024-12-11,Expense,Food,3418,NO,NO,CASH,Ahmedabad
T9619,U098,2023-04-27,Expense,Rent,-500,YES,NO,CARD,Bangalore
T7954,U042,2023-12-24,Expense,Travel,8540,NO,NO,CARD,Hyderabad
T2708,U030,2022-07-10,Expense,Food,12243,NO,NO,BANK TRANSFER,Bangalore
T2252,U116,2024-01-10,Expense,Freelance,6707,NO,NO,BANK TRANSFER,Kolkata
T2844,U127,2024-12-31,Expense,Utilities,1113,NO,NO,BANK TRANSFER,Mumbai
T0502,U057,2022-02-22,Expense,Freelance,7209,NO,NO,CARD,Bangalore
T10617,U030,2024-12-02,Income,Travel,50145,NO,NO,BANK TRANSFER,Lucknow
T0486,U137,2023-04-11,Expense,Utilities,4427,NO,NO,CASH,Bangalore
T0804,U108,2022-11-14,Expense,Food,7914,NO,NO,CASH,Jaipur
T2432,U112,2023-08-23,Expense,Salary,1932,NO,NO,UPI,Ahmedabad
T13165,U146,2022-06-06,Expense,Utilities,3955,NO,NO,CASH,Lucknow
T9373,U069,2023-12-18,Expense,Food,7221,NO,NO,BANK TRANSFER,Mumbai
T1757,U150,2021-06-17,Expense,Food,9630,NO,NO,CARD,Bangalore
T3284,U112,2023-02-27,Expense,Health,4443,NO,NO,UPI,Hyderabad
T9567,U065,2024-04-04,Expense,Utilities,8518,NO,NO,CASH,Delhi
T6123,U112,2021-10-15,Expense,Travel,9783,NO,NO,UPI,Unknown
T5872,U013,2022-07-19,Expense,Investment,8242,NO,NO,UPI,Lucknow
T4050,U094,2022-03-31,Expense,Education,5057,NO,NO,CASH,Chennai
T5749,U081,2024-05-13,Income,Freelance,56954,NO,NO,BANK TRANSFER,Ahmedabad
T12994,U032,2024-05-16,Expense,Utilities,7187,NO,NO,BANK TRANSFER,Ahmedabad
T9641,U028,2024-01-09,Expense,Food,430,NO,NO,CASH,Delhi
T11997,U075,2021-12-03,Expense,Rent,6369,NO,NO,CASH,Pune
T3880,U011,2024-08-13,Expense,Salary,215,NO,NO,UPI,Unknown
T8293,U102,2024-01-17,Expense,Others,13925,NO,NO,CASH,Lucknow
T0608,U115,2024-02-28,Expense,Freelance,2873,NO,NO,CASH,Ahmedabad
T9961,U044,2021-05-04,Expense,Food,1121,NO,NO,BANK TRANSFER,Unknown
T11720,U039,2022-04-11,Expense,Utilities,7084,NO,NO,CASH,Bangalore
T0090,U037,2023-12-14,Income,Education,52284,NO,NO,BANK TRANSFER,Bangalore
T12901,U055,2024-09-21,Expense,Food,4723,NO,NO,CASH,Unknown
T13937,U099,2021-05-20,Expense,Rent,3172,NO,NO,UPI,Mumbai
T2177,U017,2021-04-03,Expense,Rent,3790,NO,NO,CASH,Delhi
T0946,U012,2022-11-04,Income,Rent,584835,NO,YES,UPI,Unknown
T12106,U050,2024-03-24,Expense,Food,8499,NO,NO,CARD,Pune
T7542,U071,2023-04-08,Expense,Investment,8078,NO,NO,CASH,Lucknow
T3298,U038,2022-10-08,Expense,Entertainment,0,NO,NO,CARD,Unknown
T9991,U009,2023-03-13,Expense,Rent,1181,NO,NO,BANK TRANSFER,Pune
T0258,U130,2022-01-15,Expense,Utilities,1137,NO,NO,BANK TRANSFER,Kolkata
T2467,U093,2022-11-06,Expense,Travel,904,NO,NO,UNKNOWN,Kolkata
T11276,U016,2021-09-06,Expense,Travel,8405,NO,NO,UPI,Unknown
T3463,U079,2024-05-14,Expense,Others,3182,NO,NO,UPI,Hyderabad
T12602,U074,2024-09-03,Expense,Travel,1468,NO,NO,BANK TRANSFER,Ahmedabad
T5735,U015,2024-03-15,Expense,Food,5052,NO,NO,UPI,Pune
T2229,U071,2021-11-02,Expense,Utilities,4105,NO,NO,UPI,Bangalore
T11295,U140,2021-06-23,Expense,Utilities,6278,NO,NO,CARD,Lucknow
T5375,U080,2021-08-31,Expense,Travel,3221,NO,NO,UPI,Unknown
T13277,U029,2022-09-18,Expense,Others,40400,NO,NO,BANK TRANSFER,Bangalore
T2508,U133,2022-01-08,Expense,Education,5053,NO,NO,UPI,Chennai
T6813,U072,2024-07-06,Expense,Utilities,5309,NO,NO,UPI,Lucknow
T6131,U049,2023-10-28,Expense,Utilities,6113,NO,NO,BANK TRANSFER,Delhi
T3912,U079,2024-05-29,Expense,Utilities,2957,NO,NO,CASH,Delhi
T10103,U037,2024-11-11,Expense,Rent,463,NO,NO,CASH,Mumbai
T9789,U034,2021-12-07,Expense,Food,4101,NO,NO,CASH,Mumbai
T4955,U046,2023-01-30,Expense,Education,3852,NO,NO,CASH,Unknown
T11966,U109,2024-10-20,Expense,Rent,1024,NO,NO,BANK TRANSFER,Lucknow
T12105,U144,2022-04-14,Expense,Rent,3385,NO,NO,BANK TRANSFER,Hyderabad
T1956,U043,2024-11-12,Expense,Rent,48027,NO,NO,CASH,Jaipur
T7587,U101,2021-02-13,Expense,Education,4122,NO,NO,BANK TRANSFER,Chennai
T10532,U006,2023-08-25,Expense,Travel,3230,NO,NO,UPI,Ahmedabad
T12913,U057,2023-04-12,Expense,Food,393,NO,NO,BANK TRANSFER,Ahmedabad
T7515,U146,2022-11-08,Expense,Food,5057,NO,NO,BANK TRANSFER,Jaipur
T0833,U129,2022-07-19,Income,Education,47971,NO,NO,UPI,Chennai
T6006,U045,2022-11-07,Expense,Entertainment,1198,NO,NO,CARD,Jaipur
T10774,U061,2023-03-06,Expense,Entertainment,1744,NO,NO,CARD,Unknown
T8716,U149,2023-03-29,Expense,Utilities,194,NO,NO,UPI,Pune
T9746,U018,2022-12-06,Income,Utilities,30853,NO,NO,BANK TRANSFER,Mumbai
T8003,U008,2022-08-14,Expense,Food,6890,NO,NO,BANK TRANSFER,Bangalore
T9689,U115,2024-02-21,Expense,Health,33913,NO,NO,BANK TRANSFER,Ahmedabad
T11409,U030,2023-06-13,Expense,Food,5147,NO,NO,BANK TRANSFER,Kolkata
T6104,U082,2024-02-08,Income,Rent,22126,NO,NO,UNKNOWN,Mumbai
T2465,U098,2021-01-01,Expense,Food,12502,NO,NO,CASH,Bangalore
T0251,U042,2024-08-15,Expense,Food,8564,NO,NO,UPI,Jaipur
T4868,U095,2024-04-09,Expense,Entertainment,1193,NO,NO,UNKNOWN,Pune
T6814,U095,2023-09-23,Expense,Food,715,NO,NO,UPI,Ahmedabad
T6811,U013,2022-11-29,Expense,Food,4713,NO,NO,CASH,Bangalore
T3845,U117,2022-09-05,Expense,Travel,3756,NO,NO,BANK TRANSFER,Jaipur
T13888,U107,2024-03-17,Expense,Rent,8530,NO,NO,BANK TRANSFER,Delhi
T13727,U138,2021-12-16,Expense,Food,2543,NO,NO,CARD,Ahmedabad
T11195,U129,2023-03-06,Expense,Investment,6960,NO,NO,BANK TRANSFER,Kolkata
T4147,U128,2023-05-09,Expense,Food,7101,NO,NO,CASH,Delhi
T12247,U043,2023-03-27,Expense,Rent,4342,NO,NO,CASH,Bangalore
T6681,U050,2022-05-26,Expense,Rent,5689,NO,NO,CARD,Chennai
T9228,U060,2021-01-15,Income,Entertainment,43245,NO,NO,CARD,Jaipur
T6491,U139,2022-05-18,Expense,Travel,1664,NO,NO,CASH,Delhi
T11741,U052,2023-10-10,Expense,Others,6434,NO,NO,CASH,Unknown
T2122,U044,2023-01-04,Expense,Rent,8295,NO,NO,BANK TRANSFER,Delhi
T5984,U074,2022-01-08,Expense,Food,9373,NO,NO,CARD,Pune
T10145,U129,2023-12-08,Income,Food,26382,NO,NO,UPI,Jaipur
T1884,U043,2021-04-23,Expense,Others,4219,NO,NO,CASH,Kolkata
T2061,U122,2023-01-17,Expense,Rent,2224,NO,NO,CASH,Bangalore
T9150,U128,2024-06-01,Expense,Bonus,764,NO,NO,CARD,Pune
T10854,U104,2023-05-08,Expense,Uncategorised,3947,NO,NO,CARD,Pune
T13373,U060,2022-07-26,Expense,Food,4421,NO,NO,CASH,Mumbai
T4204,U142,2022-05-11,Expense,Utilities,2428,NO,NO,CASH,Mumbai
T6412,U105,2024-02-13,Expense,Food,6176,NO,NO,CASH,Kolkata
T10257,U037,2024-05-27,Income,Utilities,41869,NO,NO,BANK TRANSFER,Kolkata
T12967,U093,2023-11-27,Expense,Utilities,9117,NO,NO,CARD,Pune
T10020,U073,2023-08-31,Expense,Salary,4130,NO,NO,UPI,Delhi
T7545,U021,2023-08-25,Expense,Food,11809,NO,NO,UPI,Delhi
T11942,U036,2023-05-28,Expense,Rent,569,NO,NO,UPI,Pune
T1698,U087,2021-09-27,Expense,Entertainment,4285,NO,NO,CARD,Hyderabad
T6376,U101,2021-10-19,Expense,Food,5390,NO,NO,CARD,Ahmedabad
T0169,U027,2021-10-16,Expense,Others,1553,NO,NO,UPI,Unknown
T2885,U115,2023-05-04,Expense,Utilities,7220,NO,NO,CARD,Mumbai
T4878,U042,2023-05-28,Income,Others,70038,NO,NO,CARD,Kolkata
T4335,U021,2024-11-04,Income,Food,55900,NO,NO,CARD,Kolkata
T12365,U008,2022-08-22,Income,Rent,59047,NO,NO,CARD,Mumbai
T7803,U119,2024-03-03,Expense,Food,7982,NO,NO,CASH,Ahmedabad
T10174,U113,2021-05-13,Expense,Rent,9054,NO,NO,CARD,Pune
T11453,U094,2024-01-06,Expense,Food,3706,NO,NO,CASH,Ahmedabad
T0424,U139,2021-10-29,Expense,Food,1234,NO,NO,CASH,Chennai
T3726,U048,2024-04-26,Expense,Utilities,500,NO,NO,CARD,Ahmedabad
T10147,U004,2022-01-20,Expense,Travel,7667,NO,NO,CARD,Bangalore
T8998,U104,2021-07-29,Expense,Food,691,NO,NO,UPI,Hyderabad
T6836,U057,2023-08-26,Expense,Rent,6668,NO,NO,CARD,Mumbai
T1143,U123,2021-12-19,Expense,Health,2857,NO,NO,UPI,Lucknow
T1885,U013,2023-11-18,Expense,Utilities,4324,NO,NO,CARD,Lucknow
T2155,U042,2023-02-09,Expense,Food,6971,NO,NO,CARD,Delhi
T11289,U071,2024-08-29,Expense,Utilities,5332,NO,NO,CASH,Unknown
T11540,U046,2021-12-16,Expense,Food,3046,NO,NO,BANK TRANSFER,Pune
T9788,U022,2023-09-14,Expense,Others,37272,NO,NO,CASH,Ahmedabad
T4873,U062,2021-08-25,Expense,Travel,1167,NO,NO,BANK TRANSFER,Lucknow
T1550,U029,2024-12-23,Expense,Investment,9244,NO,NO,UNKNOWN,Mumbai
T5210,U006,2022-10-11,Expense,Uncategorised,5760,NO,NO,CARD,Lucknow
T5510,U093,2023-10-09,Expense,Food,8875,NO,NO,UPI,Hyderabad
T3354,U107,2023-12-15,Expense,Rent,4846,NO,NO,CARD,Mumbai
T5415,U010,2021-07-22,Expense,Rent,2758,NO,NO,BANK TRANSFER,Pune
T8917,U006,2024-11-06,Expense,Misc,5977,NO,NO,BANK TRANSFER,Bangalore
T2707,U014,2022-10-06,Expense,Travel,1845,NO,NO,UPI,Jaipur
T11726,U061,2022-04-09,Expense,Entertainment,5366,NO,NO,CARD,Chennai
T11811,U078,2021-06-15,Expense,Education,1141,NO,NO,CASH,Delhi
T13360,U045,2022-04-27,Expense,Others,8981,NO,NO,CARD,Chennai
T13964,U046,2021-08-11,Income,Food,32601,NO,NO,UPI,Bangalore
T7204,U092,2023-03-18,Expense,Rent,7309,NO,NO,CASH,Pune
T0678,U125,2023-07-24,Expense,Food,6087,NO,NO,CASH,Delhi
T3453,U070,2023-08-20,Expense,Investment,1544,NO,NO,UNKNOWN,Bangalore
T1104,U047,2021-01-08,Expense,Rent,6656,NO,NO,CASH,Pune
T2452,U046,2022-08-26,Expense,Food,3767,NO,NO,BANK TRANSFER,Mumbai
T12617,U061,2023-02-02,Expense,Education,9985,NO,NO,CASH,Mumbai
T13300,U072,2022-10-20,Expense,Rent,1819,NO,NO,CASH,Lucknow
T12193,U022,2022-04-14,Income,Travel,61884,NO,NO,BANK TRANSFER,Jaipur
T11281,U101,2023-12-20,Expense,Others,-1000,YES,NO,CASH,Chennai
T11191,U086,2021-02-14,Expense,Travel,9427,NO,NO,BANK TRANSFER,Bangalore
T6270,U013,2023-06-12,Expense,Entertainment,4134,NO,NO,BANK TRANSFER,Pune
T7418,U139,2022-12-04,Expense,Food,4860,NO,NO,UNKNOWN,Jaipur
T1794,U060,2023-07-25,Expense,Salary,1259,NO,NO,CARD,Hyderabad
T1389,U138,2024-03-10,Expense,Uncategorised,366,NO,NO,UPI,Bangalore
T6048,U114,2021-05-14,Expense,Entertainment,8010,NO,NO,UPI,Bangalore
T13987,U124,2023-09-08,Expense,Travel,8964,NO,NO,UPI,Lucknow
T9523,U141,2023-03-26,Expense,Food,2844,NO,NO,BANK TRANSFER,Chennai
T0383,U025,2023-11-16,Expense,Rent,7031,NO,NO,CARD,Delhi
T12340,U078,2022-10-05,Expense,Utilities,2316,NO,NO,CARD,Unknown
T1602,U069,2022-12-12,Expense,Entertainment,5705,NO,NO,CARD,Mumbai
T9656,U077,2024-10-15,Expense,Savings,9896,NO,NO,CASH,Hyderabad
T11855,U094,2021-08-19,Expense,Others,5531,NO,NO,CASH,Chennai
T13859,U005,2021-08-26,Expense,Utilities,999999,NO,YES,BANK TRANSFER,Ahmedabad
T0316,U138,2024-04-01,Expense,Uncategorised,7820,NO,NO,CARD,Mumbai
T11575,U077,2023-08-26,Expense,Rent,8341,NO,NO,CARD,Hyderabad
T8502,U133,2021-04-28,Expense,Entertainment,4002,NO,NO,CASH,Lucknow
T3950,U072,2021-11-07,Expense,Rent,1548,NO,NO,CASH,Ahmedabad
T13460,U029,2021-05-20,Expense,Food,9628,NO,NO,UNKNOWN,Mumbai
T1361,U118,2022-09-02,Expense,Entertainment,8975,NO,NO,CARD,Mumbai
T0852,U072,2024-07-13,Income,Food,78394,NO,NO,BANK TRANSFER,Mumbai
T2541,U026,2024-09-21,Income,Bonus,35621,NO,NO,CARD,Chennai
T3412,U070,2023-04-18,Expense,Utilities,1370,NO,NO,CASH,Unknown
T5967,U094,2023-05-23,Expense,Rent,9009,NO,NO,CASH,Lucknow
T8050,U110,2021-07-03,Expense,Travel,8022,NO,NO,CASH,Chennai
T8556,U108,2021-02-25,Expense,Investment,4261,NO,NO,CASH,Lucknow
T11460,U017,2022-09-22,Expense,Utilities,17141,NO,NO,CARD,Mumbai
T9750,U077,2023-12-21,Expense,Travel,4462,NO,NO,CARD,Ahmedabad
T11663,U088,2021-09-29,Expense,Education,2711,NO,NO,BANK TRANSFER,Kolkata
T13725,U038,2024-10-27,Income,Bonus,31683,NO,NO,CASH,Ahmedabad
T2673,U013,2022-11-11,Expense,Utilities,4682,NO,NO,UNKNOWN,Kolkata
T6659,U064,2023-08-22,Income,Education,58737,NO,NO,CARD,Unknown
T9009,U027,2022-01-07,Expense,Food,1454,NO,NO,BANK TRANSFER,Delhi
T11416,U084,2024-06-11,Expense,Rent,4518,NO,NO,BANK TRANSFER,Hyderabad
T0856,U140,2022-06-26,Expense,Bonus,2407,NO,NO,UNKNOWN,Pune
T10074,U011,2022-11-16,Income,Food,79544,NO,NO,CASH,Jaipur
T2280,U081,2024-02-04,Expense,Health,-1000,YES,NO,BANK TRANSFER,Delhi
T2124,U108,2022-02-26,Expense,Others,621,NO,NO,UPI,Pune
T0992,U013,2022-12-05,Expense,Entertainment,989,NO,NO,BANK TRANSFER,Chennai
T0226,U042,2023-04-22,Expense,Utilities,8499,NO,NO,UPI,Pune
T8929,U020,2023-01-26,Expense,Food,9394,NO,NO,UPI,Kolkata
T5600,U066,2023-02-09,Expense,Entertainment,1044,NO,NO,CARD,Hyderabad
T2366,U025,2023-02-18,Expense,Bonus,2564,NO,NO,BANK TRANSFER,Hyderabad
T7507,U011,2024-04-16,Income,Travel,48387,NO,NO,UPI,Lucknow
T0803,U032,2022-03-11,Expense,Utilities,9114,NO,NO,UPI,Pune
T12369,U091,2022-05-08,Income,Travel,21518,NO,NO,CASH,Delhi
T12466,U013,2024-12-06,Expense,Rent,6511,NO,NO,BANK TRANSFER,Bangalore
T6985,U136,2023-05-23,Expense,Education,1051,NO,NO,UPI,Chennai
T11046,U064,2022-10-26,Expense,Investment,498,NO,NO,BANK TRANSFER,Bangalore
T5682,U027,2022-08-02,Expense,Utilities,8810,NO,NO,CASH,Pune
T11229,U064,2024-09-09,Income,Food,42681,NO,NO,CASH,Lucknow
T4496,U002,2023-08-19,Expense,Uncategorised,4349,NO,NO,CASH,Bangalore
T11198,U121,2021-02-04,Income,Health,25759,NO,NO,CARD,Unknown
T11954,U021,2023-03-14,Expense,Rent,103,NO,NO,CASH,Mumbai
T1303,U094,2022-06-10,Expense,Entertainment,7330,NO,NO,UPI,Delhi
T10577,U123,2021-04-08,Expense,Food,3455,NO,NO,UPI,Unknown
T6171,U100,2023-09-22,Expense,Rent,8332,NO,NO,CARD,Hyderabad
T13381,U070,2024-09-25,Expense,Rent,16809,NO,NO,UPI,Ahmedabad
T9541,U030,2022-01-18,Expense,Uncategorised,18898,NO,NO,CASH,Hyderabad
T9385,U073,2021-06-26,Expense,Freelance,25045,NO,NO,UNKNOWN,Ahmedabad
T5528,U054,2022-03-22,Expense,Travel,3819,NO,NO,CASH,Mumbai
T7662,U121,2021-03-07,Income,Rent,40679,NO,NO,CASH,Bangalore
T1322,U149,2023-08-31,Expense,Travel,6696,NO,NO,UNKNOWN,Pune
T4494,U077,2023-07-25,Expense,Travel,1568,NO,NO,CARD,Pune
T3646,U021,2024-05-21,Expense,Food,1263,NO,NO,BANK TRANSFER,Chennai
T9008,U102,2024-01-08,Expense,Investment,8631,NO,NO,CARD,Chennai
T2110,U088,2024-09-23,Expense,Food,4761,NO,NO,BANK TRANSFER,Jaipur
T0662,U067,2022-08-20,Expense,Entertainment,6018,NO,NO,CARD,Ahmedabad
T4159,U143,2024-12-08,Expense,Utilities,3950,NO,NO,BANK TRANSFER,Bangalore
T6887,U073,2024-11-06,Expense,Travel,6218,NO,NO,CASH,Unknown
T7583,U119,2022-11-11,Expense,Savings,8152,NO,NO,UPI,Jaipur
T11196,U086,2021-10-08,Expense,Food,3835,NO,NO,BANK TRANSFER,Pune
T0895,U116,2022-09-24,Expense,Utilities,7065,NO,NO,CASH,Kolkata
T8644,U001,2022-03-14,Expense,Food,9451,NO,NO,UPI,Jaipur
T4117,U028,2022-12-29,Income,Travel,70404,NO,NO,UPI,Pune
T12520,U108,2024-06-22,Expense,Food,9623,NO,NO,CASH,Jaipur
T8789,U140,2021-05-25,Expense,Travel,2105,NO,NO,CASH,Chennai
T2292,U052,2021-06-14,Expense,Entertainment,999999999,NO,YES,BANK TRANSFER,Mumbai
T12182,U015,2022-01-22,Expense,Food,6296,NO,NO,UPI,Mumbai
T5146,U063,2024-01-14,Income,Travel,68895,NO,NO,UPI,Kolkata
T1991,U018,2021-02-01,Expense,Travel,4095,NO,NO,CASH,Delhi
T9913,U096,2022-11-14,Expense,Rent,4053,NO,NO,CASH,Pune
T10871,U019,2023-07-18,Expense,Entertainment,764,NO,NO,UPI,Lucknow
T12442,U068,2022-03-02,Expense,Freelance,6908,NO,NO,BANK TRANSFER,Chennai
T2215,U082,2024-07-27,Expense,Entertainment,15950,NO,NO,UPI,Kolkata
T3747,U132,2021-04-03,Expense,Rent,0,NO,NO,BANK TRANSFER,Ahmedabad
T13118,U080,2024-11-11,Expense,Others,7604,NO,NO,CASH,Delhi
T9580,U059,2024-06-06,Expense,Rent,8924,NO,NO,CASH,Lucknow
T6755,U044,2024-09-06,Expense,Others,-1000,YES,NO,UPI,Hyderabad
T6059,U066,2021-06-04,Expense,Rent,1741,NO,NO,CARD,Chennai
T5935,U122,2021-09-15,Expense,Entertainment,1204,NO,NO,CARD,Hyderabad
T11379,U119,2024-05-20,Expense,Uncategorised,240,NO,NO,UPI,Pune
T8178,U002,2024-06-24,Expense,Rent,8849,NO,NO,BANK TRANSFER,Unknown
T4816,U042,2023-05-19,Expense,Travel,7423,NO,NO,CASH,Pune
T4541,U038,2024-02-19,Expense,Travel,8016,NO,NO,CARD,Jaipur
T0984,U038,2023-06-30,Expense,Investment,3294,NO,NO,CASH,Ahmedabad
T9176,U036,2023-04-20,Expense,Savings,1366,NO,NO,CARD,Unknown
T3135,U056,2022-03-08,Expense,Food,1759,NO,NO,BANK TRANSFER,Pune
T6396,U113,2022-04-03,Expense,Food,889,NO,NO,BANK TRANSFER,Bangalore
T11781,U057,2021-08-20,Expense,Utilities,32159,NO,NO,UPI,Pune
T8880,U056,2023-07-15,Expense,Food,4492,NO,NO,UNKNOWN,Delhi
T10131,U127,2021-09-14,Expense,Education,5415,NO,NO,CARD,Ahmedabad
T11590,U004,2021-12-01,Expense,Rent,9914,NO,NO,UPI,Ahmedabad
T4181,U067,2021-01-18,Expense,Others,4588,NO,NO,UPI,Kolkata
T11491,U016,2023-02-01,Expense,Entertainment,4827,NO,NO,BANK TRANSFER,Delhi
T3440,U038,2024-09-11,Expense,Food,9238,NO,NO,CARD,Delhi
T4918,U130,2022-05-01,Expense,Utilities,20656,NO,NO,CARD,Kolkata
T5596,U012,2023-08-24,Expense,Entertainment,8794,NO,NO,CASH,Lucknow
T2187,U027,2022-10-03,Income,Food,66678,NO,NO,BANK TRANSFER,Delhi
T5227,U062,2022-09-03,Expense,Rent,7423,NO,NO,UNKNOWN,Ahmedabad
T13200,U115,2023-07-25,Expense,Bonus,37330,NO,NO,BANK TRANSFER,Jaipur
T9696,U140,2023-12-28,Expense,Utilities,22188,NO,NO,CARD,Bangalore
T12855,U033,2024-02-16,Expense,Utilities,6865,NO,NO,CASH,Bangalore
T6864,U083,2024-04-06,Expense,Travel,8216,NO,NO,CARD,Hyderabad
T10313,U108,2024-01-17,Income,Education,47866,NO,NO,CASH,Jaipur
T2822,U058,2024-02-04,Expense,Utilities,21785,NO,NO,CASH,Delhi
T10199,U026,2024-01-28,Expense,Rent,-1000,YES,NO,CASH,Jaipur
T0753,U031,2023-01-03,Expense,Others,3515,NO,NO,CASH,Ahmedabad
T5857,U111,2022-11-11,Income,Bonus,56034,NO,NO,CARD,Hyderabad
T0645,U108,2023-04-21,Expense,Health,10276,NO,NO,UPI,Ahmedabad
T7937,U019,2024-03-28,Income,Rent,26084,NO,NO,BANK TRANSFER,Pune
T3360,U019,2022-05-16,Expense,Bonus,3722,NO,NO,BANK TRANSFER,Unknown
T8112,U125,2022-03-05,Expense,Misc,105,NO,NO,CARD,Bangalore
T4914,U014,2024-04-30,Expense,Food,8100,NO,NO,CASH,Chennai
T12816,U084,2024-11-07,Expense,Travel,2092,NO,NO,UPI,Lucknow
T2337,U123,2021-05-18,Expense,Travel,8742,NO,NO,CARD,Jaipur
T3572,U109,2024-06-27,Expense,Food,3364,NO,NO,CARD,Ahmedabad
T2869,U021,2022-09-11,Income,Entertainment,20939,NO,NO,CASH,Chennai
T2674,U023,2021-09-04,Expense,Savings,5085,NO,NO,UPI,Unknown
T2634,U030,2022-12-31,Expense,Health,5894,NO,NO,CASH,Pune
T7840,U120,2022-08-20,Expense,Food,8571,NO,NO,UPI,Bangalore
T5020,U091,2021-07-09,Expense,Travel,4398,NO,NO,CARD,Bangalore
T3387,U129,2021-09-01,Income,Salary,25243,NO,NO,CARD,Unknown
T3833,U023,2022-03-21,Expense,Food,571,NO,NO,CASH,Hyderabad
T1760,U139,2021-09-02,Income,Travel,22568,NO,NO,UNKNOWN,Kolkata
T7732,U079,2021-01-06,Expense,Food,1170,NO,NO,UPI,Jaipur
T10111,U113,2023-05-08,Expense,Entertainment,4061,NO,NO,UNKNOWN,Kolkata
T5172,U031,2024-08-30,Expense,Food,8167,NO,NO,CASH,Bangalore
T4851,U121,2022-12-16,Expense,Rent,937,NO,NO,CASH,Chennai
T13756,U041,2021-07-10,Expense,Utilities,4488,NO,NO,CASH,Chennai
T1224,U005,2024-12-04,Expense,Rent,58,NO,NO,CASH,Hyderabad
T6803,U130,2023-06-05,Expense,Entertainment,6631,NO,NO,BANK TRANSFER,Bangalore
T4628,U108,2024-02-17,Expense,Others,7483,NO,NO,CASH,Bangalore
T1257,U066,2022-03-05,Expense,Rent,4285,NO,NO,CARD,Kolkata
T11608,U075,2023-11-10,Expense,Rent,13420,NO,NO,CASH,Mumbai
T2015,U105,2021-05-10,Expense,Rent,5797,NO,NO,CARD,Unknown
T10921,U024,2023-09-07,Expense,Others,4240,NO,NO,BANK TRANSFER,Bangalore
T10881,U032,2021-04-17,Expense,Bonus,2900,NO,NO,CARD,Delhi
T11463,U074,2021-04-26,Expense,Travel,2830,NO,NO,BANK TRANSFER,Bangalore
T8577,U040,2023-10-23,Income,Food,67913,NO,NO,BANK TRANSFER,Pune
T7837,U039,2024-08-09,Expense,Health,3967,NO,NO,CASH,Jaipur
T0481,U040,2023-06-08,Income,Travel,63317,NO,NO,UPI,Bangalore
T8375,U039,2022-09-21,Expense,Food,5341,NO,NO,CASH,Bangalore
T11117,U137,2024-06-14,Expense,Travel,377,NO,NO,CARD,Mumbai
T10542,U001,2021-07-11,Expense,Uncategorised,27587,NO,NO,UPI,Chennai
T11259,U105,2021-12-21,Expense,Travel,8273,NO,NO,UPI,Jaipur
T4237,U012,2023-01-09,Expense,Travel,6916,NO,NO,UPI,Bangalore
T3876,U044,2024-09-01,Expense,Entertainment,1411,NO,NO,CASH,Pune
T3656,U105,2024-07-08,Expense,Food,599,NO,NO,CARD,Lucknow
T7351,U008,2023-11-28,Expense,Food,2264,NO,NO,BANK TRANSFER,Pune
T6457,U034,2024-12-22,Expense,Freelance,1684,NO,NO,BANK TRANSFER,Mumbai
T3238,U096,2023-05-31,Expense,Entertainment,2971,NO,NO,UPI,Unknown
T10862,U085,2021-04-29,Expense,Rent,18745,NO,NO,UPI,Unknown
T0490,U096,2023-05-28,Expense,Rent,7298,NO,NO,UPI,Kolkata
T13347,U087,2022-08-05,Income,Rent,20871,NO,NO,UNKNOWN,Ahmedabad
T11729,U014,2024-01-03,Expense,Education,4278,NO,NO,CARD,Mumbai
T7254,U046,2021-05-23,Expense,Entertainment,5443,NO,NO,CARD,Bangalore
T11939,U117,2024-02-06,Expense,Education,4571,NO,NO,BANK TRANSFER,Lucknow
T11510,U045,2024-11-08,Expense,Rent,7918,NO,NO,UNKNOWN,Pune
T6213,U088,2021-02-14,Expense,Food,2174,NO,NO,CASH,Pune
T1201,U091,2021-05-09,Expense,Utilities,1211,NO,NO,CASH,Delhi
T4504,U054,2021-01-23,Expense,Food,2143,NO,NO,CASH,Chennai
T13041,U037,2022-09-15,Expense,Food,4123,NO,NO,UNKNOWN,Unknown
T6720,U111,2024-07-16,Expense,Bonus,2363,NO,NO,UPI,Bangalore
T0968,U138,2022-04-14,Income,Salary,46537,NO,NO,CASH,Hyderabad
T1505,U138,2023-02-18,Expense,Travel,8099,NO,NO,CASH,Chennai
T8739,U089,2021-06-06,Expense,Food,5119,NO,NO,CARD,Unknown
T0822,U062,2023-08-11,Expense,Travel,5656,NO,NO,CARD,Unknown
T10748,U088,2021-07-14,Expense,Food,9465,NO,NO,BANK TRANSFER,Chennai
T10795,U139,2024-02-05,Expense,Travel,8120,NO,NO,UPI,Mumbai
T8155,U017,2024-03-18,Expense,Utilities,7677,NO,NO,UPI,Chennai
T3775,U118,2021-08-11,Expense,Rent,690,NO,NO,BANK TRANSFER,Delhi
T6763,U139,2021-08-31,Expense,Food,2788,NO,NO,CASH,Lucknow
T5524,U093,2023-11-05,Income,Others,63241,NO,NO,UPI,Pune
T8383,U023,2022-07-05,Expense,Entertainment,3875,NO,NO,UPI,Mumbai
T11423,U059,2023-12-10,Income,Entertainment,23945,NO,NO,CASH,Hyderabad
T4586,U023,2024-06-15,Expense,Entertainment,9095,NO,NO,BANK TRANSFER,Kolkata
T9926,U089,2021-03-29,Expense,Rent,2124,NO,NO,UPI,Jaipur
T13977,U102,2024-11-11,Expense,Food,2215,NO,NO,CASH,Delhi
T10625,U138,2024-08-30,Expense,Rent,3659,NO,NO,CASH,Delhi
T10782,U071,2023-08-02,Expense,Utilities,6780,NO,NO,UPI,Pune
T9992,U067,2023-12-25,Expense,Food,8376,NO,NO,CASH,Chennai
T3664,U088,2024-10-13,Income,Food,52838,NO,NO,UNKNOWN,Chennai
T4656,U049,2021-06-21,Expense,Food,3850,NO,NO,UPI,Lucknow
T10953,U081,2023-09-22,Expense,Food,43160,NO,NO,CASH,Delhi
T6341,U139,2022-08-15,Expense,Rent,2306,NO,NO,BANK TRANSFER,Chennai
T1720,U006,2022-06-24,Income,Food,79219,NO,NO,CASH,Bangalore
T8126,U008,2023-02-21,Expense,Food,2118,NO,NO,CARD,Mumbai
T8233,U051,2022-10-17,Expense,Education,929,NO,NO,BANK TRANSFER,Chennai
T12736,U001,2021-10-08,Expense,Rent,9376,NO,NO,UPI,Mumbai
T8622,U082,2022-09-07,Income,Food,15507,NO,NO,UPI,Jaipur
T6663,U031,2023-09-11,Expense,Entertainment,8297,NO,NO,BANK TRANSFER,Chennai
T3982,U032,2023-10-11,Expense,Bonus,5715,NO,NO,CASH,Pune
T9642,U078,2021-09-21,Expense,Food,6517,NO,NO,UPI,Chennai
T3740,U095,2024-01-19,Expense,Rent,0,NO,NO,BANK TRANSFER,Bangalore
T10716,U031,2022-12-31,Income,Food,60268,NO,NO,BANK TRANSFER,Unknown
T9445,U001,2023-08-24,Expense,Travel,7321,NO,NO,UNKNOWN,Hyderabad
T11897,U019,2023-12-25,Expense,Uncategorised,2956,NO,NO,UPI,Jaipur
T13308,U008,2021-01-04,Expense,Rent,9977,NO,NO,UPI,Kolkata
T2833,U064,2024-12-26,Expense,Education,9494,NO,NO,CARD,Hyderabad
T1756,U022,2021-07-07,Expense,Food,4047,NO,NO,CARD,Unknown
T9339,U078,2022-04-06,Expense,Rent,2467,NO,NO,UPI,Ahmedabad
T11501,U125,2024-11-14,Expense,Salary,2949,NO,NO,BANK TRANSFER,Delhi
T11521,U067,2024-05-14,Income,Rent,32133,NO,NO,BANK TRANSFER,Bangalore
T7838,U122,2021-05-24,Expense,Education,4687,NO,NO,CASH,Mumbai
T1045,U122,2021-08-06,Expense,Salary,7424,NO,NO,UNKNOWN,Hyderabad
T4594,U047,2024-01-03,Expense,Rent,6129,NO,NO,CASH,Pune
T11477,U003,2021-06-09,Expense,Food,313,NO,NO,CASH,Hyderabad
T4626,U138,2022-11-17,Expense,Utilities,19997,NO,NO,CASH,Mumbai
T7625,U108,2023-04-28,Expense,Entertainment,7209,NO,NO,UPI,Bangalore
T8550,U028,2022-11-02,Income,Utilities,73222,NO,NO,CARD,Mumbai
T12778,U124,2024-10-08,Expense,Investment,7239,NO,NO,CARD,Delhi
T3085,U105,2023-10-01,Expense,Freelance,698,NO,NO,BANK TRANSFER,Unknown
T12889,U106,2021-05-23,Expense,Investment,7077,NO,NO,CARD,Bangalore
T13822,U122,2023-07-02,Expense,Entertainment,452,NO,NO,CASH,Unknown
T4667,U069,2021-07-21,Expense,Rent,4367,NO,NO,UPI,Jaipur
T13168,U139,2022-07-21,Expense,Food,45118,NO,NO,CASH,Bangalore
T4746,U128,2024-01-10,Expense,Utilities,9407,NO,NO,BANK TRANSFER,Kolkata
T7425,U115,2021-12-20,Expense,Food,0,NO,NO,UNKNOWN,Ahmedabad
T5403,U042,2021-03-16,Expense,Rent,5516,NO,NO,UPI,Kolkata
T8671,U029,2021-11-07,Expense,Food,11641,NO,NO,CARD,Delhi
T10486,U081,2023-01-20,Expense,Food,6188,NO,NO,CARD,Delhi
T7416,U125,2021-01-01,Income,Health,61361,NO,NO,CARD,Jaipur
T5035,U045,2022-01-20,Expense,Entertainment,2688,NO,NO,UNKNOWN,Kolkata
T9011,U117,2021-07-21,Expense,Rent,8144,NO,NO,UPI,Ahmedabad
T5705,U036,2021-05-08,Expense,Food,8092,NO,NO,CASH,Ahmedabad
T12289,U056,2024-10-01,Expense,Travel,1869,NO,NO,CARD,Kolkata
T10801,U138,2024-03-27,Expense,Education,2035,NO,NO,CARD,Jaipur
T5951,U068,2021-08-17,Income,Entertainment,19998,NO,NO,BANK TRANSFER,Hyderabad
T6370,U036,2022-05-29,Expense,Rent,4571,NO,NO,CARD,Mumbai
T6559,U004,2021-02-14,Expense,Food,3180,NO,NO,CASH,Delhi
T12560,U122,2024-10-22,Expense,Rent,999999999,NO,YES,UNKNOWN,Ahmedabad
T2839,U140,2023-01-24,Expense,Travel,7635,NO,NO,CARD,Unknown
T7161,U038,2023-10-14,Expense,Rent,8015,NO,NO,CARD,Kolkata
T0348,U050,2021-12-18,Expense,Education,4180,NO,NO,CARD,Delhi
T11311,U113,2024-05-17,Expense,Utilities,4416,NO,NO,CARD,Bangalore
T3545,U131,2023-09-22,Expense,Travel,8927,NO,NO,CASH,Unknown
T5650,U023,2023-02-05,Expense,Bonus,7851,NO,NO,UPI,Ahmedabad
T7424,U098,2022-07-26,Expense,Rent,2061,NO,NO,CASH,Chennai
T9372,U009,2021-10-20,Expense,Rent,1734,NO,NO,CARD,Bangalore
T13726,U128,2023-05-28,Expense,Rent,9730,NO,NO,CASH,Lucknow
T7687,U029,2024-04-13,Expense,Food,6632,NO,NO,CARD,Mumbai
T11918,U116,2024-10-23,Expense,Others,9874,NO,NO,BANK TRANSFER,Bangalore
T1818,U064,2022-06-26,Expense,Entertainment,2143,NO,NO,BANK TRANSFER,Unknown
T6527,U101,2024-05-11,Expense,Utilities,1708,NO,NO,CASH,Chennai
T11959,U085,2024-04-20,Expense,Entertainment,6683,NO,NO,UPI,Unknown
T2317,U106,2022-05-30,Income,Utilities,58697,NO,NO,UPI,Ahmedabad
T2856,U025,2023-02-08,Expense,Food,4766,NO,NO,BANK TRANSFER,Bangalore
T4356,U021,2024-12-20,Expense,Utilities,8285,NO,NO,CARD,Ahmedabad
T2051,U020,2024-11-05,Income,Entertainment,14617,NO,NO,BANK TRANSFER,Pune
T4210,U116,2023-10-29,Expense,Travel,2548,NO,NO,UPI,Chennai
T6001,U074,2021-06-23,Income,Food,75088,NO,NO,UPI,Kolkata
T11779,U076,2023-01-17,Expense,Health,12924,NO,NO,BANK TRANSFER,Ahmedabad
T6079,U083,2024-11-30,Expense,Entertainment,0,NO,NO,CARD,Kolkata
T8406,U144,2021-10-22,Income,Food,66829,NO,NO,BANK TRANSFER,Bangalore
T12030,U103,2021-09-17,Expense,Rent,252,NO,NO,CARD,Pune
T0589,U134,2022-07-06,Expense,Entertainment,6030,NO,NO,CARD,Pune
T3158,U011,2022-04-21,Expense,Travel,0,NO,NO,BANK TRANSFER,Ahmedabad
T10659,U019,2024-10-21,Expense,Rent,562,NO,NO,UPI,Delhi
T8678,U077,2021-04-21,Income,Travel,560681,NO,YES,UPI,Chennai
T9473,U002,2024-03-26,Expense,Others,7688,NO,NO,UPI,Unknown
T7671,U141,2021-08-03,Expense,Salary,2671,NO,NO,BANK TRANSFER,Mumbai
T7176,U071,2023-06-01,Expense,Food,7787,NO,NO,UPI,Unknown
T2819,U131,2021-07-19,Expense,Health,3056,NO,NO,CARD,Bangalore
T3136,U117,2023-10-30,Expense,Bonus,1506,NO,NO,CASH,Jaipur
T13798,U048,2023-01-01,Expense,Others,6272,NO,NO,CASH,Ahmedabad
T6920,U073,2021-03-16,Expense,Education,16229,NO,NO,UPI,Ahmedabad
T4751,U013,2022-03-29,Income,Travel,694720,NO,YES,BANK TRANSFER,Jaipur
T12490,U017,2023-09-05,Expense,Others,3706,NO,NO,BANK TRANSFER,Jaipur
T13493,U019,2022-12-01,Expense,Utilities,2714,NO,NO,UNKNOWN,Unknown
T10922,U082,2022-12-01,Expense,Food,4497,NO,NO,CASH,Delhi
T0885,U143,2023-11-29,Expense,Bonus,6068,NO,NO,CARD,Unknown
T4901,U084,2024-05-31,Expense,Travel,3018,NO,NO,BANK TRANSFER,Bangalore
T8038,U013,2021-08-20,Expense,Travel,1343,NO,NO,UPI,Chennai
T10555,U142,2022-01-18,Income,Food,35784,NO,NO,CASH,Jaipur
T8272,U023,2023-10-29,Expense,Rent,5887,NO,NO,CASH,Unknown
T2421,U077,2023-07-24,Expense,Utilities,1705,NO,NO,BANK TRANSFER,Unknown
T4216,U063,2022-05-04,Expense,Rent,329,NO,NO,CASH,Hyderabad
T13809,U095,2022-09-01,Expense,Utilities,2729,NO,NO,CASH,Chennai
T4543,U043,2021-02-20,Expense,Entertainment,8670,NO,NO,UPI,Jaipur
T12214,U035,2022-04-09,Expense,Food,46872,NO,NO,BANK TRANSFER,Chennai
T12852,U135,2024-06-12,Expense,Travel,999999999,NO,YES,UPI,Chennai
T7835,U081,2021-10-17,Income,Utilities,44435,NO,NO,UPI,Hyderabad
T4510,U027,2022-01-26,Expense,Food,8427,NO,NO,BANK TRANSFER,Pune
T2117,U086,2023-06-23,Expense,Rent,6076,NO,NO,CARD,Delhi
T3133,U024,2024-07-17,Expense,Rent,9567,NO,NO,BANK TRANSFER,Pune
T11854,U005,2023-09-07,Income,Utilities,59292,NO,NO,UPI,Kolkata
T10781,U146,2022-03-01,Expense,Others,2659,NO,NO,UPI,Pune
T11738,U096,2022-10-03,Expense,Food,4217,NO,NO,CARD,Chennai
T3038,U134,2022-03-07,Expense,Travel,9267,NO,NO,CASH,Bangalore
T6229,U135,2022-05-18,Expense,Food,3459,NO,NO,CARD,Kolkata
T1071,U011,2023-07-11,Expense,Travel,4512,NO,NO,BANK TRANSFER,Chennai
T11195,U054,2021-05-15,Expense,Others,5085,NO,NO,CASH,Kolkata
T1644,U070,2024-10-09,Expense,Food,2983,NO,NO,UPI,Pune
T13755,U047,2024-04-02,Expense,Food,8668,NO,NO,CARD,Ahmedabad
T0655,U036,2023-12-07,Expense,Entertainment,5640,NO,NO,BANK TRANSFER,Unknown
T0460,U096,2021-10-03,Expense,Health,3582,NO,NO,CARD,Pune
T6948,U033,2024-11-04,Expense,Health,7614,NO,NO,BANK TRANSFER,Hyderabad
T9996,U061,2022-02-26,Income,Education,65055,NO,NO,CASH,Jaipur
T12796,U068,2023-02-19,Expense,Investment,6339,NO,NO,UPI,Kolkata
T4669,U001,2021-08-27,Expense,Travel,0,NO,NO,UPI,Jaipur
T2379,U083,2023-05-02,Expense,Entertainment,3999,NO,NO,BANK TRANSFER,Jaipur
T2781,U122,2023-07-22,Expense,Entertainment,9447,NO,NO,BANK TRANSFER,Kolkata
T1564,U050,2021-02-22,Expense,Salary,2667,NO,NO,UPI,Unknown
T11777,U124,2021-06-19,Expense,Salary,9814,NO,NO,CARD,Ahmedabad
T10713,U148,2021-03-30,Expense,Rent,1333,NO,NO,UPI,Bangalore
T8533,U072,2021-03-09,Expense,Rent,3582,NO,NO,UPI,Mumbai
T3765,U108,2022-11-08,Expense,Utilities,8116,NO,NO,CARD,Unknown
T11235,U150,2022-09-22,Expense,Salary,18870,NO,NO,UPI,Kolkata
T5403,U042,2021-03-16,Expense,Food,5516,NO,NO,UPI,Kolkata
T12988,U146,2024-01-03,Expense,Education,10241,NO,NO,CARD,Lucknow
T8356,U007,2023-06-08,Income,Rent,63888,NO,NO,CASH,Unknown
T5949,U025,2021-04-13,Income,Rent,65298,NO,NO,BANK TRANSFER,Ahmedabad
T1487,U150,2023-03-01,Expense,Rent,1248,NO,NO,BANK TRANSFER,Pune
T11302,U121,2024-03-05,Expense,Travel,9427,NO,NO,CARD,Lucknow
T4397,U067,2021-06-27,Expense,Entertainment,5335,NO,NO,UNKNOWN,Pune
T8529,U057,2021-02-22,Expense,Rent,9377,NO,NO,CASH,Lucknow
T6545,U051,2021-07-05,Expense,Rent,4734,NO,NO,UNKNOWN,Bangalore
T0768,U071,2022-05-08,Expense,Food,5892,NO,NO,UPI,Pune
T8875,U130,2023-11-13,Expense,Utilities,45115,NO,NO,UPI,Mumbai
T13194,U017,2022-09-20,Expense,Freelance,5391,NO,NO,UNKNOWN,Jaipur
T10178,U067,2023-09-08,Expense,Food,999999999,NO,YES,BANK TRANSFER,Ahmedabad
T0693,U100,2024-12-18,Expense,Rent,3945,NO,NO,CARD,Chennai
T3348,U098,2021-05-18,Expense,Rent,-1000,YES,NO,CARD,Delhi
T10433,U146,2022-08-05,Expense,Food,1097,NO,NO,CARD,Delhi
T13367,U071,2022-12-26,Expense,Food,7780,NO,NO,BANK TRANSFER,Unknown
T1595,U123,2023-05-15,Expense,Travel,3405,NO,NO,CARD,Ahmedabad
T13049,U133,2024-11-10,Expense,Food,9973,NO,NO,UPI,Ahmedabad
T1038,U069,2021-06-03,Expense,Food,8343,NO,NO,CARD,Hyderabad
T5229,U036,2021-07-27,Income,Rent,29722,NO,NO,CASH,Delhi
T0950,U104,2024-01-23,Expense,Utilities,4218,NO,NO,UPI,Chennai
T11102,U006,2024-05-12,Expense,Education,7495,NO,NO,CARD,Mumbai
T7004,U067,2024-12-28,Expense,Food,9302,NO,NO,CASH,Kolkata
T11578,U040,2024-06-22,Expense,Bonus,999999,NO,YES,UPI,Unknown
T9867,U149,2024-12-29,Expense,Rent,6986,NO,NO,CARD,Lucknow
T10683,U144,2024-12-12,Expense,Health,4274,NO,NO,CASH,Chennai
T0575,U068,2021-03-08,Expense,Education,9063,NO,NO,CASH,Lucknow
T0963,U114,2021-10-06,Expense,Entertainment,7579,NO,NO,BANK TRANSFER,Bangalore
T6959,U056,2021-08-25,Expense,Others,3559,NO,NO,UPI,Unknown
T2620,U037,2024-06-02,Expense,Others,6648,NO,NO,BANK TRANSFER,Unknown
T5199,U062,2022-07-11,Expense,Rent,3787,NO,NO,BANK TRANSFER,Jaipur
T3794,U099,2024-11-26,Expense,Utilities,3384,NO,NO,BANK TRANSFER,Bangalore
T10134,U128,2022-06-21,Income,Food,59549,NO,NO,UPI,Ahmedabad
T1887,U061,2024-01-21,Expense,Rent,3891,NO,NO,CARD,Lucknow
T9998,U114,2022-04-17,Income,Investment,65607,NO,NO,CASH,Lucknow
T9199,U031,2021-07-27,Expense,Rent,3895,NO,NO,BANK TRANSFER,Pune
T13314,U103,2021-07-02,Expense,Education,7787,NO,NO,BANK TRANSFER,Lucknow
T3809,U041,2021-06-25,Expense,Travel,1327,NO,NO,CASH,Pune
T10249,U117,2021-06-19,Expense,Rent,2087,NO,NO,UPI,Mumbai
T12431,U036,2024-03-23,Expense,Others,54,NO,NO,UPI,Delhi
T3598,U093,2022-11-25,Expense,Entertainment,12909,NO,NO,CARD,Delhi
T9444,U035,2023-07-25,Expense,Utilities,7809,NO,NO,CASH,Ahmedabad
T1346,U093,2021-03-07,Expense,Utilities,234,NO,NO,CARD,Unknown
T5430,U030,2024-07-20,Expense,Utilities,2507,NO,NO,CARD,Mumbai
T9831,U051,2022-05-17,Expense,Food,45403,NO,NO,CARD,Kolkata
T10306,U034,2021-08-02,Expense,Food,3085,NO,NO,CARD,Mumbai
T2893,U048,2022-01-01,Income,Travel,38469,NO,NO,UPI,Lucknow
T8811,U068,2022-04-03,Expense,Health,1648,NO,NO,BANK TRANSFER,Lucknow
T0012,U049,2021-10-15,Expense,Travel,9116,NO,NO,CASH,Chennai
T10603,U024,2022-10-04,Expense,Rent,262,NO,NO,CARD,Delhi
T10701,U137,2024-12-04,Expense,Food,13141,NO,NO,BANK TRANSFER,Pune
T5303,U023,2024-03-11,Expense,Travel,7796,NO,NO,CASH,Ahmedabad
T2210,U042,2024-01-20,Expense,Food,9920,NO,NO,UPI,Lucknow
T3857,U088,2024-09-06,Expense,Salary,1162,NO,NO,UPI,Lucknow
T11316,U085,2022-07-09,Expense,Utilities,8403,NO,NO,UPI,Bangalore
T1721,U056,2021-09-18,Expense,Food,2487,NO,NO,CARD,Jaipur
T4899,U141,2021-04-24,Expense,Utilities,7760,NO,NO,CARD,Delhi
T8510,U052,2024-08-11,Expense,Entertainment,1151,NO,NO,CARD,Ahmedabad
T0601,U124,2023-09-29,Expense,Travel,6801,NO,NO,UPI,Ahmedabad
T3734,U022,2024-01-11,Expense,Food,479,NO,NO,CASH,Kolkata
T13857,U004,2024-11-04,Expense,Health,4648,NO,NO,CASH,Delhi
T11136,U150,2023-12-07,Expense,Entertainment,5821,NO,NO,UPI,Chennai
T11807,U010,2023-11-18,Expense,Travel,24749,NO,NO,BANK TRANSFER,Chennai
T1314,U135,2024-08-15,Expense,Food,4276,NO,NO,BANK TRANSFER,Lucknow
T1002,U003,2022-12-18,Expense,Rent,3946,NO,NO,UPI,Kolkata
T13078,U004,2024-07-02,Income,Utilities,37025,NO,NO,BANK TRANSFER,Jaipur
T9602,U071,2022-09-05,Expense,Rent,5097,NO,NO,CASH,Mumbai
T13178,U003,2023-12-16,Expense,Education,24451,NO,NO,BANK TRANSFER,Hyderabad
T10685,U062,2022-01-20,Expense,Entertainment,3135,NO,NO,CASH,Mumbai
T5841,U052,2023-08-07,Expense,Rent,9637,NO,NO,BANK TRANSFER,Pune
T5778,U061,2023-08-22,Expense,Entertainment,6634,NO,NO,CARD,Pune
T9893,U052,2022-10-05,Expense,Entertainment,6501,NO,NO,UPI,Ahmedabad
T0345,U005,2022-10-01,Expense,Others,999999,NO,YES,CARD,Chennai
T9485,U140,2023-08-08,Expense,Utilities,6201,NO,NO,UPI,Hyderabad
T5212,U125,2024-02-11,Expense,Travel,4970,NO,NO,CARD,Mumbai
T9530,U144,2024-08-07,Income,Food,21638,NO,NO,CASH,Jaipur
T10102,U144,2022-07-13,Expense,Education,34920,NO,NO,UPI,Mumbai
T8113,U083,2023-02-05,Expense,Food,1568,NO,NO,CARD,Mumbai
T3272,U104,2022-07-15,Income,Entertainment,66223,NO,NO,CARD,Kolkata
T3801,U052,2024-01-16,Expense,Rent,8847,NO,NO,CASH,Kolkata
T12641,U035,2024-08-26,Expense,Utilities,1714,NO,NO,CARD,Bangalore
T1892,U019,2023-10-07,Expense,Rent,9151,NO,NO,CARD,Mumbai
T11867,U124,2023-03-03,Expense,Food,9124,NO,NO,CASH,Unknown
T4753,U093,2023-09-24,Expense,Education,3614,NO,NO,BANK TRANSFER,Chennai
T7714,U082,2023-08-17,Expense,Travel,6628,NO,NO,CARD,Lucknow
T11615,U025,2024-03-01,Income,Rent,35327,NO,NO,CASH,Mumbai
T4291,U117,2023-12-07,Income,Education,78228,NO,NO,BANK TRANSFER,Jaipur
T9263,U004,2022-06-30,Income,Investment,76282,NO,NO,UPI,Mumbai
T3123,U131,2023-04-03,Expense,Travel,4558,NO,NO,BANK TRANSFER,Pune
T12595,U105,2024-12-20,Expense,Investment,34928,NO,NO,CARD,Pune
T3632,U104,2024-08-27,Expense,Investment,1358,NO,NO,CASH,Kolkata
T3117,U124,2022-03-06,Expense,Food,8176,NO,NO,UPI,Bangalore
T8110,U065,2024-04-23,Expense,Entertainment,9509,NO,NO,CARD,Mumbai
T0501,U105,2022-08-27,Expense,Food,4682,NO,NO,CASH,Kolkata
T0006,U036,2021-06-07,Income,Rent,18326,NO,NO,BANK TRANSFER,Jaipur
T11260,U130,2021-05-23,Expense,Food,8312,NO,NO,CASH,Ahmedabad
T5388,U052,2024-03-05,Expense,Food,2831,NO,NO,CASH,Delhi
T2442,U087,2021-04-10,Expense,Health,3160,NO,NO,CASH,Hyderabad
T12572,U031,2022-12-27,Expense,Others,3661,NO,NO,CARD,Pune
T9129,U084,2022-03-06,Expense,Uncategorised,9706,NO,NO,UNKNOWN,Lucknow
T1214,U004,2024-08-05,Expense,Food,7251,NO,NO,UPI,Delhi
T10562,U124,2021-01-17,Expense,Education,252,NO,NO,CARD,Kolkata
T2514,U116,2023-06-19,Expense,Travel,9487,NO,NO,CARD,Unknown
T3508,U018,2023-07-26,Expense,Rent,3541,NO,NO,BANK TRANSFER,Jaipur
T12931,U103,2021-10-04,Expense,Others,0,NO,NO,CASH,Pune
T10351,U135,2024-10-13,Expense,Savings,1410,NO,NO,BANK TRANSFER,Hyderabad
T2445,U145,2024-11-25,Expense,Food,481,NO,NO,UPI,Hyderabad
T9538,U043,2022-04-30,Expense,Food,3077,NO,NO,UNKNOWN,Ahmedabad
T7177,U132,2023-08-12,Expense,Travel,8348,NO,NO,BANK TRANSFER,Mumbai
T7366,U038,2024-10-29,Expense,Rent,6201,NO,NO,BANK TRANSFER,Kolkata
T7947,U058,2024-02-02,Expense,Investment,2033,NO,NO,BANK TRANSFER,Chennai
T3953,U119,2022-03-15,Expense,Travel,8505,NO,NO,UPI,Ahmedabad
T12482,U138,2022-04-12,Income,Travel,14029,NO,NO,CASH,Ahmedabad
T12804,U032,2023-11-01,Expense,Travel,6653,NO,NO,UNKNOWN,Mumbai
T3449,U013,2023-10-25,Expense,Food,367,NO,NO,CASH,Mumbai
T7784,U061,2022-03-20,Expense,Rent,4283,NO,NO,BANK TRANSFER,Lucknow
T1484,U072,2021-05-08,Expense,Food,7950,NO,NO,BANK TRANSFER,Hyderabad
T9427,U150,2021-10-31,Income,Food,63302,NO,NO,BANK TRANSFER,Pune
T3909,U146,2022-08-10,Expense,Others,4455,NO,NO,CARD,Pune
T3395,U107,2024-07-29,Expense,Others,7306,NO,NO,UPI,Hyderabad
T10493,U066,2024-09-27,Expense,Rent,2854,NO,NO,CASH,Lucknow
T12999,U048,2023-12-26,Expense,Rent,3482,NO,NO,UPI,Bangalore
T3991,U018,2022-12-31,Expense,Travel,9622,NO,NO,BANK TRANSFER,Jaipur
T1865,U004,2024-08-10,Expense,Food,1173,NO,NO,UPI,Hyderabad
T12795,U003,2023-08-12,Expense,Education,987,NO,NO,UPI,Hyderabad
T2790,U008,2024-09-24,Expense,Food,4674,NO,NO,CARD,Ahmedabad
T8014,U071,2022-03-16,Expense,Rent,2271,NO,NO,BANK TRANSFER,Ahmedabad
T13656,U107,2024-10-20,Expense,Rent,2370,NO,NO,UPI,Mumbai
T3477,U039,2024-09-08,Expense,Food,9925,NO,NO,CARD,Jaipur
T11915,U050,2021-01-17,Expense,Uncategorised,6896,NO,NO,CASH,Mumbai
T7738,U068,2022-04-11,Expense,Utilities,1423,NO,NO,UNKNOWN,Lucknow
T8508,U022,2024-06-27,Expense,Others,30535,NO,NO,CARD,Hyderabad
T7473,U024,2021-10-07,Expense,Health,5250,NO,NO,CASH,Kolkata
T3281,U111,2023-08-27,Expense,Food,1434,NO,NO,CASH,Mumbai
T7404,U117,2022-11-06,Expense,Travel,1283,NO,NO,UPI,Hyderabad
T5997,U083,2023-12-11,Expense,Rent,7416,NO,NO,CARD,Chennai
T5335,U032,2023-06-07,Income,Salary,20644,NO,NO,CARD,Jaipur
T13631,U150,2022-01-28,Income,Food,41388,NO,NO,UPI,Lucknow
T7519,U083,2021-03-09,Expense,Rent,1373,NO,NO,CARD,Mumbai
T3761,U104,2023-04-09,Expense,Uncategorised,344,NO,NO,UNKNOWN,Jaipur
T6727,U137,2024-08-01,Income,Rent,22768,NO,NO,CARD,Delhi
T4904,U016,2021-06-11,Expense,Travel,1483,NO,NO,BANK TRANSFER,Chennai
T5550,U052,2023-03-28,Expense,Travel,9047,NO,NO,CASH,Chennai
T1592,U021,2023-10-20,Expense,Food,3064,NO,NO,BANK TRANSFER,Jaipur
T13544,U111,2022-11-07,Income,Utilities,52828,NO,NO,CARD,Ahmedabad
T4249,U105,2023-06-08,Expense,Education,2922,NO,NO,CARD,Ahmedabad
T3433,U048,2021-02-23,Expense,Rent,161,NO,NO,UNKNOWN,Mumbai
T6104,U082,2024-02-08,Income,Utilities,22126,NO,NO,UNKNOWN,Mumbai
T0052,U021,2023-02-23,Expense,Rent,4261,NO,NO,BANK TRANSFER,Bangalore
T13909,U019,2023-02-08,Expense,Food,8159,NO,NO,UNKNOWN,Mumbai
T6505,U062,2024-01-03,Expense,Rent,3479,NO,NO,CASH,Bangalore
T9176,U106,2021-07-10,Expense,Food,0,NO,NO,UNKNOWN,Chennai
T10282,U148,2024-02-19,Expense,Utilities,7670,NO,NO,CASH,Jaipur
T5484,U034,2023-08-12,Expense,Food,9463,NO,NO,CASH,Jaipur
T10580,U099,2022-05-22,Expense,Utilities,7402,NO,NO,CASH,Mumbai
T11231,U101,2022-06-23,Expense,Utilities,6155,NO,NO,CARD,Kolkata
T3229,U126,2022-07-22,Expense,Savings,1759,NO,NO,CASH,Kolkata
T8746,U012,2022-12-09,Expense,Entertainment,6309,NO,NO,BANK TRANSFER,Kolkata
T13567,U014,2024-12-27,Expense,Food,4619,NO,NO,UPI,Unknown
T0734,U085,2024-11-07,Expense,Utilities,6445,NO,NO,BANK TRANSFER,Chennai
T3555,U039,2024-06-22,Expense,Rent,8228,NO,NO,CASH,Hyderabad
T6877,U076,2021-04-14,Expense,Uncategorised,6209,NO,NO,UPI,Hyderabad
T8876,U078,2022-06-24,Expense,Entertainment,7585,NO,NO,UPI,Hyderabad
T4644,U132,2022-05-28,Expense,Food,6576,NO,NO,CARD,Chennai
T9633,U086,2024-07-13,Expense,Rent,635,NO,NO,UPI,Unknown
T0877,U109,2022-01-09,Expense,Rent,6376,NO,NO,CARD,Chennai
T3530,U082,2021-07-06,Expense,Food,4426,NO,NO,BANK TRANSFER,Delhi
T7062,U135,2021-06-06,Expense,Rent,5032,NO,NO,UPI,Mumbai
T9747,U055,2024-03-18,Income,Rent,41541,NO,NO,UPI,Kolkata
T7383,U119,2022-07-02,Expense,Bonus,7027,NO,NO,CARD,Bangalore
T2850,U104,2022-02-23,Expense,Education,9649,NO,NO,UPI,Kolkata
T4028,U124,2022-07-21,Expense,Utilities,9444,NO,NO,UNKNOWN,Unknown
T6528,U132,2022-05-03,Expense,Utilities,7887,NO,NO,BANK TRANSFER,Bangalore
T13950,U005,2023-04-30,Expense,Food,5863,NO,NO,CASH,Kolkata
T3078,U060,2023-03-01,Expense,Entertainment,0,NO,NO,BANK TRANSFER,Kolkata
T2713,U044,2024-01-24,Income,Entertainment,51168,NO,NO,UPI,Kolkata
T5898,U048,2023-07-02,Expense,Entertainment,8786,NO,NO,CARD,Ahmedabad
T4295,U149,2021-05-05,Expense,Entertainment,163,NO,NO,CARD,Kolkata
T0853,U072,2023-10-12,Expense,Entertainment,7456,NO,NO,BANK TRANSFER,Hyderabad
T2867,U016,2022-08-29,Expense,Food,5734,NO,NO,CASH,Lucknow
T7772,U109,2022-09-01,Income,Health,45981,NO,NO,UPI,Kolkata
T5786,U149,2023-10-07,Income,Savings,43818,NO,NO,BANK TRANSFER,Delhi
T9833,U094,2023-01-31,Income,Rent,76454,NO,NO,CARD,Jaipur
T7766,U073,2023-09-19,Expense,Rent,7387,NO,NO,UPI,Delhi
T1886,U063,2024-08-24,Expense,Food,5408,NO,NO,UPI,Jaipur
T6956,U091,2022-12-27,Expense,Entertainment,630,NO,NO,CASH,Pune
T6365,U114,2021-01-08,Income,Rent,0,NO,NO,CASH,Delhi
T11245,U068,2021-02-03,Expense,Utilities,371,NO,NO,CARD,Pune
T10994,U096,2021-10-27,Expense,Rent,4824,NO,NO,CARD,Mumbai
T1931,U149,2023-01-18,Expense,Education,7327,NO,NO,UPI,Delhi
T12439,U120,2022-03-24,Expense,Travel,8331,NO,NO,CARD,Jaipur
T2318,U127,2023-01-12,Expense,Travel,6882,NO,NO,CARD,Jaipur
T3603,U013,2021-08-10,Expense,Entertainment,9835,NO,NO,CARD,Chennai
T8504,U148,2023-11-24,Expense,Rent,3326,NO,NO,CARD,Ahmedabad
T0739,U002,2021-06-15,Expense,Health,2594,NO,NO,UPI,Jaipur
T8200,U022,2021-03-19,Expense,Travel,20584,NO,NO,CASH,Lucknow
T11549,U045,2023-01-14,Expense,Food,945,NO,NO,CASH,Jaipur
T10610,U127,2023-04-19,Expense,Investment,5984,NO,NO,CARD,Bangalore
T13934,U054,2023-08-05,Income,Travel,62296,NO,NO,UPI,Hyderabad
T1668,U078,2023-12-04,Expense,Education,-500,YES,NO,CASH,Hyderabad
T2417,U011,2024-11-08,Expense,Travel,2728,NO,NO,UPI,Mumbai
T7852,U088,2023-01-31,Expense,Education,2016,NO,NO,UPI,Chennai
T13769,U059,2024-11-01,Expense,Bonus,4428,NO,NO,CARD,Hyderabad
T7094,U146,2023-08-23,Expense,Education,4322,NO,NO,CASH,Jaipur
T10976,U092,2022-01-27,Expense,Food,3876,NO,NO,BANK TRANSFER,Lucknow
T9505,U113,2023-12-15,Expense,Savings,9886,NO,NO,CARD,Jaipur
T11822,U040,2022-02-24,Expense,Salary,6126,NO,NO,CARD,Pune
T10099,U060,2021-05-14,Expense,Education,5216,NO,NO,CARD,Lucknow
T8341,U046,2022-09-17,Expense,Misc,4644,NO,NO,CARD,Mumbai
T6637,U147,2022-08-25,Expense,Rent,-1000,YES,NO,CARD,Kolkata
T11936,U022,2022-11-26,Expense,Others,1424,NO,NO,CARD,Lucknow
T5669,U109,2024-07-27,Income,Entertainment,76157,NO,NO,CARD,Hyderabad
T6094,U149,2021-07-12,Expense,Travel,5906,NO,NO,CARD,Chennai
T3485,U050,2021-04-08,Expense,Food,898,NO,NO,CASH,Bangalore
T2311,U025,2022-04-24,Expense,Education,9248,NO,NO,CARD,Jaipur
T9907,U010,2024-07-08,Expense,Travel,2869,NO,NO,CASH,Kolkata
T0326,U112,2024-04-26,Income,Entertainment,593515,NO,YES,BANK TRANSFER,Delhi
T3007,U057,2021-01-20,Income,Utilities,33910,NO,NO,CARD,Unknown
T2081,U033,2022-10-13,Expense,Uncategorised,17003,NO,NO,CARD,Jaipur
T13742,U022,2022-10-01,Expense,Entertainment,8898,NO,NO,CARD,Hyderabad
T7707,U025,2024-06-15,Expense,Rent,3925,NO,NO,UPI,Kolkata
T8629,U036,2021-04-18,Expense,Salary,8256,NO,NO,CARD,Delhi
T10196,U027,2024-05-14,Income,Rent,61285,NO,NO,CARD,Delhi
T10823,U117,2022-03-08,Expense,Rent,8344,NO,NO,CASH,Delhi
T2214,U055,2021-12-21,Expense,Rent,2176,NO,NO,BANK TRANSFER,Delhi
T1115,U035,2023-03-21,Expense,Food,6398,NO,NO,BANK TRANSFER,Ahmedabad
T4654,U123,2021-10-30,Expense,Food,5527,NO,NO,UPI,Unknown
T3004,U037,2021-01-16,Income,Rent,36201,NO,NO,CASH,Hyderabad
T2301,U038,2024-09-20,Expense,Rent,5026,NO,NO,BANK TRANSFER,Unknown
T2114,U030,2022-10-02,Expense,Rent,3520,NO,NO,CARD,Pune
T8686,U059,2022-03-25,Expense,Food,4985,NO,NO,CASH,Jaipur
T6604,U036,2024-02-07,Expense,Entertainment,2581,NO,NO,CARD,Ahmedabad
T0020,U018,2022-07-26,Expense,Food,552,NO,NO,UPI,Pune
T8565,U108,2024-02-25,Expense,Others,4433,NO,NO,UPI,Unknown
T3046,U050,2024-08-28,Expense,Food,-500,YES,NO,CARD,Mumbai
T13163,U105,2024-04-10,Expense,Food,7451,NO,NO,CASH,Ahmedabad
T13173,U040,2024-06-08,Expense,Utilities,4835,NO,NO,UPI,Unknown
T10204,U088,2024-08-04,Expense,Travel,5256,NO,NO,BANK TRANSFER,Ahmedabad
T9524,U117,2024-02-05,Expense,Education,9335,NO,NO,UPI,Ahmedabad
T5989,U110,2022-02-26,Expense,Education,6037,NO,NO,BANK TRANSFER,Jaipur
T8794,U112,2021-06-15,Expense,Others,999999999,NO,YES,CARD,Chennai
T3596,U006,2021-07-13,Income,Bonus,70160,NO,NO,BANK TRANSFER,Bangalore
T11066,U126,2023-06-17,Income,Freelance,57365,NO,NO,CASH,Ahmedabad
T0115,U098,2022-10-15,Expense,Rent,7858,NO,NO,CARD,Jaipur
T5250,U028,2023-11-28,Expense,Education,2685,NO,NO,UNKNOWN,Unknown
T12404,U027,2023-05-23,Expense,Entertainment,4805,NO,NO,CARD,Bangalore
T2952,U123,2021-12-21,Expense,Rent,1773,NO,NO,UPI,Bangalore
T7006,U145,2024-12-25,Expense,Rent,9255,NO,NO,CARD,Kolkata
T13075,U067,2021-02-03,Expense,Food,1238,NO,NO,CASH,Kolkata
T13450,U058,2022-05-05,Expense,Utilities,1346,NO,NO,BANK TRANSFER,Jaipur
T10630,U074,2023-12-02,Expense,Education,7532,NO,NO,CASH,Delhi
T13098,U074,2024-08-13,Expense,Entertainment,1434,NO,NO,UPI,Kolkata
T8378,U080,2022-11-15,Expense,Utilities,2193,NO,NO,CASH,Unknown
T4641,U029,2024-06-28,Expense,Education,6471,NO,NO,CASH,Pune
T8918,U106,2022-12-21,Income,Food,184818,NO,NO,UPI,Pune
T3807,U012,2023-07-14,Expense,Entertainment,9822,NO,NO,CARD,Kolkata
T0096,U028,2022-06-26,Expense,Food,9304,NO,NO,BANK TRANSFER,Lucknow
T13201,U025,2023-03-07,Expense,Travel,4600,NO,NO,BANK TRANSFER,Pune
T8190,U064,2023-06-25,Expense,Utilities,1248,NO,NO,CARD,Hyderabad
T5990,U128,2021-04-03,Expense,Food,3260,NO,NO,CARD,Jaipur
T5041,U003,2021-02-07,Expense,Rent,4439,NO,NO,UPI,Ahmedabad
T2074,U096,2022-03-02,Expense,Utilities,9689,NO,NO,CARD,Delhi
T2804,U011,2021-12-20,Expense,Travel,1608,NO,NO,UNKNOWN,Delhi
T10636,U095,2023-06-20,Expense,Rent,4135,NO,NO,CASH,Mumbai
T9028,U075,2022-08-12,Expense,Rent,2030,NO,NO,BANK TRANSFER,Ahmedabad
T3165,U087,2022-06-22,Expense,Uncategorised,6187,NO,NO,UPI,Delhi
T3036,U112,2022-11-02,Expense,Food,6883,NO,NO,BANK TRANSFER,Hyderabad
T7133,U136,2024-12-31,Expense,Travel,0,NO,NO,CARD,Lucknow
T2911,U130,2021-01-30,Expense,Food,4771,NO,NO,UNKNOWN,Chennai
T0367,U099,2024-12-05,Expense,Entertainment,0,NO,NO,UPI,Chennai
T0638,U021,2023-07-06,Expense,Food,8933,NO,NO,UPI,Pune
T10645,U078,2024-03-18,Expense,Education,19183,NO,NO,BANK TRANSFER,Bangalore
T11344,U079,2024-08-22,Expense,Freelance,239,NO,NO,UNKNOWN,Jaipur
T8795,U122,2024-08-25,Expense,Savings,8854,NO,NO,UPI,Jaipur
T2557,U075,2021-04-19,Expense,Rent,903,NO,NO,UPI,Lucknow
T6585,U076,2022-11-22,Expense,Entertainment,4676,NO,NO,BANK TRANSFER,Mumbai
T11353,U008,2021-01-14,Expense,Food,6388,NO,NO,BANK TRANSFER,Ahmedabad
T3660,U140,2024-10-17,Income,Health,25994,NO,NO,UPI,Jaipur
T7006,U145,2024-12-25,Expense,Health,9255,NO,NO,CARD,Kolkata
T11362,U037,2021-07-14,Income,Salary,41576,NO,NO,UPI,Mumbai
T12854,U029,2022-02-19,Income,Food,32948,NO,NO,UNKNOWN,Ahmedabad
T9648,U044,2021-09-25,Expense,Travel,4002,NO,NO,UNKNOWN,Jaipur
T6548,U005,2022-03-27,Expense,Food,8754,NO,NO,CARD,Kolkata
T0943,U034,2024-02-08,Expense,Investment,4193,NO,NO,UPI,Lucknow
T5568,U099,2021-10-16,Expense,Travel,716,NO,NO,CASH,Pune
T11749,U120,2024-06-01,Expense,Utilities,4321,NO,NO,UNKNOWN,Lucknow
T3251,U038,2021-08-13,Expense,Savings,3906,NO,NO,BANK TRANSFER,Delhi
T2091,U113,2024-04-01,Expense,Rent,8309,NO,NO,CASH,Chennai
T5290,U135,2021-04-17,Expense,Travel,7264,NO,NO,CARD,Delhi
T8125,U147,2023-06-16,Expense,Utilities,3607,NO,NO,BANK TRANSFER,Pune
T2213,U130,2023-05-15,Expense,Entertainment,4784,NO,NO,CASH,Jaipur
T5769,U098,2023-01-20,Expense,Rent,1657,NO,NO,CASH,Pune
T5242,U032,2021-08-04,Expense,Rent,9659,NO,NO,CARD,Ahmedabad
T11300,U129,2024-03-11,Expense,Travel,6025,NO,NO,UPI,Hyderabad
T3249,U010,2024-08-23,Income,Travel,57012,NO,NO,BANK TRANSFER,Kolkata
T9493,U029,2023-10-22,Expense,Entertainment,782,NO,NO,BANK TRANSFER,Ahmedabad
T13227,U007,2023-12-09,Expense,Education,7409,NO,NO,UPI,Mumbai
T0967,U068,2024-04-10,Expense,Rent,5031,NO,NO,CASH,Chennai
T11354,U149,2023-01-13,Expense,Utilities,3257,NO,NO,UPI,Hyderabad
T9083,U066,2023-03-21,Expense,Education,8901,NO,NO,UNKNOWN,Hyderabad
T2392,U048,2023-09-11,Income,Savings,64214,NO,NO,UPI,Pune
T2506,U013,2022-12-31,Expense,Salary,8023,NO,NO,CARD,Hyderabad
T10410,U028,2022-10-21,Expense,Investment,3541,NO,NO,BANK TRANSFER,Pune
T1943,U131,2023-05-01,Expense,Food,1426,NO,NO,UPI,Pune
T0423,U108,2022-02-06,Expense,Travel,6096,NO,NO,CASH,Jaipur
T7430,U056,2023-10-10,Expense,Rent,41043,NO,NO,CASH,Delhi
T6045,U062,2024-05-18,Expense,Education,3341,NO,NO,BANK TRANSFER,Bangalore
T13907,U091,2024-11-28,Expense,Food,2460,NO,NO,UPI,Unknown
T6462,U074,2021-11-28,Expense,Education,162,NO,NO,CARD,Unknown
T10210,U022,2021-06-15,Expense,Food,8244,NO,NO,UPI,Pune
T1557,U037,2022-05-28,Income,Rent,0,NO,NO,UPI,Mumbai
T11562,U137,2021-02-15,Expense,Travel,37834,NO,NO,CARD,Hyderabad
T13588,U131,2021-09-25,Expense,Utilities,1370,NO,NO,CARD,Delhi
T4848,U006,2023-01-12,Expense,Rent,7548,NO,NO,CARD,Pune
T7065,U131,2022-04-30,Expense,Food,2707,NO,NO,UPI,Pune
T1467,U108,2023-07-14,Expense,Rent,5675,NO,NO,CASH,Ahmedabad
T0749,U088,2024-07-04,Expense,Food,4749,NO,NO,BANK TRANSFER,Delhi
T5909,U062,2021-03-28,Expense,Utilities,3859,NO,NO,UPI,Lucknow
T2971,U138,2021-01-01,Expense,Travel,1575,NO,NO,BANK TRANSFER,Lucknow
T7018,U040,2022-03-31,Expense,Travel,4530,NO,NO,CASH,Delhi
T13418,U146,2022-04-20,Expense,Entertainment,6139,NO,NO,CARD,Lucknow
T11046,U130,2023-08-11,Expense,Salary,3367,NO,NO,CASH,Chennai
T0074,U039,2024-04-08,Income,Food,21104,NO,NO,UPI,Jaipur
T12213,U067,2021-05-04,Expense,Freelance,2733,NO,NO,BANK TRANSFER,Chennai
T8626,U100,2022-01-13,Expense,Education,3255,NO,NO,UPI,Jaipur
T7735,U067,2021-10-30,Expense,Travel,3445,NO,NO,UPI,Ahmedabad
T13882,U148,2021-08-21,Expense,Food,4137,NO,NO,BANK TRANSFER,Mumbai
T8915,U032,2022-09-03,Expense,Entertainment,16079,NO,NO,CASH,Bangalore
T2500,U096,2022-12-18,Income,Food,50892,NO,NO,UPI,Kolkata
T6289,U067,2023-01-30,Expense,Rent,1103,NO,NO,CARD,Bangalore
T7575,U005,2023-03-12,Expense,Rent,8164,NO,NO,CASH,Ahmedabad
T8213,U146,2022-04-11,Expense,Rent,5891,NO,NO,BANK TRANSFER,Kolkata
T11079,U091,2022-03-25,Expense,Rent,2787,NO,NO,CARD,Chennai
T1772,U142,2024-09-18,Expense,Health,2495,NO,NO,CARD,Chennai
T10815,U120,2024-01-06,Expense,Food,4964,NO,NO,UPI,Lucknow
T4528,U095,2023-06-23,Expense,Entertainment,1056,NO,NO,UPI,Delhi
T7188,U013,2024-03-01,Expense,Uncategorised,341,NO,NO,UPI,Unknown
T1842,U110,2021-07-07,Expense,Travel,5294,NO,NO,CARD,Delhi
T12586,U038,2023-04-15,Expense,Travel,1382,NO,NO,BANK TRANSFER,Jaipur
T12609,U003,2024-05-28,Expense,Education,8439,NO,NO,CARD,Ahmedabad
T0268,U022,2021-04-11,Expense,Food,2236,NO,NO,BANK TRANSFER,Lucknow
T5623,U058,2023-12-20,Expense,Education,3401,NO,NO,UNKNOWN,Pune
T3690,U036,2023-10-26,Expense,Food,3255,NO,NO,UNKNOWN,Hyderabad
T1585,U059,2023-05-18,Expense,Others,3157,NO,NO,CASH,Ahmedabad
T8985,U122,2022-03-27,Expense,Investment,7222,NO,NO,BANK TRANSFER,Mumbai
T0641,U128,2024-11-29,Expense,Education,693,NO,NO,CARD,Kolkata
T12811,U011,2023-07-30,Expense,Utilities,9009,NO,NO,CASH,Chennai
T4274,U074,2022-08-26,Expense,Utilities,9818,NO,NO,BANK TRANSFER,Chennai
T1918,U124,2024-06-25,Expense,Travel,1948,NO,NO,CASH,Lucknow
T5688,U077,2021-06-08,Expense,Rent,7217,NO,NO,CARD,Pune
T9291,U130,2022-11-19,Expense,Utilities,6196,NO,NO,BANK TRANSFER,Jaipur
T6114,U127,2021-09-06,Expense,Entertainment,2951,NO,NO,UPI,Delhi
T5364,U004,2022-10-03,Expense,Education,5540,NO,NO,CASH,Hyderabad
T9103,U079,2024-01-20,Expense,Food,399,NO,NO,UPI,Unknown
T11304,U072,2022-06-03,Expense,Travel,0,NO,NO,UPI,Delhi
T12658,U125,2021-11-16,Expense,Travel,9015,NO,NO,CARD,Kolkata
T12557,U010,2023-03-02,Expense,Entertainment,6980,NO,NO,CASH,Lucknow
T0001,U007,2022-05-17,Expense,Food,32651,NO,NO,CASH,Jaipur
T8815,U050,2023-11-29,Expense,Food,8003,NO,NO,CASH,Ahmedabad
T0829,U032,2023-12-20,Expense,Food,7860,NO,NO,BANK TRANSFER,Delhi
T3420,U057,2022-11-02,Expense,Entertainment,12011,NO,NO,CASH,Jaipur
T5314,U018,2022-11-03,Income,Others,363983,NO,NO,UPI,Jaipur
T1149,U052,2021-07-04,Expense,Food,3468,NO,NO,CASH,Lucknow
T12351,U150,2021-10-15,Expense,Food,6569,NO,NO,UPI,Jaipur
T4583,U060,2024-12-05,Expense,Food,8524,NO,NO,CASH,Delhi
T7289,U069,2023-06-22,Expense,Travel,4767,NO,NO,CASH,Chennai
T7110,U003,2024-03-20,Expense,Utilities,2157,NO,NO,CARD,Jaipur
T4629,U019,2022-12-30,Expense,Entertainment,5279,NO,NO,CARD,Chennai
T4668,U041,2023-07-04,Expense,Others,3989,NO,NO,CASH,Delhi
T4337,U126,2021-01-10,Expense,Rent,1131,NO,NO,BANK TRANSFER,Chennai
T11934,U019,2024-02-27,Expense,Food,4453,NO,NO,CASH,Hyderabad
T3000,U027,2024-08-26,Expense,Savings,0,NO,NO,BANK TRANSFER,Ahmedabad
T1473,U009,2024-08-30,Expense,Entertainment,4062,NO,NO,CARD,Mumbai
T10318,U029,2021-03-11,Expense,Food,0,NO,NO,UPI,Lucknow
T8030,U136,2021-02-14,Expense,Others,5806,NO,NO,CARD,Bangalore
T6174,U045,2024-09-14,Expense,Rent,3834,NO,NO,CARD,Unknown
T0734,U050,2023-10-30,Expense,Entertainment,1723,NO,NO,BANK TRANSFER,Bangalore
T12588,U001,2024-11-01,Expense,Travel,1809,NO,NO,CASH,Bangalore
T13133,U051,2021-08-05,Expense,Travel,-500,YES,NO,CARD,Unknown
T8318,U036,2023-02-18,Expense,Rent,10604,NO,NO,CASH,Kolkata
T1946,U130,2023-04-17,Expense,Bonus,2754,NO,NO,BANK TRANSFER,Bangalore
T6482,U031,2024-06-27,Expense,Health,7486,NO,NO,CARD,Chennai
T11681,U031,2023-02-23,Expense,Rent,3065,NO,NO,CARD,Bangalore
T8499,U072,2021-07-18,Expense,Education,8202,NO,NO,CARD,Delhi
T6739,U126,2021-11-29,Expense,Utilities,7607,NO,NO,UPI,Delhi
T5144,U061,2024-08-01,Expense,Travel,1197,NO,NO,CASH,Chennai
T12286,U014,2022-01-08,Expense,Entertainment,333,NO,NO,CARD,Kolkata
T1191,U144,2021-11-30,Expense,Entertainment,6707,NO,NO,CARD,Unknown
T0216,U078,2022-07-31,Expense,Bonus,8840,NO,NO,UPI,Hyderabad
T13894,U042,2024-07-30,Expense,Utilities,3878,NO,NO,CASH,Pune
T8023,U150,2023-03-08,Income,Health,33062,NO,NO,CASH,Bangalore
T4163,U038,2021-11-05,Expense,Utilities,2766,NO,NO,BANK TRANSFER,Jaipur
T5162,U008,2021-03-06,Expense,Food,9029,NO,NO,CASH,Lucknow
T2327,U030,2022-10-18,Expense,Education,3754,NO,NO,CASH,Pune
T5654,U039,2021-03-29,Expense,Rent,1492,NO,NO,UPI,Bangalore
T4507,U128,2021-10-25,Income,Education,11032,NO,NO,CARD,Delhi
T11595,U140,2024-01-12,Expense,Travel,7019,NO,NO,UNKNOWN,Chennai
T1787,U038,2024-05-13,Expense,Utilities,883,NO,NO,CASH,Bangalore
T13476,U119,2021-06-04,Expense,Travel,7639,NO,NO,BANK TRANSFER,Unknown
T2094,U130,2023-07-14,Income,Education,22327,NO,NO,UNKNOWN,Pune
T8928,U027,2023-02-05,Expense,Misc,8286,NO,NO,BANK TRANSFER,Unknown
T1839,U007,2023-11-18,Expense,Utilities,8039,NO,NO,CASH,Delhi
T10741,U018,2022-10-13,Expense,Food,22033,NO,NO,CARD,Unknown
T7174,U137,2022-03-26,Income,Salary,38967,NO,NO,BANK TRANSFER,Ahmedabad
T13695,U039,2022-11-22,Expense,Investment,2506,NO,NO,BANK TRANSFER,Lucknow
T9790,U049,2022-03-13,Expense,Others,7104,NO,NO,UPI,Ahmedabad
T13572,U073,2024-01-19,Expense,Utilities,4364,NO,NO,BANK TRANSFER,Chennai
T5080,U111,2021-02-26,Expense,Rent,3002,NO,NO,CASH,Lucknow
T10627,U139,2024-01-19,Expense,Others,8082,NO,NO,BANK TRANSFER,Lucknow
T11008,U109,2024-05-03,Expense,Bonus,6963,NO,NO,CASH,Kolkata
T10381,U140,2023-06-26,Expense,Rent,9685,NO,NO,UNKNOWN,Unknown
T11128,U124,2023-02-18,Expense,Entertainment,9392,NO,NO,UPI,Ahmedabad
T9012,U142,2022-03-08,Expense,Travel,2764,NO,NO,CARD,Ahmedabad
T13086,U039,2021-01-22,Expense,Travel,2163,NO,NO,CASH,Kolkata
T4625,U131,2024-07-15,Expense,Entertainment,-500,YES,NO,UPI,Mumbai
T7229,U101,2021-01-09,Income,Travel,15931,NO,NO,BANK TRANSFER,Chennai
T0116,U143,2023-03-07,Expense,Rent,1614,NO,NO,BANK TRANSFER,Delhi
T5458,U013,2023-05-26,Expense,Health,13530,NO,NO,CARD,Bangalore
T3547,U150,2022-04-15,Expense,Freelance,7047,NO,NO,CASH,Hyderabad
T8424,U056,2024-06-01,Expense,Utilities,4313,NO,NO,UNKNOWN,Delhi
T4887,U117,2023-08-20,Expense,Investment,4577,NO,NO,CASH,Jaipur
T8872,U032,2021-07-31,Expense,Rent,36727,NO,NO,CARD,Delhi
T6494,U138,2023-05-22,Expense,Others,999999999,NO,YES,UPI,Kolkata
T4570,U094,2021-01-30,Expense,Travel,5009,NO,NO,CARD,Hyderabad
T3378,U001,2021-01-07,Expense,Rent,4178,NO,NO,CARD,Kolkata
T5465,U042,2021-03-03,Expense,Food,2717,NO,NO,UPI,Lucknow
T13300,U072,2022-10-20,Expense,Entertainment,1819,NO,NO,CASH,Lucknow
T6394,U062,2022-09-22,Expense,Utilities,5393,NO,NO,CASH,Ahmedabad
T10080,U076,2022-05-26,Expense,Food,3993,NO,NO,UNKNOWN,Mumbai
T2412,U040,2022-05-07,Expense,Food,273,NO,NO,CARD,Bangalore
T12513,U095,2024-01-07,Expense,Food,999999,NO,YES,CASH,Hyderabad
T13320,U016,2024-07-25,Expense,Others,6408,NO,NO,CARD,Lucknow
T4415,U101,2024-06-05,Expense,Food,1554,NO,NO,CASH,Lucknow
T6155,U086,2021-04-28,Expense,Health,6434,NO,NO,CARD,Lucknow
T12147,U102,2023-09-15,Income,Travel,32223,NO,NO,CASH,Jaipur
T13998,U101,2021-12-02,Income,Travel,22047,NO,NO,CARD,Bangalore
T3584,U095,2021-06-30,Income,Rent,45625,NO,NO,BANK TRANSFER,Chennai
T10417,U096,2021-02-19,Expense,Travel,38346,NO,NO,UPI,Lucknow
T6736,U055,2023-07-14,Expense,Entertainment,9945,NO,NO,UNKNOWN,Delhi
T5138,U074,2021-07-30,Expense,Salary,4406,NO,NO,BANK TRANSFER,Delhi
T3951,U126,2024-08-04,Expense,Bonus,45300,NO,NO,BANK TRANSFER,Chennai
T9721,U136,2022-07-18,Expense,Utilities,45429,NO,NO,CARD,Hyderabad
T6226,U017,2023-02-17,Expense,Food,4169,NO,NO,UPI,Pune
T13840,U067,2022-10-21,Expense,Education,2349,NO,NO,UPI,Hyderabad
T13659,U030,2022-04-13,Expense,Utilities,2772,NO,NO,CARD,Chennai
T10468,U023,2022-12-20,Expense,Rent,8005,NO,NO,CARD,Lucknow
T3345,U089,2022-05-30,Expense,Food,9329,NO,NO,CASH,Hyderabad
T5492,U068,2022-01-05,Expense,Rent,999999,NO,YES,CARD,Mumbai
T8996,U095,2024-02-26,Expense,Investment,524,NO,NO,CARD,Mumbai
T4146,U130,2021-07-06,Expense,Entertainment,8532,NO,NO,CARD,Ahmedabad
T5065,U039,2022-05-11,Expense,Rent,2470,NO,NO,CARD,Delhi
T5022,U094,2023-07-22,Expense,Uncategorised,3864,NO,NO,CASH,Jaipur
T12433,U064,2021-01-02,Expense,Rent,677,NO,NO,UPI,Unknown
T0872,U010,2023-01-16,Expense,Food,5470,NO,NO,CARD,Jaipur
T13150,U009,2023-06-09,Expense,Food,145,NO,NO,BANK TRANSFER,Pune
T11555,U074,2024-03-25,Expense,Rent,6242,NO,NO,UPI,Unknown
T0318,U055,2024-04-29,Expense,Education,6160,NO,NO,CASH,Lucknow
T2197,U136,2021-11-24,Expense,Salary,0,NO,NO,CASH,Mumbai
T11241,U081,2022-12-29,Expense,Travel,48972,NO,NO,CARD,Kolkata
T4620,U115,2024-11-01,Income,Freelance,59813,NO,NO,BANK TRANSFER,Pune
T3954,U074,2021-01-13,Expense,Education,6815,NO,NO,CASH,Delhi
T10551,U028,2024-07-11,Expense,Entertainment,6515,NO,NO,BANK TRANSFER,Bangalore
T13504,U087,2021-02-24,Expense,Entertainment,1417,NO,NO,UPI,Pune
T8964,U139,2023-05-26,Expense,Utilities,8529,NO,NO,CARD,Unknown
T8132,U070,2024-04-07,Expense,Food,4092,NO,NO,CARD,Chennai
T11355,U076,2021-12-29,Expense,Rent,8305,NO,NO,CASH,Pune
T12689,U010,2021-09-29,Income,Rent,329642,NO,NO,UPI,Kolkata
T12779,U041,2022-07-10,Expense,Education,1082,NO,NO,UPI,Bangalore
T4562,U006,2023-12-28,Expense,Utilities,9542,NO,NO,BANK TRANSFER,Kolkata
T9625,U150,2022-02-23,Expense,Rent,8851,NO,NO,CASH,Kolkata
T6372,U035,2022-06-17,Expense,Entertainment,8397,NO,NO,BANK TRANSFER,Delhi
T5257,U007,2024-03-09,Expense,Freelance,9276,NO,NO,CASH,Hyderabad
T6780,U132,2022-06-03,Expense,Rent,5612,NO,NO,BANK TRANSFER,Bangalore
T12614,U110,2021-06-21,Income,Salary,22733,NO,NO,CASH,Lucknow
T4880,U132,2021-08-17,Expense,Utilities,4326,NO,NO,CARD,Jaipur
T5466,U003,2024-07-14,Expense,Freelance,6903,NO,NO,CASH,Kolkata
T3201,U129,2022-08-11,Expense,Utilities,2533,NO,NO,UPI,Lucknow
T12392,U092,2021-01-25,Income,Utilities,45810,NO,NO,CASH,Kolkata
T13298,U051,2024-01-07,Expense,Food,887,NO,NO,CARD,Chennai
T13177,U006,2024-05-27,Expense,Travel,1531,NO,NO,CASH,Mumbai
T11304,U134,2022-06-01,Expense,Rent,5296,NO,NO,CARD,Hyderabad
T13820,U023,2022-09-08,Expense,Rent,8335,NO,NO,BANK TRANSFER,Jaipur
T4215,U127,2024-12-09,Expense,Entertainment,6457,NO,NO,CARD,Hyderabad
T4294,U110,2024-01-11,Expense,Health,2847,NO,NO,CASH,Lucknow
T8062,U085,2023-02-12,Expense,Travel,5822,NO,NO,UPI,Jaipur
T0976,U039,2023-11-21,Expense,Travel,43936,NO,NO,BANK TRANSFER,Kolkata
T3928,U037,2022-04-02,Expense,Rent,5238,NO,NO,CASH,Unknown
T6050,U003,2024-10-24,Expense,Utilities,3057,NO,NO,CASH,Delhi
T4440,U007,2024-01-22,Expense,Others,3307,NO,NO,CARD,Hyderabad
T1219,U114,2023-03-20,Expense,Bonus,6394,NO,NO,UPI,Jaipur
T13528,U081,2022-06-23,Expense,Rent,8144,NO,NO,UPI,Kolkata
T13613,U137,2022-10-14,Expense,Utilities,3999,NO,NO,BANK TRANSFER,Bangalore
T3322,U138,2022-02-03,Expense,Food,9886,NO,NO,CARD,Lucknow
T13527,U149,2022-10-05,Expense,Rent,6328,NO,NO,CASH,Mumbai
T9470,U003,2023-02-23,Expense,Food,2572,NO,NO,BANK TRANSFER,Delhi
T1357,U064,2024-06-13,Income,Travel,73413,NO,NO,CASH,Unknown
T11791,U093,2024-06-14,Income,Food,49776,NO,NO,UPI,Delhi
T1965,U004,2021-05-25,Expense,Health,4302,NO,NO,CARD,Kolkata
T13568,U127,2024-07-17,Expense,Entertainment,2050,NO,NO,CASH,Chennai
T10755,U066,2024-07-21,Expense,Education,35760,NO,NO,CASH,Jaipur
T3365,U083,2021-03-06,Expense,Utilities,2892,NO,NO,BANK TRANSFER,Mumbai
T13145,U032,2021-08-22,Expense,Food,8345,NO,NO,BANK TRANSFER,Delhi
T6093,U128,2022-11-25,Expense,Rent,3386,NO,NO,CASH,Kolkata
T6752,U150,2024-12-20,Expense,Rent,7573,NO,NO,UPI,Pune
T1116,U114,2023-01-01,Expense,Salary,28899,NO,NO,CASH,Unknown
T1466,U060,2024-07-16,Expense,Food,1989,NO,NO,BANK TRANSFER,Pune
T9010,U058,2024-08-25,Expense,Others,999999999,NO,YES,BANK TRANSFER,Mumbai
T0386,U119,2022-09-01,Expense,Rent,7554,NO,NO,UPI,Delhi
T6921,U017,2022-11-26,Expense,Education,634,NO,NO,CARD,Chennai
T10621,U100,2024-09-08,Expense,Travel,7372,NO,NO,UPI,Unknown
T4423,U092,2022-10-20,Expense,Bonus,6189,NO,NO,CARD,Delhi
T7709,U036,2024-06-14,Expense,Investment,1735,NO,NO,CARD,Pune
T13324,U113,2021-06-03,Expense,Travel,1320,NO,NO,CARD,Kolkata
T0628,U146,2021-09-24,Expense,Rent,2417,NO,NO,CASH,Bangalore
T11383,U143,2022-12-02,Expense,Travel,2116,NO,NO,UPI,Ahmedabad
T13230,U023,2024-09-26,Expense,Rent,8903,NO,NO,BANK TRANSFER,Bangalore
T4766,U070,2021-02-03,Income,Food,34257,NO,NO,UPI,Ahmedabad
T7430,U014,2021-03-16,Expense,Freelance,7082,NO,NO,BANK TRANSFER,Mumbai
T10229,U016,2023-05-02,Income,Savings,44732,NO,NO,UNKNOWN,Jaipur
T13512,U067,2022-05-03,Expense,Utilities,8315,NO,NO,BANK TRANSFER,Chennai
T1056,U010,2023-11-03,Expense,Education,2952,NO,NO,UNKNOWN,Pune
T3225,U003,2022-07-25,Expense,Utilities,4026,NO,NO,UPI,Pune
T0934,U143,2021-12-10,Expense,Travel,999999999,NO,YES,CASH,Jaipur
T1784,U026,2023-08-28,Expense,Rent,5081,NO,NO,CASH,Bangalore
T11225,U092,2022-03-09,Expense,Freelance,4005,NO,NO,CASH,Mumbai
T0888,U128,2021-08-24,Expense,Travel,2678,NO,NO,BANK TRANSFER,Bangalore
T1864,U047,2021-07-12,Expense,Food,5880,NO,NO,CARD,Chennai
T7478,U043,2023-04-04,Expense,Food,3501,NO,NO,BANK TRANSFER,Delhi
T3367,U086,2024-07-19,Expense,Food,20887,NO,NO,CARD,Hyderabad
T6765,U080,2024-11-23,Expense,Food,12152,NO,NO,CARD,Chennai
T2091,U113,2024-04-01,Expense,Travel,8309,NO,NO,CASH,Chennai
T12515,U102,2022-04-24,Expense,Others,0,NO,NO,UPI,Delhi
T9599,U141,2021-10-01,Expense,Utilities,4473,NO,NO,CASH,Pune
T2025,U103,2023-09-26,Expense,Food,0,NO,NO,UPI,Jaipur
T5463,U038,2024-04-16,Expense,Utilities,3690,NO,NO,UPI,Hyderabad
T13607,U135,2023-03-27,Expense,Food,1267,NO,NO,BANK TRANSFER,Hyderabad
T8283,U091,2024-09-15,Expense,Food,9394,NO,NO,UPI,Chennai
T7264,U098,2023-02-20,Expense,Rent,7861,NO,NO,UPI,Chennai
T3743,U024,2021-03-27,Expense,Travel,7829,NO,NO,UPI,Ahmedabad
T11502,U150,2022-12-03,Expense,Health,330,NO,NO,BANK TRANSFER,Hyderabad
T7806,U057,2022-10-16,Income,Salary,18053,NO,NO,BANK TRANSFER,Delhi
T3784,U101,2023-07-02,Expense,Education,5291,NO,NO,UPI,Delhi
T12259,U079,2024-03-05,Expense,Travel,4137,NO,NO,UNKNOWN,Pune
T0548,U088,2024-04-24,Expense,Rent,2623,NO,NO,UPI,Lucknow
T10991,U092,2021-02-17,Expense,Food,6534,NO,NO,BANK TRANSFER,Ahmedabad
T12931,U030,2023-10-06,Expense,Entertainment,19438,NO,NO,BANK TRANSFER,Lucknow
T8787,U127,2024-07-13,Expense,Education,-1000,YES,NO,UPI,Jaipur
T9040,U071,2024-08-27,Expense,Others,2278,NO,NO,UPI,Ahmedabad
T9211,U120,2023-09-29,Expense,Travel,9984,NO,NO,CARD,Mumbai
T0854,U024,2023-05-10,Expense,Health,9363,NO,NO,UPI,Jaipur
T4889,U027,2023-11-05,Expense,Utilities,9907,NO,NO,CARD,Delhi
T13076,U138,2021-07-31,Expense,Food,6997,NO,NO,UPI,Delhi
T3447,U149,2021-05-08,Expense,Freelance,5005,NO,NO,CASH,Jaipur
T11029,U005,2021-12-30,Expense,Food,8898,NO,NO,CARD,Jaipur
T10458,U020,2024-09-28,Expense,Education,4871,NO,NO,BANK TRANSFER,Kolkata
T13217,U099,2021-01-28,Expense,Entertainment,999999,NO,YES,UNKNOWN,Pune
T9039,U018,2023-05-22,Expense,Rent,-1000,YES,NO,BANK TRANSFER,Lucknow
T12367,U120,2024-08-07,Expense,Food,26728,NO,NO,UNKNOWN,Pune
T7230,U004,2024-06-21,Expense,Food,2987,NO,NO,CASH,Lucknow
T8598,U036,2022-04-05,Income,Travel,13526,NO,NO,CASH,Jaipur
T2561,U017,2024-05-25,Expense,Savings,8674,NO,NO,BANK TRANSFER,Mumbai
T11569,U116,2022-11-28,Expense,Rent,8384,NO,NO,CASH,Kolkata
T13271,U120,2024-08-15,Expense,Rent,4986,NO,NO,BANK TRANSFER,Bangalore
T8802,U111,2024-05-11,Expense,Freelance,798,NO,NO,BANK TRANSFER,Pune
T7588,U126,2021-09-27,Expense,Bonus,196,NO,NO,CASH,Bangalore
T12121,U116,2024-10-28,Expense,Travel,6781,NO,NO,UPI,Hyderabad
T3096,U071,2021-10-11,Expense,Travel,5603,NO,NO,CARD,Mumbai
T11031,U013,2021-09-04,Expense,Food,8440,NO,NO,CASH,Chennai
T9922,U042,2023-03-15,Expense,Others,6289,NO,NO,BANK TRANSFER,Ahmedabad
T1456,U069,2021-07-19,Expense,Freelance,0,NO,NO,UNKNOWN,Pune
T0061,U122,2023-01-12,Expense,Food,8643,NO,NO,UNKNOWN,Pune
T10277,U140,2021-10-24,Expense,Food,1720,NO,NO,CARD,Hyderabad
T4320,U021,2024-10-17,Expense,Travel,495,NO,NO,CARD,Bangalore
T3490,U083,2024-08-14,Income,Entertainment,10748,NO,NO,CASH,Mumbai
T5240,U102,2023-01-12,Expense,Health,38937,NO,NO,CASH,Chennai
T1952,U017,2021-07-12,Expense,Rent,9977,NO,NO,BANK TRANSFER,Pune
T4696,U014,2024-11-12,Expense,Food,707,NO,NO,UPI,Chennai
T7504,U039,2021-10-24,Expense,Food,4272,NO,NO,BANK TRANSFER,Mumbai
T10230,U084,2021-01-06,Expense,Salary,2672,NO,NO,CARD,Ahmedabad
T8087,U053,2023-05-07,Income,Travel,20358,NO,NO,CASH,Jaipur
T2794,U101,2024-07-08,Expense,Food,7389,NO,NO,CASH,Jaipur
T10233,U063,2022-07-03,Expense,Health,8528,NO,NO,CARD,Mumbai
T8265,U134,2021-05-27,Expense,Education,2171,NO,NO,UPI,Bangalore
T5058,U103,2024-03-07,Expense,Freelance,1820,NO,NO,BANK TRANSFER,Mumbai
T7054,U133,2023-02-08,Expense,Travel,925,NO,NO,CARD,Unknown
T10143,U099,2023-04-05,Expense,Freelance,2303,NO,NO,CASH,Bangalore
T7186,U105,2024-10-12,Expense,Food,8561,NO,NO,CARD,Chennai
T10605,U090,2022-02-12,Expense,Freelance,1840,NO,NO,UNKNOWN,Mumbai
T9126,U141,2022-12-11,Income,Food,13272,NO,NO,BANK TRANSFER,Hyderabad
T1601,U037,2023-02-15,Expense,Food,8015,NO,NO,CASH,Jaipur
T8059,U094,2022-12-14,Expense,Utilities,5301,NO,NO,CASH,Ahmedabad
T9424,U045,2021-10-04,Expense,Savings,7586,NO,NO,UPI,Unknown
T11428,U141,2021-06-28,Expense,Education,5832,NO,NO,BANK TRANSFER,Chennai
T4282,U056,2021-04-10,Expense,Travel,4796,NO,NO,CASH,Bangalore
T6728,U122,2022-11-15,Expense,Investment,7298,NO,NO,UPI,Chennai
T0839,U041,2024-05-27,Expense,Education,6952,NO,NO,UNKNOWN,Kolkata
T3759,U080,2024-06-07,Expense,Freelance,9703,NO,NO,UPI,Jaipur
T12266,U070,2021-04-29,Expense,Rent,8154,NO,NO,UPI,Jaipur
T5195,U135,2024-08-23,Expense,Food,5501,NO,NO,BANK TRANSFER,Pune
T7334,U054,2023-11-27,Expense,Food,6472,NO,NO,CARD,Chennai
T6399,U123,2022-10-22,Expense,Food,6576,NO,NO,UPI,Mumbai
T7997,U114,2024-04-08,Expense,Rent,7434,NO,NO,UPI,Ahmedabad
T6526,U043,2023-10-16,Expense,Bonus,7086,NO,NO,UNKNOWN,Mumbai
T6117,U033,2024-01-19,Expense,Food,609,NO,NO,CASH,Unknown
T1642,U105,2024-10-01,Income,Education,71916,NO,NO,CASH,Unknown
T8624,U061,2021-04-11,Income,Others,12564,NO,NO,CARD,Jaipur
T0931,U045,2022-05-06,Income,Education,57399,NO,NO,CARD,Jaipur
T5537,U077,2022-10-27,Expense,Food,8886,NO,NO,UPI,Kolkata
T12786,U134,2022-06-06,Expense,Uncategorised,45903,NO,NO,CARD,Hyderabad
T4926,U076,2022-07-08,Income,Utilities,17353,NO,NO,UPI,Jaipur
T8449,U015,2022-09-15,Income,Rent,34198,NO,NO,CASH,Kolkata
T1719,U126,2023-09-17,Expense,Others,4999,NO,NO,BANK TRANSFER,Chennai
T5197,U088,2024-06-20,Expense,Education,6035,NO,NO,BANK TRANSFER,Chennai
T0735,U143,2023-06-29,Expense,Others,7527,NO,NO,CASH,Unknown
T0296,U124,2022-11-29,Expense,Bonus,5706,NO,NO,CASH,Delhi
T7431,U149,2021-02-12,Expense,Investment,5529,NO,NO,CARD,Pune
T13546,U026,2024-09-16,Expense,Utilities,46044,NO,NO,CARD,Bangalore
T12706,U096,2023-10-04,Expense,Food,580,NO,NO,CARD,Pune
T9558,U014,2022-10-03,Income,Bonus,28374,NO,NO,BANK TRANSFER,Kolkata
T1080,U080,2024-07-23,Expense,Rent,9242,NO,NO,BANK TRANSFER,Hyderabad
T9861,U080,2024-01-18,Income,Food,16746,NO,NO,CASH,Hyderabad
T7022,U145,2021-11-23,Expense,Travel,16937,NO,NO,UNKNOWN,Ahmedabad
T13212,U141,2023-07-07,Income,Utilities,60623,NO,NO,BANK TRANSFER,Delhi
T6989,U068,2024-09-14,Expense,Travel,6108,NO,NO,CARD,Bangalore
T13117,U100,2023-04-09,Expense,Utilities,-500,YES,NO,BANK TRANSFER,Kolkata
T1932,U107,2023-04-27,Expense,Others,2852,NO,NO,UPI,Mumbai
T7388,U131,2024-06-04,Expense,Rent,8063,NO,NO,UNKNOWN,Chennai
T10107,U024,2024-07-05,Expense,Rent,2968,NO,NO,UPI,Ahmedabad
T3104,U064,2023-01-03,Expense,Utilities,192,NO,NO,UPI,Bangalore
T13761,U149,2021-09-21,Expense,Rent,2243,NO,NO,CARD,Bangalore
T2957,U094,2024-01-29,Expense,Others,5665,NO,NO,CASH,Hyderabad
T7525,U029,2022-12-12,Income,Food,70992,NO,NO,CARD,Kolkata
T6180,U119,2024-08-23,Expense,Freelance,7719,NO,NO,CASH,Lucknow
T12562,U097,2021-11-28,Expense,Food,4122,NO,NO,BANK TRANSFER,Ahmedabad
T2871,U139,2023-02-08,Expense,Food,8651,NO,NO,UPI,Pune
T1800,U140,2023-11-23,Expense,Entertainment,9442,NO,NO,BANK TRANSFER,Delhi
T2328,U062,2024-06-08,Expense,Bonus,460,NO,NO,CASH,Chennai
T3515,U120,2024-10-28,Expense,Entertainment,26706,NO,NO,CASH,Jaipur
T11424,U109,2021-09-08,Expense,Food,7875,NO,NO,UNKNOWN,Unknown
T10848,U048,2024-04-04,Expense,Entertainment,3483,NO,NO,CARD,Jaipur
T12241,U105,2024-12-29,Income,Education,67688,NO,NO,CARD,Mumbai
T5632,U147,2022-02-05,Income,Health,39184,NO,NO,CARD,Jaipur
T11824,U068,2022-05-17,Income,Health,75740,NO,NO,CASH,Mumbai
T5572,U107,2021-06-27,Expense,Rent,3655,NO,NO,CARD,Mumbai
T6616,U121,2021-09-11,Expense,Food,1979,NO,NO,CARD,Chennai
T9580,U059,2024-06-06,Expense,Freelance,8924,NO,NO,CASH,Lucknow
T6670,U078,2022-08-14,Expense,Health,1660,NO,NO,CASH,Chennai
T13686,U057,2022-06-14,Expense,Investment,2890,NO,NO,CASH,Bangalore
T11240,U079,2024-01-14,Expense,Food,125,NO,NO,BANK TRANSFER,Chennai
T4394,U112,2023-05-10,Expense,Food,47711,NO,NO,UPI,Bangalore
T4764,U018,2023-05-30,Income,Freelance,75684,NO,NO,UPI,Unknown
T10502,U146,2021-02-10,Expense,Others,2382,NO,NO,UPI,Pune
T10297,U062,2024-12-16,Expense,Utilities,23848,NO,NO,CASH,Delhi
T13182,U101,2024-12-18,Expense,Food,-1000,YES,NO,CARD,Unknown
T12831,U115,2023-09-17,Expense,Uncategorised,4542,NO,NO,CASH,Kolkata
T7395,U079,2024-06-26,Expense,Rent,4789,NO,NO,CASH,Mumbai
T1376,U055,2024-11-13,Expense,Rent,1415,NO,NO,CASH,Unknown
T13626,U103,2023-03-15,Expense,Rent,1837,NO,NO,BANK TRANSFER,Pune
T13799,U146,2024-08-27,Expense,Food,2147,NO,NO,CASH,Delhi
T13388,U001,2023-05-04,Expense,Health,8434,NO,NO,UPI,Kolkata
T3733,U022,2024-01-21,Income,Rent,35167,NO,NO,CASH,Ahmedabad
T10661,U072,2022-01-01,Expense,Entertainment,4651,NO,NO,UPI,Bangalore
T0620,U006,2024-02-19,Income,Health,46187,NO,NO,CASH,Bangalore
T8168,U108,2023-08-12,Expense,Uncategorised,8036,NO,NO,CASH,Bangalore
T11254,U048,2023-10-18,Expense,Savings,2333,NO,NO,CARD,Unknown
T2495,U066,2023-06-03,Expense,Bonus,719,NO,NO,CARD,Bangalore
T5399,U097,2021-05-26,Expense,Food,9172,NO,NO,UPI,Mumbai
T12094,U120,2022-10-30,Expense,Health,0,NO,NO,CARD,Unknown
T1347,U126,2024-04-23,Expense,Others,6872,NO,NO,UPI,Bangalore
T3383,U107,2022-04-22,Expense,Food,7088,NO,NO,CASH,Bangalore
T8098,U135,2023-03-10,Expense,Travel,6474,NO,NO,UPI,Delhi
T7984,U056,2021-08-06,Expense,Rent,7921,NO,NO,CASH,Kolkata
T12547,U035,2022-06-10,Expense,Health,13222,NO,NO,UPI,Jaipur
T9086,U054,2022-05-16,Expense,Travel,8313,NO,NO,CASH,Kolkata
T8034,U124,2021-03-11,Income,Food,56879,NO,NO,BANK TRANSFER,Mumbai
T4268,U046,2022-12-16,Expense,Rent,14365,NO,NO,CASH,Bangalore
T3568,U146,2021-10-07,Income,Rent,23833,NO,NO,CARD,Ahmedabad
T2302,U033,2023-03-31,Expense,Education,3510,NO,NO,UPI,Chennai
T0572,U083,2023-07-10,Income,Food,47498,NO,NO,BANK TRANSFER,Chennai
T6594,U031,2023-09-23,Expense,Entertainment,1257,NO,NO,UNKNOWN,Kolkata
T11564,U121,2022-03-22,Expense,Food,4167,NO,NO,CASH,Pune
T5131,U143,2022-09-11,Expense,Rent,3476,NO,NO,BANK TRANSFER,Jaipur
T1659,U014,2021-07-06,Expense,Utilities,6328,NO,NO,CARD,Ahmedabad
T10146,U095,2024-09-06,Expense,Utilities,5393,NO,NO,UPI,Chennai
T7830,U131,2021-07-08,Expense,Rent,7752,NO,NO,CASH,Kolkata
T0173,U141,2021-11-11,Expense,Food,521,NO,NO,BANK TRANSFER,Pune
T7980,U079,2022-01-28,Expense,Bonus,865,NO,NO,UPI,Jaipur
T13870,U107,2022-09-07,Expense,Food,9451,NO,NO,BANK TRANSFER,Ahmedabad
T5933,U044,2021-12-16,Expense,Travel,4392,NO,NO,BANK TRANSFER,Kolkata
T8167,U011,2022-12-24,Expense,Entertainment,9496,NO,NO,UPI,Ahmedabad
T0039,U145,2021-06-24,Expense,Entertainment,3797,NO,NO,UPI,Lucknow
T10009,U140,2023-01-16,Income,Travel,16478,NO,NO,CASH,Jaipur
T10617,U030,2024-12-02,Income,Education,50145,NO,NO,BANK TRANSFER,Lucknow
T8936,U112,2021-01-08,Expense,Food,9707,NO,NO,BANK TRANSFER,Jaipur
T1286,U037,2021-10-07,Expense,Food,9141,NO,NO,UPI,Pune
T13125,U138,2021-08-16,Expense,Food,0,NO,NO,BANK TRANSFER,Kolkata
T0276,U143,2021-08-31,Expense,Bonus,32134,NO,NO,UPI,Delhi
T12366,U059,2022-12-09,Expense,Health,57,NO,NO,CASH,Jaipur
T10096,U128,2024-09-04,Expense,Rent,5052,NO,NO,CASH,Mumbai
T0829,U095,2024-11-22,Expense,Rent,1162,NO,NO,CASH,Lucknow
T3256,U109,2022-04-15,Expense,Food,7615,NO,NO,CASH,Pune
T1868,U148,2021-09-19,Expense,Education,5764,NO,NO,UPI,Lucknow
T0960,U096,2021-02-12,Expense,Education,231,NO,NO,CASH,Pune
T10454,U141,2024-03-11,Expense,Entertainment,7111,NO,NO,UPI,Delhi
T12218,U050,2023-08-26,Expense,Entertainment,6975,NO,NO,BANK TRANSFER,Ahmedabad
T3938,U135,2023-03-14,Expense,Freelance,8735,NO,NO,CASH,Pune
T9331,U091,2022-11-07,Expense,Food,7836,NO,NO,CARD,Lucknow
T4649,U139,2023-12-06,Income,Rent,21681,NO,NO,CARD,Bangalore
T8488,U061,2024-12-21,Expense,Food,600,NO,NO,BANK TRANSFER,Bangalore
T6625,U127,2022-11-25,Income,Rent,31302,NO,NO,CARD,Bangalore
T6148,U099,2024-05-22,Expense,Travel,13455,NO,NO,BANK TRANSFER,Delhi
T12186,U011,2021-08-26,Expense,Others,8223,NO,NO,BANK TRANSFER,Lucknow
T7974,U117,2022-11-14,Expense,Food,2056,NO,NO,UNKNOWN,Ahmedabad
T4089,U139,2021-05-27,Income,Food,73940,NO,NO,UPI,Pune
T9765,U051,2023-08-03,Income,Investment,254385,NO,NO,CASH,Unknown
T6520,U097,2023-02-06,Expense,Rent,2091,NO,NO,CARD,Jaipur
T10536,U016,2022-08-29,Expense,Education,4372,NO,NO,CARD,Delhi
T4844,U129,2023-07-10,Expense,Others,569,NO,NO,UPI,Chennai
T13887,U115,2023-02-20,Expense,Salary,44237,NO,NO,CASH,Hyderabad
T0567,U075,2021-07-24,Expense,Utilities,1858,NO,NO,UPI,Pune
T9376,U094,2024-09-05,Income,Health,29154,NO,NO,BANK TRANSFER,Mumbai
T4530,U051,2023-02-15,Expense,Investment,8097,NO,NO,UPI,Unknown
T6190,U077,2021-02-16,Expense,Entertainment,3661,NO,NO,UPI,Hyderabad
T9293,U131,2024-07-24,Expense,Bonus,637,NO,NO,CARD,Unknown
T9817,U132,2023-11-02,Expense,Food,1462,NO,NO,UPI,Chennai
T2636,U114,2022-04-09,Expense,Freelance,7616,NO,NO,BANK TRANSFER,Kolkata
T3014,U145,2022-09-11,Expense,Savings,39858,NO,NO,CASH,Kolkata
T9501,U035,2022-04-17,Income,Utilities,60093,NO,NO,CARD,Bangalore
T13778,U097,2024-07-26,Expense,Food,9220,NO,NO,CASH,Unknown
T6116,U051,2022-11-13,Expense,Rent,1033,NO,NO,UPI,Hyderabad
T1778,U040,2024-07-09,Expense,Travel,5124,NO,NO,CASH,Mumbai
T6390,U078,2023-08-31,Expense,Investment,407,NO,NO,BANK TRANSFER,Bangalore
T0670,U026,2022-09-27,Expense,Food,1483,NO,NO,CASH,Hyderabad
T4928,U020,2022-10-14,Expense,Food,9237,NO,NO,UPI,Lucknow
T1812,U120,2021-02-06,Expense,Investment,5774,NO,NO,CARD,Mumbai
T9177,U090,2022-04-20,Expense,Education,8978,NO,NO,BANK TRANSFER,Unknown
T0327,U022,2021-01-26,Expense,Rent,-1000,YES,NO,CASH,Bangalore
T6882,U063,2022-07-31,Expense,Entertainment,2895,NO,NO,UNKNOWN,Lucknow
T3321,U148,2024-11-26,Expense,Rent,4730,NO,NO,BANK TRANSFER,Lucknow
T5275,U085,2023-01-09,Expense,Health,1517,NO,NO,CARD,Lucknow
T3799,U087,2023-10-30,Expense,Utilities,3523,NO,NO,CARD,Unknown
T3874,U110,2022-08-07,Expense,Others,6991,NO,NO,BANK TRANSFER,Unknown
T0860,U016,2023-10-14,Expense,Education,353,NO,NO,CASH,Hyderabad
T7101,U058,2023-07-22,Income,Entertainment,33863,NO,NO,CASH,Hyderabad
T6971,U138,2022-04-26,Expense,Food,1520,NO,NO,CASH,Jaipur
T4014,U111,2021-01-23,Expense,Food,8652,NO,NO,UPI,Pune
T1011,U072,2024-08-04,Expense,Travel,8083,NO,NO,CARD,Hyderabad
T5664,U109,2024-08-27,Expense,Travel,18005,NO,NO,BANK TRANSFER,Jaipur
T3469,U110,2021-07-21,Expense,Food,1425,NO,NO,UPI,Chennai
T1519,U149,2024-06-14,Expense,Investment,8065,NO,NO,UPI,Chennai
T4270,U045,2024-03-26,Expense,Others,2761,NO,NO,CASH,Jaipur
T0973,U004,2023-01-22,Income,Investment,70359,NO,NO,CASH,Pune
T8462,U097,2023-08-24,Expense,Freelance,5700,NO,NO,BANK TRANSFER,Hyderabad
T6843,U021,2023-04-16,Expense,Food,7396,NO,NO,UPI,Unknown
T3963,U007,2024-09-25,Expense,Food,3271,NO,NO,BANK TRANSFER,Pune
T7137,U122,2023-09-26,Expense,Travel,4622,NO,NO,CARD,Jaipur
T0009,U122,2021-12-05,Income,Freelance,36365,NO,NO,UPI,Ahmedabad
T8757,U091,2024-04-01,Expense,Investment,8009,NO,NO,BANK TRANSFER,Hyderabad
T6926,U139,2021-05-11,Expense,Food,1455,NO,NO,CARD,Lucknow
T0400,U022,2022-11-17,Expense,Bonus,4751,NO,NO,UPI,Unknown
T9309,U133,2021-12-05,Expense,Entertainment,2103,NO,NO,CASH,Jaipur
T9432,U081,2023-12-08,Expense,Uncategorised,33795,NO,NO,CASH,Kolkata
T2801,U100,2023-10-16,Expense,Entertainment,5587,NO,NO,CARD,Unknown
T9207,U135,2022-05-09,Expense,Travel,1315,NO,NO,UPI,Hyderabad
T11323,U141,2021-01-25,Expense,Utilities,58,NO,NO,CARD,Pune
T10110,U051,2023-04-19,Expense,Rent,1734,NO,NO,CASH,Delhi
T6963,U034,2023-11-07,Expense,Education,9495,NO,NO,CARD,Ahmedabad
T8764,U117,2022-10-30,Expense,Rent,5851,NO,NO,UPI,Kolkata
T5135,U026,2022-05-24,Expense,Food,23796,NO,NO,BANK TRANSFER,Pune
T8416,U130,2024-06-13,Income,Entertainment,14969,NO,NO,BANK TRANSFER,Lucknow
T6502,U126,2022-02-14,Income,Uncategorised,48704,NO,NO,UPI,Pune
T8280,U071,2021-01-07,Expense,Food,8272,NO,NO,CASH,Lucknow
T1931,U136,2022-05-27,Expense,Travel,3363,NO,NO,CASH,Delhi
T5133,U024,2021-03-05,Expense,Utilities,1616,NO,NO,CASH,Kolkata
T12488,U031,2024-01-12,Income,Travel,16900,NO,NO,CASH,Kolkata
T1575,U068,2024-11-23,Income,Others,71050,NO,NO,UPI,Lucknow
T2486,U020,2023-12-01,Expense,Entertainment,0,NO,NO,UPI,Lucknow
T1968,U004,2021-12-07,Expense,Rent,9760,NO,NO,CARD,Ahmedabad
T4716,U129,2023-01-20,Expense,Salary,1037,NO,NO,CARD,Mumbai
T4705,U051,2024-01-11,Expense,Food,8688,NO,NO,UPI,Delhi
T7604,U079,2021-05-23,Expense,Food,9800,NO,NO,UPI,Ahmedabad
T7042,U117,2023-08-06,Expense,Travel,2055,NO,NO,UPI,Jaipur
T2798,U093,2024-02-24,Expense,Others,8996,NO,NO,CARD,Delhi
T1736,U094,2022-01-19,Expense,Rent,3105,NO,NO,BANK TRANSFER,Jaipur
T4429,U067,2021-09-29,Expense,Rent,328,NO,NO,CARD,Delhi
T4818,U037,2022-05-13,Income,Entertainment,0,NO,NO,BANK TRANSFER,Hyderabad
T7794,U149,2021-01-09,Expense,Utilities,5615,NO,NO,CASH,Bangalore
T0622,U047,2022-01-16,Expense,Rent,1831,NO,NO,CARD,Chennai
T2107,U110,2021-07-23,Expense,Rent,1088,NO,NO,BANK TRANSFER,Ahmedabad
T11059,U112,2024-05-17,Expense,Rent,0,NO,NO,BANK TRANSFER,Lucknow
T1452,U150,2021-09-16,Income,Entertainment,31809,NO,NO,BANK TRANSFER,Lucknow
T10266,U037,2022-11-02,Expense,Entertainment,5120,NO,NO,UPI,Jaipur
T8545,U140,2024-03-02,Income,Food,49320,NO,NO,CARD,Unknown
T0683,U032,2024-04-14,Expense,Food,999999,NO,YES,BANK TRANSFER,Kolkata
T6300,U130,2023-09-08,Income,Food,61333,NO,NO,CARD,Jaipur
T4966,U133,2023-12-14,Expense,Rent,5837,NO,NO,CASH,Jaipur
T4027,U072,2023-12-23,Expense,Utilities,1822,NO,NO,UNKNOWN,Delhi
T8448,U060,2021-06-19,Expense,Food,5426,NO,NO,BANK TRANSFER,Chennai
T3413,U094,2021-11-02,Expense,Rent,0,NO,NO,UPI,Hyderabad
T13251,U047,2023-09-04,Expense,Utilities,2288,NO,NO,CASH,Mumbai
T13875,U017,2021-07-14,Expense,Utilities,637,NO,NO,CARD,Mumbai
T2321,U061,2023-07-18,Income,Education,17859,NO,NO,CASH,Ahmedabad
T6643,U131,2023-03-12,Expense,Utilities,303,NO,NO,CASH,Unknown
T0290,U037,2021-07-21,Income,Travel,506415,NO,YES,CASH,Lucknow
T11850,U121,2022-02-15,Expense,Uncategorised,6760,NO,NO,UPI,Unknown
T9248,U082,2024-10-01,Expense,Travel,3765,NO,NO,UPI,Ahmedabad
T5173,U056,2021-07-10,Expense,Freelance,2874,NO,NO,CASH,Delhi
T2738,U012,2024-10-25,Expense,Rent,779,NO,NO,UPI,Lucknow
T11919,U058,2022-10-31,Expense,Health,44460,NO,NO,UNKNOWN,Ahmedabad
T12840,U049,2024-02-06,Income,Food,53277,NO,NO,BANK TRANSFER,Mumbai
T13931,U105,2023-03-17,Expense,Investment,4932,NO,NO,UPI,Ahmedabad
T3048,U078,2021-08-18,Expense,Rent,5768,NO,NO,BANK TRANSFER,Chennai
T11431,U116,2024-04-03,Income,Others,67826,NO,NO,UPI,Ahmedabad
T13064,U029,2022-11-24,Expense,Utilities,3558,NO,NO,BANK TRANSFER,Lucknow
T0686,U026,2023-09-22,Expense,Rent,4046,NO,NO,BANK TRANSFER,Lucknow
T6562,U065,2024-02-23,Expense,Entertainment,2945,NO,NO,CASH,Jaipur
T4614,U150,2022-03-18,Expense,Travel,999999,NO,YES,CASH,Jaipur
T2027,U133,2024-09-08,Expense,Utilities,3965,NO,NO,UPI,Unknown
T9682,U138,2022-01-19,Income,Food,51981,NO,NO,CASH,Lucknow
T7252,U137,2023-03-27,Expense,Travel,3473,NO,NO,CARD,Mumbai
T3089,U099,2023-12-17,Expense,Education,2430,NO,NO,CASH,Jaipur
T13413,U035,2021-03-30,Income,Utilities,51214,NO,NO,CASH,Mumbai
T2613,U067,2024-08-02,Income,Utilities,79628,NO,NO,UPI,Chennai
T13355,U094,2021-05-18,Income,Entertainment,396633,NO,NO,CASH,Pune
T9891,U077,2022-06-08,Expense,Entertainment,6739,NO,NO,BANK TRANSFER,Chennai
T13039,U079,2022-03-30,Expense,Entertainment,2063,NO,NO,UPI,Hyderabad
T2163,U087,2022-01-12,Income,Food,11292,NO,NO,BANK TRANSFER,Bangalore
T10476,U132,2022-04-27,Expense,Travel,8716,NO,NO,BANK TRANSFER,Pune
T3998,U046,2024-08-28,Expense,Rent,1376,NO,NO,UPI,Jaipur
T4590,U136,2024-05-05,Expense,Travel,5795,NO,NO,UPI,Hyderabad
T3407,U092,2024-11-10,Expense,Food,5077,NO,NO,UPI,Ahmedabad
T8965,U006,2023-02-04,Expense,Education,6769,NO,NO,CASH,Unknown
T6271,U002,2023-09-16,Expense,Education,6850,NO,NO,BANK TRANSFER,Unknown
T10172,U023,2023-09-18,Expense,Rent,35400,NO,NO,CARD,Bangalore
T7593,U005,2023-09-29,Income,Food,776361,NO,YES,CASH,Kolkata
T8249,U097,2022-09-07,Expense,Travel,6136,NO,NO,UPI,Unknown
T3252,U099,2022-01-10,Expense,Rent,46368,NO,NO,UPI,Delhi
T7208,U130,2021-06-26,Expense,Rent,6701,NO,NO,CASH,Kolkata
T5602,U049,2021-08-23,Expense,Food,618,NO,NO,CASH,Ahmedabad
T5840,U052,2024-06-01,Income,Food,24999,NO,NO,CASH,Pune
T8684,U116,2023-06-06,Expense,Education,179,NO,NO,UPI,Kolkata
T7171,U112,2022-01-01,Income,Rent,61649,NO,NO,UPI,Delhi
T12422,U135,2024-11-30,Expense,Utilities,3586,NO,NO,CARD,Hyderabad
T5980,U063,2021-11-01,Expense,Bonus,6830,NO,NO,BANK TRANSFER,Jaipur
T5202,U116,2022-12-30,Expense,Education,9071,NO,NO,CARD,Delhi
T6869,U132,2023-07-18,Income,Entertainment,52701,NO,NO,CARD,Lucknow
T0153,U070,2022-06-23,Expense,Entertainment,1008,NO,NO,UPI,Delhi
T3243,U020,2022-01-14,Expense,Travel,2199,NO,NO,BANK TRANSFER,Unknown
T7123,U132,2022-12-25,Expense,Entertainment,5474,NO,NO,UNKNOWN,Unknown
T9422,U004,2023-02-08,Expense,Rent,8589,NO,NO,CASH,Unknown
T10445,U038,2022-08-02,Expense,Food,519,NO,NO,CASH,Mumbai
T7661,U125,2023-12-05,Expense,Utilities,2564,NO,NO,CASH,Hyderabad
T10014,U090,2022-11-20,Expense,Entertainment,43449,NO,NO,UPI,Unknown
T13488,U043,2021-03-14,Expense,Rent,1742,NO,NO,CASH,Mumbai
T10236,U129,2021-05-21,Income,Rent,12151,NO,NO,UPI,Hyderabad
T5090,U029,2022-12-11,Expense,Freelance,7499,NO,NO,CASH,Lucknow
T8228,U050,2024-08-29,Income,Utilities,65727,NO,NO,UPI,Jaipur
T0324,U117,2023-02-04,Expense,Food,2184,NO,NO,CASH,Bangalore
T6047,U017,2021-09-23,Expense,Food,4797,NO,NO,UPI,Jaipur
T1333,U075,2021-07-13,Income,Food,72176,NO,NO,UPI,Delhi
T11752,U071,2022-08-06,Income,Travel,12368,NO,NO,UPI,Unknown
T11435,U099,2024-09-27,Expense,Others,3573,NO,NO,BANK TRANSFER,Ahmedabad
T5725,U008,2024-04-09,Expense,Investment,2799,NO,NO,CARD,Unknown
T10256,U001,2023-02-16,Expense,Travel,8735,NO,NO,UPI,Pune
T2634,U017,2024-05-14,Expense,Health,2346,NO,NO,CASH,Unknown
T2921,U045,2024-11-21,Expense,Travel,510,NO,NO,UPI,Chennai
T9225,U006,2024-01-17,Expense,Utilities,5130,NO,NO,CASH,Mumbai
T13983,U116,2023-02-25,Expense,Education,481,NO,NO,CASH,Unknown
T7853,U038,2022-02-03,Expense,Entertainment,3915,NO,NO,UPI,Ahmedabad
T12722,U030,2024-01-11,Expense,Rent,714,NO,NO,CARD,Bangalore
T9300,U075,2021-06-17,Expense,Freelance,5160,NO,NO,CASH,Jaipur
T9611,U092,2024-10-16,Expense,Entertainment,5589,NO,NO,CARD,Bangalore
T8461,U069,2024-01-11,Expense,Entertainment,7688,NO,NO,CASH,Hyderabad
T0121,U106,2024-07-15,Expense,Utilities,6214,NO,NO,BANK TRANSFER,Unknown
T9001,U136,2022-01-08,Expense,Food,7524,NO,NO,BANK TRANSFER,Pune
T2390,U125,2023-03-03,Income,Utilities,13881,NO,NO,CASH,Pune
T8625,U108,2021-12-14,Expense,Entertainment,-500,YES,NO,UPI,Mumbai
T5796,U047,2022-02-25,Expense,Food,6273,NO,NO,CARD,Chennai
T10931,U148,2023-07-13,Expense,Investment,9888,NO,NO,CASH,Bangalore
T8540,U089,2023-08-26,Expense,Rent,622,NO,NO,UPI,Lucknow
T1772,U142,2024-09-18,Expense,Education,2495,NO,NO,CARD,Chennai
T3534,U079,2021-11-28,Expense,Utilities,4394,NO,NO,CARD,Kolkata
T6091,U041,2024-03-11,Expense,Travel,4551,NO,NO,BANK TRANSFER,Hyderabad
T5132,U074,2021-05-12,Expense,Health,6911,NO,NO,CARD,Bangalore
T8138,U065,2021-02-01,Expense,Uncategorised,7782,NO,NO,CARD,Kolkata
T4392,U065,2021-03-29,Expense,Utilities,12320,NO,NO,BANK TRANSFER,Ahmedabad
T5611,U074,2021-03-11,Expense,Savings,0,NO,NO,UPI,Mumbai
T9756,U094,2024-07-21,Expense,Food,1299,NO,NO,UPI,Unknown
T4469,U001,2023-06-17,Expense,Travel,462,NO,NO,UPI,Mumbai
T4561,U071,2021-12-01,Expense,Education,4549,NO,NO,BANK TRANSFER,Mumbai
T9800,U027,2023-05-21,Expense,Education,3249,NO,NO,CASH,Lucknow
T2149,U084,2023-04-07,Expense,Entertainment,34311,NO,NO,UNKNOWN,Mumbai
T4132,U001,2021-10-06,Expense,Travel,5394,NO,NO,UPI,Unknown
T0190,U023,2023-06-08,Expense,Others,0,NO,NO,UPI,Jaipur
T7576,U120,2024-03-23,Expense,Others,16181,NO,NO,CASH,Kolkata
T12535,U035,2023-03-24,Expense,Food,4085,NO,NO,CASH,Pune
T13461,U043,2024-08-08,Income,Bonus,67139,NO,NO,CARD,Jaipur
T9966,U121,2024-12-20,Expense,Food,1842,NO,NO,CARD,Ahmedabad
T1270,U016,2023-06-09,Expense,Food,1593,NO,NO,CASH,Unknown
T11632,U149,2024-12-01,Expense,Food,8945,NO,NO,UPI,Lucknow
T12528,U016,2021-12-24,Expense,Travel,1466,NO,NO,BANK TRANSFER,Mumbai
T5069,U067,2024-02-10,Expense,Rent,999999,NO,YES,CARD,Pune
T1663,U130,2021-08-06,Expense,Utilities,1435,NO,NO,UPI,Lucknow
T11972,U011,2024-02-03,Expense,Freelance,4747,NO,NO,BANK TRANSFER,Pune
T13186,U009,2024-06-11,Expense,Food,6657,NO,NO,BANK TRANSFER,Pune
T10302,U125,2022-09-15,Expense,Rent,3422,NO,NO,CASH,Pune
T7986,U117,2022-09-13,Income,Others,34776,NO,NO,CASH,Delhi
T5198,U061,2022-12-28,Expense,Health,7846,NO,NO,CARD,Pune
T8485,U065,2022-02-15,Expense,Investment,5522,NO,NO,UPI,Pune
T11844,U002,2022-07-18,Expense,Bonus,7154,NO,NO,BANK TRANSFER,Chennai
T10719,U045,2022-09-24,Expense,Food,4040,NO,NO,CARD,Bangalore
T3542,U016,2022-02-05,Expense,Investment,7083,NO,NO,CARD,Hyderabad
T8982,U036,2024-09-02,Expense,Freelance,7191,NO,NO,CASH,Pune
T2085,U039,2023-09-20,Expense,Food,448,NO,NO,UNKNOWN,Hyderabad
T13666,U040,2021-05-01,Expense,Food,2153,NO,NO,CARD,Kolkata
T8608,U075,2022-05-03,Income,Travel,50354,NO,NO,CASH,Lucknow
T3501,U069,2021-10-02,Expense,Entertainment,8346,NO,NO,BANK TRANSFER,Chennai
T9693,U095,2021-04-04,Expense,Savings,884,NO,NO,BANK TRANSFER,Mumbai
T13524,U011,2023-01-17,Income,Rent,67211,NO,NO,BANK TRANSFER,Mumbai
T0330,U149,2024-12-10,Expense,Entertainment,8350,NO,NO,UPI,Jaipur
T1824,U127,2023-10-16,Expense,Entertainment,1785,NO,NO,CARD,Ahmedabad
T8392,U042,2023-01-24,Expense,Freelance,9651,NO,NO,CASH,Mumbai
T7943,U146,2023-08-01,Expense,Food,5842,NO,NO,UPI,Bangalore
T4576,U047,2022-05-22,Income,Education,75005,NO,NO,CARD,Hyderabad
T5264,U005,2022-07-30,Expense,Rent,2059,NO,NO,UPI,Mumbai
T13312,U084,2022-07-14,Expense,Food,6861,NO,NO,CASH,Ahmedabad
T8571,U007,2022-06-10,Income,Rent,36756,NO,NO,UPI,Chennai
T12028,U069,2022-11-12,Expense,Food,30109,NO,NO,CARD,Bangalore
T9539,U083,2023-06-13,Expense,Food,1797,NO,NO,BANK TRANSFER,Lucknow
T10197,U100,2021-05-05,Income,Rent,14217,NO,NO,UPI,Ahmedabad
T5866,U124,2023-03-04,Income,Rent,35286,NO,NO,UPI,Lucknow
T8539,U147,2023-11-26,Expense,Rent,8504,NO,NO,UPI,Pune
T11694,U037,2022-01-29,Expense,Others,5091,NO,NO,BANK TRANSFER,Mumbai
T8707,U068,2022-10-03,Income,Savings,79950,NO,NO,UNKNOWN,Mumbai
T4413,U137,2023-04-11,Income,Travel,46079,NO,NO,CARD,Ahmedabad
T13149,U051,2023-10-27,Expense,Travel,531,NO,NO,CASH,Hyderabad
T1328,U086,2024-04-27,Income,Entertainment,136052,NO,NO,CARD,Mumbai
T4130,U114,2021-03-20,Expense,Travel,3206,NO,NO,UPI,Ahmedabad
T11499,U146,2024-07-07,Expense,Bonus,8074,NO,NO,CASH,Kolkata
T10300,U073,2021-06-04,Expense,Food,0,NO,NO,UPI,Lucknow
T0643,U032,2022-03-24,Expense,Entertainment,6671,NO,NO,UPI,Delhi
T8741,U018,2022-03-01,Expense,Travel,3814,NO,NO,UPI,Jaipur
T11745,U012,2022-08-03,Income,Investment,20067,NO,NO,UPI,Bangalore
T7820,U063,2024-06-14,Expense,Food,922,NO,NO,UPI,Mumbai
T6706,U072,2022-03-15,Expense,Travel,3987,NO,NO,BANK TRANSFER,Ahmedabad
T0679,U147,2022-02-07,Income,Savings,34315,NO,NO,CASH,Kolkata
T13954,U102,2021-09-12,Expense,Utilities,9904,NO,NO,UPI,Lucknow
T13700,U083,2023-06-28,Expense,Entertainment,23903,NO,NO,UPI,Hyderabad
T0136,U036,2023-05-17,Expense,Rent,8122,NO,NO,CASH,Ahmedabad
T7573,U052,2024-12-09,Expense,Rent,5925,NO,NO,CARD,Pune
T4802,U048,2022-07-03,Expense,Rent,1349,NO,NO,CARD,Ahmedabad
T12394,U091,2021-10-31,Income,Food,56416,NO,NO,CASH,Bangalore
T0986,U101,2021-02-24,Expense,Health,5735,NO,NO,CARD,Bangalore
T9325,U082,2021-10-05,Expense,Salary,6474,NO,NO,UPI,Hyderabad
T9552,U117,2024-05-11,Expense,Food,3950,NO,NO,UPI,Hyderabad
T10607,U054,2021-08-02,Income,Utilities,73779,NO,NO,CARD,Jaipur
T0640,U005,2022-03-29,Expense,Rent,9852,NO,NO,CASH,Hyderabad
T11482,U042,2022-02-05,Expense,Health,8333,NO,NO,BANK TRANSFER,Mumbai
T1420,U023,2021-01-23,Expense,Health,2273,NO,NO,CARD,Unknown
T6057,U051,2024-11-20,Expense,Rent,4396,NO,NO,BANK TRANSFER,Chennai
T11282,U072,2021-11-05,Income,Travel,28580,NO,NO,CARD,Unknown
T11900,U055,2024-05-08,Income,Rent,51523,NO,NO,CARD,Hyderabad
T13900,U141,2024-07-24,Income,Freelance,48916,NO,NO,CARD,Pune
T1095,U094,2023-05-28,Income,Education,76741,NO,NO,UNKNOWN,Ahmedabad
T5372,U028,2024-11-13,Expense,Food,2014,NO,NO,CARD,Kolkata
T11427,U023,2021-12-25,Expense,Food,2212,NO,NO,UPI,Delhi
T8284,U027,2024-07-06,Expense,Food,9242,NO,NO,UPI,Chennai
T2857,U036,2023-06-06,Income,Education,30782,NO,NO,UPI,Ahmedabad
T10955,U056,2023-09-23,Income,Rent,12824,NO,NO,CASH,Chennai
T3445,U102,2021-11-30,Expense,Travel,9626,NO,NO,CASH,Chennai
T11622,U142,2023-03-13,Income,Food,55432,NO,NO,CARD,Kolkata
T10619,U015,2021-11-11,Expense,Bonus,278,NO,NO,UNKNOWN,Delhi
T1706,U128,2021-06-02,Expense,Travel,0,NO,NO,BANK TRANSFER,Pune
T6496,U074,2023-11-26,Expense,Education,3432,NO,NO,CARD,Mumbai
T13438,U077,2024-12-03,Expense,Health,4916,NO,NO,CASH,Jaipur
T8309,U018,2022-05-14,Expense,Others,0,NO,NO,UPI,Ahmedabad
T10207,U098,2021-05-14,Expense,Entertainment,7468,NO,NO,UNKNOWN,Hyderabad
T0351,U134,2021-06-24,Expense,Salary,2864,NO,NO,BANK TRANSFER,Pune
T11126,U061,2022-09-21,Expense,Food,22465,NO,NO,BANK TRANSFER,Bangalore
T12810,U036,2024-07-27,Expense,Food,4088,NO,NO,CARD,Pune
T12054,U025,2021-12-19,Expense,Travel,9989,NO,NO,CARD,Bangalore
T1374,U105,2023-05-06,Expense,Rent,254,NO,NO,UPI,Delhi
T6488,U107,2022-09-10,Income,Food,56869,NO,NO,CARD,Kolkata
T2326,U093,2021-02-04,Expense,Others,3103,NO,NO,UPI,Pune
T5244,U097,2022-12-31,Expense,Rent,4716,NO,NO,CASH,Bangalore
T1608,U095,2024-04-05,Expense,Others,9439,NO,NO,UPI,Pune
T9055,U134,2023-09-13,Expense,Utilities,-1000,YES,NO,UNKNOWN,Pune
T8083,U060,2024-06-09,Expense,Utilities,7088,NO,NO,UPI,Pune
T12758,U059,2023-04-14,Income,Education,70116,NO,NO,CASH,Lucknow
T1764,U047,2024-04-04,Expense,Savings,6375,NO,NO,BANK TRANSFER,Mumbai
T2458,U120,2021-08-02,Expense,Entertainment,3530,NO,NO,CARD,Kolkata
T9465,U088,2022-03-01,Expense,Rent,1476,NO,NO,BANK TRANSFER,Delhi
T9326,U051,2023-09-28,Income,Savings,61907,NO,NO,UPI,Lucknow
T7903,U101,2021-11-02,Expense,Education,1559,NO,NO,CARD,Pune
T0195,U020,2021-07-27,Expense,Travel,920,NO,NO,UNKNOWN,Hyderabad
T11290,U058,2023-08-08,Expense,Food,5916,NO,NO,CASH,Unknown
T1849,U113,2024-07-28,Income,Rent,56895,NO,NO,UPI,Kolkata
T6615,U101,2021-12-20,Expense,Travel,4297,NO,NO,BANK TRANSFER,Bangalore
T3843,U134,2021-01-24,Expense,Investment,7900,NO,NO,BANK TRANSFER,Delhi
T12123,U078,2021-04-19,Expense,Bonus,2118,NO,NO,CARD,Delhi
T0558,U038,2021-11-04,Expense,Health,4822,NO,NO,CARD,Delhi
T10918,U110,2022-01-28,Expense,Food,40414,NO,NO,UNKNOWN,Jaipur
T0925,U109,2021-08-16,Expense,Food,7943,NO,NO,BANK TRANSFER,Unknown
T11857,U090,2021-11-24,Expense,Food,26342,NO,NO,CASH,Lucknow
T10964,U134,2022-03-16,Expense,Rent,854,NO,NO,CARD,Pune
T10017,U098,2023-06-15,Expense,Others,5086,NO,NO,CARD,Kolkata
T13155,U126,2024-05-24,Expense,Education,917,NO,NO,UPI,Unknown
T8096,U108,2021-07-15,Expense,Utilities,3943,NO,NO,UPI,Jaipur
T12789,U021,2023-09-05,Expense,Misc,4611,NO,NO,UPI,Jaipur
T11780,U057,2024-03-22,Expense,Entertainment,9002,NO,NO,CASH,Ahmedabad
T13958,U022,2021-03-31,Expense,Rent,6149,NO,NO,UNKNOWN,Unknown
T11581,U141,2021-07-17,Expense,Utilities,306,NO,NO,BANK TRANSFER,Pune
T4311,U006,2024-01-08,Expense,Food,35496,NO,NO,BANK TRANSFER,Hyderabad
T5151,U149,2022-04-26,Expense,Food,1329,NO,NO,CARD,Bangalore
T12113,U003,2024-07-30,Expense,Savings,3178,NO,NO,BANK TRANSFER,Chennai
T9330,U110,2023-04-07,Expense,Freelance,418,NO,NO,CARD,Mumbai
T13115,U025,2022-09-18,Expense,Travel,999999,NO,YES,CASH,Unknown
T6749,U116,2021-07-13,Expense,Utilities,7250,NO,NO,CASH,Lucknow
T11232,U083,2021-06-17,Income,Salary,22907,NO,NO,UPI,Delhi
T10354,U015,2022-02-20,Expense,Travel,6926,NO,NO,CARD,Delhi
T8212,U056,2023-05-02,Income,Food,29134,NO,NO,UNKNOWN,Hyderabad
T11386,U030,2024-05-28,Expense,Utilities,41993,NO,NO,CASH,Ahmedabad
T4605,U011,2022-07-29,Expense,Food,8147,NO,NO,UPI,Kolkata
T13444,U140,2023-08-31,Expense,Rent,3624,NO,NO,UPI,Kolkata
T2853,U137,2022-10-03,Income,Savings,21702,NO,NO,BANK TRANSFER,Delhi
T0775,U015,2021-12-09,Expense,Travel,42608,NO,NO,CASH,Lucknow
T8863,U066,2023-01-02,Income,Health,49272,NO,NO,CARD,Unknown
T8614,U011,2023-04-09,Expense,Freelance,293,NO,NO,CASH,Chennai
T2145,U066,2022-04-17,Expense,Travel,19084,NO,NO,BANK TRANSFER,Lucknow
T10155,U103,2024-08-06,Expense,Uncategorised,8781,NO,NO,CARD,Bangalore
T7455,U147,2023-11-18,Expense,Rent,4628,NO,NO,UPI,Chennai
T10843,U110,2023-10-26,Expense,Savings,4648,NO,NO,BANK TRANSFER,Ahmedabad
T9698,U086,2022-02-26,Expense,Entertainment,1709,NO,NO,UPI,Kolkata
T4863,U071,2024-02-27,Expense,Food,4941,NO,NO,UNKNOWN,Delhi
T4355,U080,2023-05-23,Expense,Food,8130,NO,NO,UPI,Lucknow
T1283,U033,2023-12-11,Expense,Food,6817,NO,NO,CARD,Unknown
T6569,U039,2022-03-01,Expense,Health,3432,NO,NO,CASH,Unknown
T10618,U078,2022-08-19,Expense,Rent,5459,NO,NO,BANK TRANSFER,Mumbai
T8222,U048,2022-07-10,Expense,Food,3549,NO,NO,UPI,Lucknow
T3898,U136,2024-02-27,Expense,Travel,3256,NO,NO,BANK TRANSFER,Bangalore
T7628,U103,2024-02-04,Expense,Education,1160,NO,NO,UNKNOWN,Lucknow
T8810,U096,2024-11-02,Expense,Travel,7285,NO,NO,UNKNOWN,Unknown
T5233,U037,2022-07-25,Expense,Rent,999999999,NO,YES,BANK TRANSFER,Hyderabad
T5595,U044,2023-07-01,Expense,Salary,2048,NO,NO,UPI,Chennai
T1056,U106,2024-10-03,Expense,Food,6612,NO,NO,CASH,Mumbai
T12064,U115,2022-04-21,Expense,Salary,4457,NO,NO,CASH,Unknown
T5392,U036,2022-12-20,Expense,Education,1014,NO,NO,CARD,Bangalore
T1083,U093,2024-01-19,Expense,Travel,8927,NO,NO,CASH,Chennai
T3767,U022,2024-02-14,Expense,Food,2612,NO,NO,BANK TRANSFER,Bangalore
T11641,U017,2024-05-15,Expense,Food,9877,NO,NO,CASH,Kolkata
T0422,U003,2023-09-08,Income,Others,13404,NO,NO,CARD,Lucknow
T8067,U135,2024-06-18,Expense,Entertainment,6653,NO,NO,UPI,Jaipur
T12138,U047,2023-04-14,Expense,Freelance,552,NO,NO,BANK TRANSFER,Hyderabad
T13746,U133,2023-01-26,Expense,Health,4445,NO,NO,BANK TRANSFER,Ahmedabad
T12349,U108,2021-01-20,Expense,Savings,4322,NO,NO,UNKNOWN,Jaipur
T0193,U003,2024-09-17,Expense,Education,1818,NO,NO,CASH,Chennai
T2720,U036,2023-07-25,Expense,Food,5408,NO,NO,BANK TRANSFER,Mumbai
T3263,U133,2024-12-16,Expense,Food,5565,NO,NO,UPI,Delhi
T10708,U007,2024-12-26,Income,Food,208860,NO,NO,CASH,Hyderabad
T6889,U094,2024-01-10,Expense,Health,3706,NO,NO,UPI,Jaipur
T5805,U148,2023-06-06,Expense,Salary,2340,NO,NO,BANK TRANSFER,Mumbai
T6759,U065,2023-04-25,Expense,Savings,7420,NO,NO,CARD,Hyderabad
T1090,U131,2023-06-17,Expense,Misc,8139,NO,NO,BANK TRANSFER,Unknown
T1661,U006,2022-02-03,Expense,Rent,7428,NO,NO,CARD,Lucknow
T5335,U044,2021-12-11,Expense,Food,6618,NO,NO,UPI,Bangalore
T13113,U002,2024-07-03,Expense,Utilities,4096,NO,NO,BANK TRANSFER,Pune
T10437,U106,2022-01-24,Expense,Rent,830,NO,NO,UPI,Jaipur
T9370,U021,2023-06-04,Expense,Utilities,7410,NO,NO,CARD,Chennai
T0148,U007,2024-10-09,Expense,Travel,4942,NO,NO,CARD,Chennai
T3979,U010,2024-09-01,Income,Food,11027,NO,NO,BANK TRANSFER,Lucknow
T2004,U129,2023-11-03,Expense,Entertainment,9540,NO,NO,CARD,Kolkata
T5768,U105,2024-10-31,Expense,Education,653,NO,NO,UNKNOWN,Delhi
T11448,U107,2024-03-01,Expense,Education,1337,NO,NO,BANK TRANSFER,Lucknow
T0618,U149,2023-03-11,Expense,Food,1344,NO,NO,BANK TRANSFER,Hyderabad
T4608,U081,2023-09-21,Expense,Travel,7875,NO,NO,UPI,Mumbai
T12401,U035,2023-12-13,Income,Rent,63317,NO,NO,CASH,Lucknow
T5122,U008,2023-04-11,Income,Utilities,55241,NO,NO,CARD,Ahmedabad
T13487,U050,2023-02-13,Expense,Travel,8213,NO,NO,CARD,Mumbai
T3704,U008,2022-05-21,Expense,Rent,7678,NO,NO,CASH,Bangalore
T11711,U025,2021-11-15,Expense,Utilities,8362,NO,NO,CARD,Ahmedabad
T2605,U121,2021-02-20,Expense,Education,5814,NO,NO,BANK TRANSFER,Ahmedabad
T6719,U007,2024-11-25,Expense,Rent,8273,NO,NO,BANK TRANSFER,Kolkata
T12968,U123,2024-07-04,Expense,Food,7270,NO,NO,UPI,Jaipur
T5614,U064,2023-11-27,Expense,Health,0,NO,NO,UNKNOWN,Unknown
T6595,U006,2024-08-03,Income,Food,11115,NO,NO,BANK TRANSFER,Ahmedabad
T0272,U070,2024-02-09,Expense,Food,412,NO,NO,BANK TRANSFER,Delhi
T9584,U074,2022-10-20,Expense,Education,411,NO,NO,CASH,Chennai
T4750,U147,2021-05-10,Expense,Rent,6185,NO,NO,UPI,Bangalore
T5696,U055,2024-01-30,Expense,Rent,-500,YES,NO,CASH,Hyderabad
T6402,U117,2024-04-07,Expense,Food,9561,NO,NO,UPI,Mumbai
T12794,U032,2022-04-05,Expense,Others,0,NO,NO,BANK TRANSFER,Lucknow
T3675,U039,2024-04-29,Expense,Investment,0,NO,NO,BANK TRANSFER,Lucknow
T7897,U149,2022-09-29,Income,Rent,14916,NO,NO,BANK TRANSFER,Bangalore
T3925,U009,2024-12-01,Expense,Entertainment,2620,NO,NO,CARD,Lucknow
T10914,U002,2022-09-24,Expense,Health,1941,NO,NO,UPI,Bangalore
T11118,U088,2024-02-15,Expense,Education,5234,NO,NO,BANK TRANSFER,Delhi
T3944,U043,2024-01-27,Expense,Rent,5329,NO,NO,UPI,Unknown
T10474,U054,2022-12-17,Expense,Freelance,4200,NO,NO,UPI,Unknown
T13472,U131,2022-07-04,Expense,Food,642,NO,NO,CARD,Pune
T0248,U035,2023-08-19,Expense,Rent,7152,NO,NO,UPI,Jaipur
T9123,U065,2024-08-13,Expense,Travel,8502,NO,NO,UPI,Pune
T8468,U053,2022-07-20,Expense,Others,4634,NO,NO,BANK TRANSFER,Delhi
T12027,U034,2022-01-03,Expense,Education,4962,NO,NO,UPI,Chennai
T10882,U039,2023-06-14,Expense,Travel,7202,NO,NO,CASH,Unknown
T4840,U089,2024-04-18,Expense,Freelance,1925,NO,NO,CARD,Mumbai
T10907,U066,2023-09-24,Expense,Food,7795,NO,NO,CARD,Chennai
T11616,U026,2021-08-16,Expense,Entertainment,7226,NO,NO,CARD,Lucknow
T6554,U089,2021-02-02,Expense,Entertainment,999999999,NO,YES,CASH,Chennai
T4418,U069,2021-05-27,Income,Rent,62480,NO,NO,BANK TRANSFER,Pune
T6937,U147,2024-12-30,Income,Rent,30120,NO,NO,CASH,Kolkata
T3950,U072,2021-11-07,Expense,Utilities,1548,NO,NO,CASH,Ahmedabad
T6063,U148,2023-03-23,Income,Uncategorised,48707,NO,NO,CASH,Chennai
T11740,U083,2024-10-16,Expense,Food,730,NO,NO,CASH,Chennai
T10186,U056,2022-09-02,Expense,Food,1548,NO,NO,CARD,Pune
T5967,U127,2022-10-20,Expense,Rent,2137,NO,NO,CASH,Delhi
T8425,U106,2022-07-24,Expense,Rent,2922,NO,NO,CARD,Mumbai
T3956,U029,2024-04-30,Expense,Food,8792,NO,NO,CASH,Hyderabad
T8478,U007,2022-09-22,Expense,Uncategorised,2397,NO,NO,CASH,Hyderabad
T9111,U007,2023-03-04,Income,Freelance,16226,NO,NO,CARD,Lucknow
T4611,U140,2024-12-13,Expense,Food,4793,NO,NO,BANK TRANSFER,Ahmedabad
T7689,U001,2024-11-22,Expense,Rent,36001,NO,NO,CARD,Kolkata
T13952,U063,2022-09-11,Income,Utilities,72599,NO,NO,UNKNOWN,Pune
T10169,U131,2022-07-31,Expense,Travel,667,NO,NO,CASH,Mumbai
T13475,U033,2022-01-12,Income,Education,29235,NO,NO,BANK TRANSFER,Unknown
T0627,U087,2023-04-02,Income,Rent,45305,NO,NO,CASH,Kolkata
T11483,U149,2022-08-06,Expense,Salary,3512,NO,NO,UPI,Jaipur
T4658,U051,2023-08-14,Income,Rent,35407,NO,NO,UPI,Bangalore
T8090,U002,2021-04-30,Income,Entertainment,72108,NO,NO,UPI,Pune
T5271,U132,2022-01-01,Expense,Food,2264,NO,NO,BANK TRANSFER,Lucknow
T12882,U106,2022-10-29,Expense,Utilities,4765,NO,NO,UPI,Lucknow
T1075,U131,2022-07-07,Expense,Salary,5484,NO,NO,BANK TRANSFER,Chennai
T8476,U145,2021-11-26,Expense,Travel,6351,NO,NO,BANK TRANSFER,Lucknow
T3184,U132,2022-08-15,Expense,Utilities,7586,NO,NO,BANK TRANSFER,Ahmedabad
T5092,U026,2022-01-15,Expense,Food,8643,NO,NO,BANK TRANSFER,Bangalore
T9911,U049,2021-11-27,Expense,Travel,3376,NO,NO,CARD,Ahmedabad
T12590,U008,2023-02-24,Expense,Travel,6725,NO,NO,CARD,Delhi
T4660,U024,2024-01-11,Income,Food,31389,NO,NO,BANK TRANSFER,Lucknow
T13783,U012,2024-01-10,Expense,Food,7652,NO,NO,CARD,Unknown
T4059,U051,2024-06-21,Expense,Savings,2644,NO,NO,UPI,Hyderabad
T3294,U017,2024-06-11,Expense,Food,29624,NO,NO,BANK TRANSFER,Pune
T8150,U024,2021-08-12,Expense,Rent,4008,NO,NO,UPI,Mumbai
T8421,U131,2022-05-29,Expense,Food,20811,NO,NO,CARD,Delhi
T1356,U034,2023-01-30,Expense,Education,2763,NO,NO,UPI,Jaipur
T10371,U027,2023-10-04,Expense,Investment,4185,NO,NO,CARD,Hyderabad
T6172,U002,2024-02-01,Expense,Freelance,0,NO,NO,UNKNOWN,Pune
T5968,U125,2024-04-04,Expense,Entertainment,7711,NO,NO,UPI,Jaipur
T2710,U034,2024-02-24,Expense,Rent,8461,NO,NO,BANK TRANSFER,Bangalore
T11223,U027,2022-06-04,Income,Bonus,24089,NO,NO,UPI,Chennai
T5379,U080,2024-11-03,Expense,Freelance,4003,NO,NO,BANK TRANSFER,Delhi
T5801,U039,2021-08-04,Expense,Utilities,3973,NO,NO,UPI,Jaipur
T5962,U069,2023-10-15,Expense,Utilities,6461,NO,NO,CARD,Bangalore
T4071,U006,2021-08-21,Expense,Entertainment,9685,NO,NO,CASH,Mumbai
T6617,U017,2023-08-22,Expense,Travel,3389,NO,NO,BANK TRANSFER,Ahmedabad
T13608,U056,2023-02-26,Expense,Bonus,6999,NO,NO,CASH,Lucknow
T2602,U043,2024-06-22,Income,Utilities,418020,NO,NO,CARD,Kolkata
T13880,U072,2023-08-19,Expense,Rent,4518,NO,NO,BANK TRANSFER,Delhi
T7674,U141,2021-01-23,Expense,Rent,2090,NO,NO,CASH,Delhi
T9699,U084,2024-07-10,Expense,Rent,7288,NO,NO,UPI,Ahmedabad
T2764,U130,2023-10-01,Income,Food,63860,NO,NO,UPI,Hyderabad
T11656,U050,2021-05-02,Expense,Salary,3837,NO,NO,BANK TRANSFER,Lucknow
T2517,U097,2022-02-01,Expense,Savings,1420,NO,NO,CARD,Unknown
T3391,U023,2022-02-14,Expense,Travel,5064,NO,NO,UPI,Lucknow
T6507,U031,2023-06-04,Expense,Food,1831,NO,NO,BANK TRANSFER,Ahmedabad
T7170,U012,2021-01-11,Expense,Travel,588,NO,NO,BANK TRANSFER,Lucknow
T11577,U052,2022-03-14,Expense,Food,32463,NO,NO,UPI,Unknown
T7708,U039,2021-09-02,Expense,Travel,9488,NO,NO,CASH,Unknown
T12069,U044,2021-03-18,Expense,Food,7744,NO,NO,BANK TRANSFER,Chennai
T6405,U073,2021-08-24,Expense,Utilities,1891,NO,NO,CARD,Delhi
T5769,U034,2023-01-27,Expense,Food,3939,NO,NO,CARD,Lucknow
T2192,U101,2023-02-15,Expense,Utilities,5788,NO,NO,CARD,Mumbai
T7472,U140,2024-06-13,Income,Uncategorised,28677,NO,NO,UPI,Jaipur
T1399,U097,2021-06-22,Expense,Travel,8352,NO,NO,BANK TRANSFER,Pune
T12285,U083,2023-06-01,Expense,Entertainment,2242,NO,NO,CASH,Kolkata
T5918,U125,2022-12-09,Expense,Food,8653,NO,NO,CASH,Pune
T11267,U117,2021-11-20,Expense,Rent,9602,NO,NO,CASH,Pune
T10948,U148,2023-09-26,Expense,Uncategorised,7939,NO,NO,BANK TRANSFER,Lucknow
T0961,U101,2021-08-05,Expense,Travel,9482,NO,NO,UPI,Delhi
T1735,U017,2023-01-24,Expense,Travel,909,NO,NO,CARD,Lucknow
T4437,U023,2021-01-03,Expense,Rent,1992,NO,NO,CASH,Jaipur
T6130,U035,2024-01-22,Income,Food,59543,NO,NO,CARD,Bangalore
T1282,U093,2024-02-14,Expense,Education,999999,NO,YES,UPI,Delhi
T0476,U112,2021-09-14,Expense,Food,423,NO,NO,BANK TRANSFER,Lucknow
T10845,U150,2022-11-13,Expense,Education,5579,NO,NO,BANK TRANSFER,Lucknow
T6582,U014,2023-05-05,Expense,Food,3714,NO,NO,BANK TRANSFER,Unknown
T12952,U011,2024-04-19,Expense,Misc,1588,NO,NO,BANK TRANSFER,Ahmedabad
T11489,U021,2022-08-23,Expense,Education,1538,NO,NO,UPI,Kolkata
T7704,U078,2024-12-19,Expense,Food,4365,NO,NO,CASH,Unknown
T13757,U058,2023-06-10,Expense,Investment,5990,NO,NO,BANK TRANSFER,Hyderabad
T12203,U075,2023-06-22,Expense,Rent,2381,NO,NO,CARD,Unknown
T10650,U054,2021-03-02,Income,Travel,33186,NO,NO,CARD,Kolkata
T10365,U043,2022-11-15,Expense,Bonus,5965,NO,NO,CARD,Pune
T10954,U067,2024-11-25,Expense,Uncategorised,8228,NO,NO,UPI,Hyderabad
T5727,U042,2022-04-24,Expense,Rent,6907,NO,NO,UPI,Mumbai
T13007,U026,2024-12-27,Expense,Food,767,NO,NO,CASH,Ahmedabad
T6121,U078,2021-12-20,Expense,Food,9767,NO,NO,CASH,Lucknow
T12440,U136,2021-10-01,Expense,Travel,6960,NO,NO,CASH,Mumbai
T10992,U084,2024-07-11,Income,Investment,58524,NO,NO,UPI,Chennai
T13499,U034,2023-05-15,Expense,Food,2296,NO,NO,UPI,Kolkata
T7033,U107,2022-09-23,Expense,Food,4787,NO,NO,UNKNOWN,Hyderabad
T10225,U033,2022-12-09,Expense,Freelance,8440,NO,NO,CASH,Kolkata
T3975,U011,2022-09-01,Expense,Savings,0,NO,NO,CASH,Unknown
T6905,U022,2024-02-21,Expense,Entertainment,4383,NO,NO,BANK TRANSFER,Hyderabad
T11035,U104,2022-05-10,Income,Others,36601,NO,NO,CARD,Mumbai
T13603,U008,2022-05-26,Expense,Rent,29297,NO,NO,UNKNOWN,Lucknow
T8465,U064,2024-06-27,Income,Food,76897,NO,NO,CASH,Bangalore
T5191,U116,2022-05-18,Expense,Investment,9460,NO,NO,UPI,Hyderabad
T2440,U100,2021-02-03,Expense,Utilities,5431,NO,NO,BANK TRANSFER,Jaipur
T5783,U108,2023-04-29,Expense,Food,2323,NO,NO,UPI,Delhi
T0350,U080,2023-06-29,Expense,Food,1240,NO,NO,UPI,Unknown
T13246,U095,2024-01-17,Expense,Rent,8474,NO,NO,UPI,Unknown
T13283,U104,2023-08-09,Expense,Travel,0,NO,NO,CARD,Bangalore
T9512,U095,2024-09-23,Expense,Travel,6608,NO,NO,BANK TRANSFER,Bangalore
T5615,U105,2021-06-11,Expense,Salary,9574,NO,NO,BANK TRANSFER,Mumbai
T13120,U134,2023-06-10,Expense,Utilities,463,NO,NO,BANK TRANSFER,Delhi
T8205,U014,2023-09-10,Expense,Utilities,6574,NO,NO,CASH,Bangalore
T5495,U079,2023-10-19,Expense,Education,7446,NO,NO,CASH,Ahmedabad
T0114,U071,2022-08-11,Expense,Food,1678,NO,NO,UPI,Pune
T3200,U019,2023-07-10,Expense,Utilities,2276,NO,NO,BANK TRANSFER,Kolkata
T13073,U093,2024-05-02,Income,Others,42392,NO,NO,BANK TRANSFER,Unknown
T4633,U031,2024-06-22,Income,Education,67143,NO,NO,BANK TRANSFER,Pune
T12359,U017,2023-01-25,Expense,Travel,6434,NO,NO,CASH,Unknown
T13363,U024,2021-12-06,Expense,Education,3883,NO,NO,CASH,Hyderabad
T10286,U016,2022-06-09,Expense,Others,3209,NO,NO,BANK TRANSFER,Unknown
T12818,U147,2022-07-07,Expense,Education,2869,NO,NO,BANK TRANSFER,Jaipur
T8692,U002,2022-01-31,Expense,Others,5654,NO,NO,UPI,Hyderabad
T12880,U067,2023-12-17,Income,Bonus,36077,NO,NO,CASH,Unknown
T0437,U040,2022-11-08,Expense,Food,3445,NO,NO,BANK TRANSFER,Ahmedabad
T10400,U118,2024-10-21,Expense,Travel,6085,NO,NO,CARD,Hyderabad
T10938,U129,2021-10-25,Expense,Entertainment,6409,NO,NO,BANK TRANSFER,Delhi
T12937,U127,2022-03-07,Expense,Food,5190,NO,NO,CARD,Bangalore
T5924,U120,2021-06-16,Expense,Entertainment,2386,NO,NO,UNKNOWN,Hyderabad
T13774,U044,2021-09-15,Expense,Entertainment,1222,NO,NO,BANK TRANSFER,Mumbai
T4860,U139,2021-09-14,Expense,Rent,2889,NO,NO,CARD,Unknown
T11933,U119,2023-06-12,Expense,Bonus,1347,NO,NO,CASH,Hyderabad
T1694,U091,2022-10-01,Expense,Food,2106,NO,NO,CARD,Ahmedabad
T6123,U081,2023-04-04,Income,Food,75840,NO,NO,UPI,Jaipur
T10932,U096,2023-05-03,Expense,Rent,9396,NO,NO,CASH,Hyderabad
T5545,U113,2023-06-11,Expense,Rent,255,NO,NO,CASH,Pune
T0030,U084,2023-02-16,Income,Entertainment,16826,NO,NO,CASH,Chennai
T5054,U130,2023-02-19,Expense,Others,3035,NO,NO,CARD,Delhi
T10209,U024,2024-03-25,Expense,Food,8781,NO,NO,BANK TRANSFER,Kolkata
T2005,U068,2022-11-11,Expense,Savings,1908,NO,NO,CARD,Jaipur
T4610,U115,2021-12-11,Expense,Utilities,2409,NO,NO,CASH,Jaipur
T4172,U035,2022-02-28,Expense,Utilities,8199,NO,NO,BANK TRANSFER,Jaipur
T11553,U129,2022-03-30,Expense,Investment,6819,NO,NO,CASH,Kolkata
T12700,U083,2023-12-19,Expense,Utilities,1955,NO,NO,CASH,Hyderabad
T2947,U140,2021-06-24,Expense,Rent,2015,NO,NO,BANK TRANSFER,Kolkata
T4631,U057,2022-03-12,Income,Utilities,12351,NO,NO,UPI,Unknown
T3262,U033,2022-12-14,Expense,Food,6267,NO,NO,CARD,Pune
T1777,U050,2024-04-12,Income,Rent,76182,NO,NO,BANK TRANSFER,Lucknow
T6824,U012,2024-12-21,Expense,Rent,7966,NO,NO,UNKNOWN,Bangalore
T13962,U105,2021-06-27,Expense,Uncategorised,3311,NO,NO,CASH,Hyderabad
T10945,U080,2022-06-15,Expense,Savings,4894,NO,NO,CARD,Chennai
T11623,U023,2024-04-07,Expense,Entertainment,8847,NO,NO,BANK TRANSFER,Kolkata
T1596,U086,2023-11-28,Expense,Food,2238,NO,NO,CASH,Bangalore
T8921,U078,2021-01-30,Expense,Education,999999,NO,YES,BANK TRANSFER,Unknown
T9502,U104,2024-06-20,Expense,Rent,4636,NO,NO,BANK TRANSFER,Lucknow
T6074,U020,2022-04-25,Expense,Food,25221,NO,NO,CARD,Pune
T5717,U041,2022-09-04,Expense,Travel,3776,NO,NO,CASH,Chennai
T11361,U033,2023-09-06,Expense,Food,8578,NO,NO,CASH,Bangalore
T12729,U023,2023-07-12,Expense,Food,5323,NO,NO,CASH,Jaipur
T3450,U106,2024-04-23,Expense,Freelance,7085,NO,NO,CARD,Delhi
T4545,U022,2024-08-04,Expense,Utilities,6489,NO,NO,CARD,Pune
T10240,U080,2024-06-19,Income,Bonus,48382,NO,NO,UPI,Lucknow
T11352,U038,2022-06-01,Expense,Food,4410,NO,NO,CARD,Bangalore
T7164,U078,2023-05-17,Income,Health,0,NO,NO,UNKNOWN,Jaipur
T10244,U065,2023-03-16,Expense,Travel,6815,NO,NO,UPI,Delhi
T7888,U039,2021-04-01,Expense,Food,7756,NO,NO,UPI,Ahmedabad
T4064,U127,2023-04-11,Expense,Education,3980,NO,NO,UPI,Pune
T2241,U043,2023-10-17,Expense,Rent,4273,NO,NO,CASH,Kolkata
T7268,U034,2023-07-01,Income,Food,57838,NO,NO,CARD,Bangalore
T11292,U030,2021-05-18,Expense,Education,141,NO,NO,CARD,Pune
T11078,U122,2023-06-18,Income,Others,71326,NO,NO,BANK TRANSFER,Hyderabad
T1847,U069,2022-05-19,Expense,Travel,5394,NO,NO,BANK TRANSFER,Mumbai
T13024,U095,2023-01-29,Expense,Salary,568,NO,NO,CARD,Delhi
T12357,U114,2021-11-29,Expense,Rent,478,NO,NO,BANK TRANSFER,Bangalore
T5742,U019,2024-08-26,Expense,Entertainment,3410,NO,NO,CASH,Delhi
T9125,U068,2024-10-05,Expense,Food,4074,NO,NO,CARD,Pune
T0515,U033,2023-04-01,Expense,Travel,682,NO,NO,BANK TRANSFER,Hyderabad
T11076,U071,2024-06-15,Expense,Bonus,8337,NO,NO,CARD,Jaipur
T1725,U092,2023-03-30,Income,Utilities,25379,NO,NO,CASH,Chennai
T3524,U078,2023-06-25,Expense,Rent,35080,NO,NO,UPI,Bangalore
T2265,U130,2024-06-02,Expense,Rent,2551,NO,NO,CARD,Delhi
T8612,U006,2024-09-16,Expense,Rent,2804,NO,NO,CASH,Bangalore
T2283,U099,2023-11-26,Expense,Education,9734,NO,NO,CASH,Pune
T1610,U136,2023-10-23,Expense,Investment,1199,NO,NO,UPI,Kolkata
T11146,U065,2024-11-25,Expense,Travel,2310,NO,NO,UPI,Jaipur
T7993,U095,2021-06-04,Expense,Education,1519,NO,NO,BANK TRANSFER,Delhi
T8911,U020,2023-05-02,Expense,Travel,8833,NO,NO,BANK TRANSFER,Ahmedabad
T13482,U015,2022-04-16,Expense,Entertainment,6001,NO,NO,BANK TRANSFER,Delhi
T10270,U094,2022-12-29,Expense,Entertainment,2122,NO,NO,CARD,Kolkata
T2386,U133,2023-09-18,Expense,Travel,9154,NO,NO,CASH,Mumbai
T0907,U113,2023-02-05,Expense,Investment,867,NO,NO,CARD,Delhi
T9122,U073,2023-02-28,Expense,Entertainment,0,NO,NO,CASH,Jaipur
T13319,U074,2023-01-21,Expense,Salary,672,NO,NO,CASH,Mumbai
T12954,U068,2021-04-14,Expense,Rent,1074,NO,NO,CASH,Unknown
T5358,U079,2021-04-14,Expense,Education,10823,NO,NO,BANK TRANSFER,Jaipur
T1395,U130,2021-02-10,Expense,Food,3060,NO,NO,UPI,Hyderabad
T0927,U095,2023-08-15,Expense,Rent,3271,NO,NO,BANK TRANSFER,Delhi
T12755,U095,2021-04-25,Expense,Education,7315,NO,NO,BANK TRANSFER,Chennai
T13803,U096,2022-06-07,Expense,Utilities,1245,NO,NO,CARD,Pune
T1485,U059,2024-03-03,Expense,Others,9692,NO,NO,UPI,Delhi
T0075,U109,2021-02-07,Expense,Investment,2353,NO,NO,CASH,Lucknow
T3591,U038,2022-08-25,Expense,Food,6049,NO,NO,CARD,Chennai
T11464,U078,2021-02-10,Expense,Entertainment,817,NO,NO,UPI,Bangalore
T2580,U094,2021-11-24,Expense,Freelance,2252,NO,NO,CASH,Kolkata
T9643,U053,2022-02-07,Expense,Food,600,NO,NO,BANK TRANSFER,Ahmedabad
T2403,U141,2023-10-12,Expense,Utilities,1544,NO,NO,UPI,Chennai
T0737,U141,2022-03-01,Expense,Utilities,1025,NO,NO,CARD,Unknown
T5784,U062,2022-11-30,Expense,Rent,21501,NO,NO,CARD,Jaipur
T9313,U138,2021-11-03,Expense,Bonus,999999,NO,YES,CARD,Bangalore
T3654,U076,2021-04-05,Income,Utilities,69656,NO,NO,CARD,Kolkata
T8359,U141,2021-06-29,Income,Travel,49021,NO,NO,BANK TRANSFER,Lucknow
T13521,U026,2023-06-10,Expense,Education,4291,NO,NO,BANK TRANSFER,Pune
T7317,U088,2021-07-08,Expense,Utilities,4116,NO,NO,UPI,Bangalore
T3245,U052,2021-05-07,Expense,Bonus,3194,NO,NO,BANK TRANSFER,Ahmedabad
T10772,U082,2024-11-08,Expense,Rent,5480,NO,NO,CASH,Mumbai
T1836,U146,2021-04-16,Expense,Travel,3831,NO,NO,CARD,Kolkata
T7600,U133,2024-02-28,Income,Travel,73105,NO,NO,BANK TRANSFER,Unknown
T8513,U121,2024-05-18,Expense,Food,6998,NO,NO,CASH,Unknown
T2665,U060,2023-02-09,Expense,Utilities,648,NO,NO,UPI,Delhi
T3705,U072,2024-10-22,Expense,Rent,7779,NO,NO,UPI,Bangalore
T13449,U140,2022-12-17,Income,Food,67337,NO,NO,CASH,Mumbai
T13528,U081,2022-06-23,Expense,Entertainment,8144,NO,NO,UPI,Kolkata
T6667,U010,2021-06-22,Expense,Food,8148,NO,NO,CASH,Chennai
T9166,U051,2021-02-19,Income,Travel,47673,NO,NO,CARD,Mumbai
T0209,U114,2024-07-21,Expense,Rent,3318,NO,NO,CARD,Bangalore
T10298,U115,2024-04-24,Expense,Rent,4777,NO,NO,BANK TRANSFER,Jaipur
T3891,U092,2022-10-23,Expense,Others,5416,NO,NO,UPI,Unknown
T12376,U073,2024-02-16,Expense,Bonus,45395,NO,NO,BANK TRANSFER,Hyderabad
T9178,U079,2023-06-05,Expense,Rent,-500,YES,NO,UPI,Mumbai
T7447,U120,2023-05-26,Expense,Uncategorised,5835,NO,NO,CASH,Bangalore
T8085,U031,2022-02-28,Expense,Food,4612,NO,NO,CARD,Ahmedabad
T0418,U105,2024-10-24,Expense,Food,1889,NO,NO,UPI,Hyderabad
T6189,U111,2022-04-14,Expense,Others,1300,NO,NO,BANK TRANSFER,Ahmedabad
T3248,U114,2022-03-14,Expense,Education,18386,NO,NO,CASH,Bangalore
T5055,U125,2023-11-23,Expense,Travel,8603,NO,NO,UNKNOWN,Ahmedabad
T7812,U081,2024-01-13,Expense,Entertainment,3290,NO,NO,UPI,Mumbai
T11163,U002,2023-01-04,Expense,Uncategorised,1220,NO,NO,CASH,Pune
T13694,U116,2024-10-04,Income,Investment,25099,NO,NO,UPI,Mumbai
T6722,U109,2022-07-05,Expense,Food,2926,NO,NO,CARD,Ahmedabad
T5301,U063,2021-03-02,Expense,Rent,8956,NO,NO,CARD,Bangalore
T8111,U039,2024-07-29,Expense,Freelance,6429,NO,NO,UNKNOWN,Chennai
T0716,U093,2022-10-09,Expense,Travel,1762,NO,NO,CARD,Lucknow
T5235,U143,2024-10-15,Expense,Investment,9907,NO,NO,BANK TRANSFER,Delhi
T2475,U045,2022-09-10,Expense,Investment,17393,NO,NO,CARD,Bangalore
T1888,U142,2021-06-07,Income,Food,75689,NO,NO,CASH,Delhi
T4589,U100,2023-11-22,Expense,Education,8858,NO,NO,UPI,Jaipur
T0210,U110,2022-06-26,Expense,Entertainment,2636,NO,NO,UPI,Jaipur
T0550,U141,2023-06-03,Expense,Food,4566,NO,NO,BANK TRANSFER,Pune
T1446,U090,2024-03-17,Expense,Rent,6208,NO,NO,CASH,Pune
T3364,U059,2022-07-31,Expense,Rent,8970,NO,NO,UPI,Chennai
T3852,U007,2024-06-27,Expense,Salary,7759,NO,NO,BANK TRANSFER,Lucknow
T2606,U140,2023-01-20,Income,Food,20195,NO,NO,CARD,Hyderabad
T7985,U063,2021-06-18,Expense,Rent,3306,NO,NO,CASH,Lucknow
T4726,U026,2021-01-03,Expense,Rent,834,NO,NO,CARD,Hyderabad
T10429,U114,2022-12-06,Expense,Utilities,4397,NO,NO,CARD,Bangalore
T4639,U108,2021-10-13,Expense,Rent,1259,NO,NO,CARD,Delhi
T10029,U075,2021-01-05,Expense,Food,-1000,YES,NO,UNKNOWN,Bangalore
T8349,U005,2023-03-26,Expense,Rent,1525,NO,NO,CARD,Ahmedabad
T10971,U144,2021-06-04,Expense,Others,7920,NO,NO,CARD,Bangalore
T9716,U026,2024-03-06,Expense,Travel,6679,NO,NO,BANK TRANSFER,Kolkata
T2313,U057,2024-01-12,Expense,Bonus,1321,NO,NO,CASH,Hyderabad
T13767,U116,2023-12-28,Expense,Food,3832,NO,NO,CASH,Kolkata
T12909,U027,2021-10-16,Expense,Entertainment,1975,NO,NO,CARD,Jaipur
T6419,U139,2023-09-03,Expense,Rent,2288,NO,NO,CASH,Lucknow
T1708,U060,2022-07-01,Expense,Travel,1636,NO,NO,CARD,Pune
T8771,U081,2023-12-12,Expense,Freelance,4537,NO,NO,CASH,Ahmedabad
T2744,U004,2024-10-12,Income,Education,54771,NO,NO,BANK TRANSFER,Hyderabad
T6658,U044,2024-08-31,Income,Utilities,31663,NO,NO,BANK TRANSFER,Jaipur
T3621,U036,2024-07-06,Expense,Investment,4876,NO,NO,CARD,Lucknow
T13513,U090,2024-09-13,Expense,Food,11329,NO,NO,CARD,Bangalore
T5174,U147,2021-11-13,Income,Salary,69831,NO,NO,CASH,Unknown
T10799,U047,2021-04-07,Expense,Education,6689,NO,NO,CASH,Unknown
T4676,U085,2023-11-21,Expense,Entertainment,8300,NO,NO,BANK TRANSFER,Unknown
T12661,U118,2024-09-10,Expense,Salary,5452,NO,NO,UPI,Hyderabad
T2320,U028,2022-04-25,Expense,Utilities,3750,NO,NO,CASH,Kolkata
T6774,U128,2023-11-23,Income,Food,44729,NO,NO,UPI,Kolkata
T8777,U104,2021-04-25,Expense,Salary,5896,NO,NO,CARD,Jaipur
T10814,U123,2024-05-04,Expense,Entertainment,31660,NO,NO,UPI,Kolkata
T7340,U115,2021-07-14,Expense,Rent,1016,NO,NO,BANK TRANSFER,Mumbai
T5803,U052,2024-12-16,Expense,Food,9988,NO,NO,BANK TRANSFER,Kolkata
T3530,U032,2023-06-29,Income,Freelance,24320,NO,NO,UPI,Kolkata
T6772,U074,2024-05-07,Expense,Others,3559,NO,NO,CASH,Bangalore
T10250,U057,2024-12-20,Income,Rent,14297,NO,NO,BANK TRANSFER,Mumbai
T6511,U105,2021-12-22,Expense,Entertainment,203,NO,NO,BANK TRANSFER,Lucknow
T12099,U115,2023-05-19,Income,Food,39718,NO,NO,CASH,Kolkata
T13602,U148,2021-09-05,Expense,Utilities,156,NO,NO,CARD,Chennai
T3121,U007,2021-08-16,Expense,Health,5005,NO,NO,BANK TRANSFER,Bangalore
T6865,U004,2024-01-01,Expense,Rent,6806,NO,NO,CARD,Ahmedabad
T2980,U053,2024-09-26,Expense,Travel,231,NO,NO,CASH,Unknown
T12201,U118,2022-08-02,Expense,Utilities,1249,NO,NO,CARD,Pune
T10047,U009,2021-09-24,Expense,Food,717,NO,NO,UPI,Bangalore
T8891,U088,2024-06-07,Expense,Entertainment,3833,NO,NO,BANK TRANSFER,Bangalore
T9583,U095,2021-01-27,Expense,Utilities,2865,NO,NO,UPI,Kolkata
T1632,U093,2021-08-21,Expense,Education,415,NO,NO,UPI,Ahmedabad
T2972,U037,2024-11-23,Expense,Entertainment,4933,NO,NO,CASH,Lucknow
T7778,U045,2022-06-02,Expense,Food,3588,NO,NO,UPI,Pune
T9274,U130,2023-03-23,Expense,Salary,4377,NO,NO,CARD,Mumbai
T8656,U061,2024-04-02,Expense,Travel,3777,NO,NO,UPI,Chennai
T6342,U125,2024-05-21,Expense,Others,5077,NO,NO,CARD,Chennai
T12000,U033,2022-10-01,Income,Others,17108,NO,NO,UPI,Mumbai
T6839,U069,2022-04-26,Expense,Food,2599,NO,NO,CARD,Pune
T10093,U083,2024-02-05,Expense,Utilities,2535,NO,NO,CASH,Delhi
T2419,U134,2024-11-08,Expense,Food,4069,NO,NO,UPI,Hyderabad
T0026,U141,2021-11-22,Expense,Food,4643,NO,NO,UPI,Unknown
T8827,U068,2024-12-26,Expense,Entertainment,9638,NO,NO,UNKNOWN,Bangalore
T4444,U005,2023-02-02,Expense,Education,1084,NO,NO,CARD,Hyderabad
T7124,U011,2021-09-23,Expense,Food,9249,NO,NO,CASH,Delhi
T1621,U113,2021-05-03,Expense,Savings,3471,NO,NO,CASH,Kolkata
T6450,U085,2024-07-11,Expense,Health,84,NO,NO,CASH,Chennai
T2759,U041,2021-01-16,Expense,Utilities,6786,NO,NO,BANK TRANSFER,Chennai
T11953,U051,2021-02-22,Expense,Others,3421,NO,NO,BANK TRANSFER,Ahmedabad
T3703,U070,2023-01-16,Expense,Travel,3771,NO,NO,UPI,Bangalore
T9647,U112,2023-01-08,Income,Food,12377,NO,NO,UPI,Ahmedabad
T2398,U053,2022-09-19,Expense,Entertainment,38137,NO,NO,BANK TRANSFER,Hyderabad
T10652,U114,2021-04-27,Expense,Savings,6963,NO,NO,CASH,Hyderabad
T5762,U107,2021-03-09,Income,Health,70223,NO,NO,UPI,Kolkata
T11520,U111,2022-05-20,Expense,Rent,4100,NO,NO,BANK TRANSFER,Pune
T9630,U028,2023-01-14,Expense,Entertainment,26643,NO,NO,CARD,Lucknow
T9291,U130,2022-11-19,Expense,Education,6196,NO,NO,BANK TRANSFER,Jaipur
T2511,U117,2021-03-03,Expense,Rent,1005,NO,NO,CARD,Delhi
T11797,U040,2021-09-29,Expense,Salary,5071,NO,NO,UPI,Mumbai
T12735,U115,2021-12-02,Income,Rent,70849,NO,NO,CARD,Hyderabad
T13937,U099,2021-05-20,Expense,Entertainment,3172,NO,NO,UPI,Mumbai
T8774,U108,2024-01-27,Expense,Freelance,453,NO,NO,CARD,Delhi
T8414,U143,2023-01-19,Income,Rent,64553,NO,NO,UPI,Kolkata
T4810,U031,2024-03-14,Expense,Food,3552,NO,NO,CASH,Lucknow
T3939,U011,2021-02-24,Expense,Rent,4995,NO,NO,UPI,Mumbai
T4347,U092,2022-09-02,Income,Travel,12381,NO,NO,BANK TRANSFER,Kolkata
T7682,U122,2021-07-30,Expense,Rent,7466,NO,NO,CASH,Ahmedabad
T4688,U023,2024-01-10,Expense,Education,3338,NO,NO,UPI,Chennai
T9765,U051,2023-08-03,Income,Utilities,254385,NO,NO,CASH,Unknown
T2962,U070,2021-09-17,Expense,Food,2309,NO,NO,CASH,Kolkata
T8489,U095,2024-09-11,Expense,Food,0,NO,NO,UPI,Ahmedabad
T5008,U135,2023-08-30,Expense,Utilities,4107,NO,NO,UPI,Lucknow
T9174,U118,2021-09-13,Expense,Salary,9414,NO,NO,UPI,Ahmedabad
T9504,U069,2022-05-13,Expense,Bonus,1763,NO,NO,CASH,Delhi
T3140,U033,2021-04-18,Expense,Education,7501,NO,NO,CASH,Mumbai
T11967,U059,2022-01-04,Income,Food,69750,NO,NO,UPI,Ahmedabad
T10260,U077,2024-02-02,Expense,Investment,8849,NO,NO,BANK TRANSFER,Unknown
T6089,U060,2023-11-13,Expense,Savings,5282,NO,NO,BANK TRANSFER,Delhi
T12774,U037,2023-07-23,Expense,Utilities,8153,NO,NO,BANK TRANSFER,Ahmedabad
T9469,U118,2022-03-20,Expense,Food,2771,NO,NO,BANK TRANSFER,Hyderabad
T2418,U059,2024-11-29,Expense,Food,3199,NO,NO,UPI,Jaipur
T2547,U023,2022-12-30,Expense,Travel,1021,NO,NO,CARD,Chennai
T0988,U013,2023-07-30,Expense,Utilities,2695,NO,NO,UNKNOWN,Unknown
T10722,U122,2022-12-24,Income,Rent,46244,NO,NO,UPI,Delhi
T9665,U132,2023-08-01,Expense,Food,3101,NO,NO,CARD,Jaipur
T7824,U085,2024-11-15,Expense,Education,8149,NO,NO,BANK TRANSFER,Ahmedabad
T12328,U006,2021-02-26,Expense,Education,4546,NO,NO,CARD,Kolkata
T8720,U077,2021-01-28,Expense,Food,6064,NO,NO,BANK TRANSFER,Pune
T5006,U018,2023-12-14,Expense,Travel,1897,NO,NO,BANK TRANSFER,Bangalore
T13972,U018,2021-09-04,Income,Rent,12555,NO,NO,BANK TRANSFER,Kolkata
T10815,U011,2022-04-18,Income,Freelance,59348,NO,NO,BANK TRANSFER,Jaipur
T11034,U097,2022-10-16,Expense,Others,3519,NO,NO,BANK TRANSFER,Pune
T4563,U016,2024-11-30,Expense,Investment,7800,NO,NO,CASH,Chennai
T3108,U053,2022-09-28,Expense,Investment,-500,YES,NO,BANK TRANSFER,Pune
T1934,U064,2021-06-18,Expense,Travel,8620,NO,NO,UNKNOWN,Unknown
T11882,U041,2023-12-30,Expense,Uncategorised,7841,NO,NO,CARD,Jaipur
T6789,U002,2021-11-23,Expense,Others,377,NO,NO,CASH,Chennai
T2731,U091,2021-07-22,Expense,Health,6857,NO,NO,UPI,Ahmedabad
T10440,U117,2022-09-04,Income,Savings,69187,NO,NO,UPI,Jaipur
T6841,U017,2024-01-12,Expense,Uncategorised,3969,NO,NO,CASH,Mumbai
T7443,U059,2023-03-01,Expense,Utilities,3262,NO,NO,BANK TRANSFER,Bangalore
T2038,U125,2022-06-11,Expense,Entertainment,11395,NO,NO,CARD,Ahmedabad
T6125,U104,2024-09-25,Expense,Food,8048,NO,NO,CASH,Pune
T7927,U059,2023-01-13,Expense,Rent,955,NO,NO,CASH,Chennai
T9005,U065,2022-05-29,Income,Food,71096,NO,NO,CARD,Lucknow
T0236,U144,2022-12-14,Expense,Entertainment,3359,NO,NO,CASH,Unknown
T2343,U006,2022-07-03,Expense,Rent,2971,NO,NO,UPI,Kolkata
T1811,U072,2024-05-15,Expense,Food,5280,NO,NO,UPI,Mumbai
T9566,U111,2021-05-05,Expense,Food,3999,NO,NO,BANK TRANSFER,Bangalore
T10956,U133,2021-02-14,Income,Food,76935,NO,NO,CASH,Unknown
T4387,U090,2021-07-21,Expense,Rent,8026,NO,NO,BANK TRANSFER,Pune
T5153,U049,2023-11-05,Expense,Travel,9669,NO,NO,BANK TRANSFER,Lucknow
T13288,U096,2022-11-12,Expense,Travel,982,NO,NO,CARD,Lucknow
T7767,U061,2021-01-22,Expense,Travel,3860,NO,NO,UPI,Kolkata
T1196,U043,2022-05-01,Expense,Rent,15359,NO,NO,UPI,Hyderabad
T4903,U042,2024-12-23,Expense,Utilities,5337,NO,NO,UPI,Jaipur
T12042,U097,2024-03-18,Expense,Utilities,7993,NO,NO,CARD,Ahmedabad
T5817,U023,2024-08-07,Expense,Travel,2072,NO,NO,CASH,Lucknow
T10571,U002,2022-05-28,Expense,Others,6817,NO,NO,CASH,Jaipur
T13341,U089,2023-05-21,Expense,Utilities,9028,NO,NO,CARD,Pune
T12712,U108,2024-02-15,Expense,Bonus,9063,NO,NO,BANK TRANSFER,Chennai
T12770,U038,2023-06-28,Expense,Utilities,42628,NO,NO,UPI,Delhi
T13514,U050,2021-12-08,Expense,Food,7457,NO,NO,UPI,Hyderabad
T8512,U068,2024-02-19,Expense,Others,40333,NO,NO,CARD,Hyderabad
T8271,U066,2023-07-24,Expense,Utilities,4795,NO,NO,CASH,Ahmedabad
T10940,U148,2021-08-28,Expense,Rent,9178,NO,NO,UNKNOWN,Mumbai
T1127,U001,2024-01-24,Expense,Rent,6863,NO,NO,UNKNOWN,Unknown
T11935,U150,2021-10-08,Expense,Travel,2678,NO,NO,BANK TRANSFER,Mumbai
T10815,U011,2022-04-18,Income,Food,59348,NO,NO,BANK TRANSFER,Jaipur
T8351,U135,2024-12-21,Income,Rent,78359,NO,NO,CASH,Delhi
T9290,U146,2024-02-02,Expense,Rent,999999999,NO,YES,CASH,Ahmedabad
T13721,U138,2021-08-18,Income,Food,17142,NO,NO,BANK TRANSFER,Jaipur
T3178,U012,2021-09-15,Expense,Others,163,NO,NO,CASH,Jaipur
T6983,U092,2024-12-29,Expense,Travel,4950,NO,NO,CASH,Delhi
T5824,U149,2022-01-30,Expense,Entertainment,5490,NO,NO,BANK TRANSFER,Hyderabad
T8847,U053,2023-05-02,Expense,Investment,3096,NO,NO,CASH,Mumbai
T4593,U077,2021-07-03,Expense,Travel,7306,NO,NO,CASH,Mumbai
T0099,U149,2021-04-16,Expense,Bonus,29916,NO,NO,UNKNOWN,Delhi
T0439,U106,2021-08-15,Expense,Savings,3482,NO,NO,BANK TRANSFER,Kolkata
T11349,U037,2023-08-04,Expense,Bonus,4160,NO,NO,UNKNOWN,Jaipur
T0003,U078,2021-08-26,Income,Health,64935,NO,NO,BANK TRANSFER,Lucknow
T13823,U023,2022-10-06,Expense,Utilities,3654,NO,NO,CARD,Mumbai
T6277,U024,2023-01-10,Income,Food,11386,NO,NO,BANK TRANSFER,Jaipur
T7836,U040,2024-05-19,Expense,Travel,7538,NO,NO,UPI,Jaipur
T7932,U132,2024-10-05,Expense,Utilities,8167,NO,NO,CARD,Lucknow
T6288,U016,2023-04-09,Expense,Entertainment,333,NO,NO,CARD,Ahmedabad
T4737,U079,2022-03-26,Expense,Utilities,-1000,YES,NO,CASH,Ahmedabad
T7492,U115,2024-11-14,Income,Food,55369,NO,NO,CASH,Chennai
T2415,U038,2024-05-10,Expense,Rent,3086,NO,NO,CASH,Lucknow
T11520,U037,2023-11-28,Expense,Rent,9803,NO,NO,CARD,Mumbai
T12511,U089,2023-08-29,Expense,Food,8019,NO,NO,CARD,Mumbai
T11943,U009,2023-04-20,Expense,Utilities,4176,NO,NO,CARD,Ahmedabad
T0427,U113,2024-04-14,Expense,Freelance,2953,NO,NO,CARD,Bangalore
T2484,U048,2021-08-09,Income,Travel,27046,NO,NO,BANK TRANSFER,Delhi
T11793,U081,2024-05-06,Expense,Travel,8760,NO,NO,CASH,Ahmedabad
T1151,U108,2021-03-06,Expense,Utilities,837,NO,NO,BANK TRANSFER,Delhi
T3644,U113,2022-08-27,Expense,Others,8868,NO,NO,CASH,Unknown
T12566,U012,2023-02-09,Expense,Food,2921,NO,NO,UNKNOWN,Chennai
T12499,U044,2021-10-23,Expense,Food,4173,NO,NO,CARD,Mumbai
T9675,U075,2023-01-26,Expense,Savings,4505,NO,NO,UPI,Lucknow
T6436,U102,2022-03-28,Income,Rent,38733,NO,NO,CARD,Hyderabad
T11201,U028,2024-10-27,Expense,Rent,9627,NO,NO,CASH,Delhi
T11024,U103,2024-11-13,Income,Travel,55629,NO,NO,UPI,Ahmedabad
T0279,U110,2021-03-27,Expense,Rent,9470,NO,NO,CASH,Ahmedabad
T6912,U103,2023-04-08,Expense,Entertainment,1649,NO,NO,UNKNOWN,Pune
T12473,U141,2024-11-01,Expense,Health,972,NO,NO,CASH,Jaipur
T1707,U005,2024-11-07,Expense,Food,36536,NO,NO,UNKNOWN,Lucknow
T1957,U076,2022-09-06,Expense,Rent,1358,NO,NO,BANK TRANSFER,Mumbai
T8299,U070,2021-06-09,Expense,Travel,2540,NO,NO,UPI,Ahmedabad
T10975,U090,2023-01-05,Income,Rent,76554,NO,NO,CASH,Lucknow
T6021,U022,2022-11-25,Income,Education,46512,NO,NO,CARD,Chennai
T3315,U023,2023-05-10,Expense,Health,5071,NO,NO,UPI,Ahmedabad
T13081,U107,2021-10-14,Expense,Food,1016,NO,NO,UPI,Pune
T3035,U113,2023-03-24,Income,Travel,42808,NO,NO,CASH,Delhi
T12533,U023,2021-10-15,Expense,Food,9780,NO,NO,UPI,Lucknow
T4536,U005,2022-01-24,Expense,Food,3896,NO,NO,BANK TRANSFER,Ahmedabad
T7511,U077,2022-01-10,Expense,Travel,5537,NO,NO,BANK TRANSFER,Delhi
T11443,U045,2022-07-05,Expense,Education,24730,NO,NO,UPI,Kolkata
T8029,U144,2022-05-25,Income,Freelance,35072,NO,NO,CARD,Delhi
T1458,U048,2023-10-19,Expense,Health,908,NO,NO,CARD,Bangalore
T13778,U093,2021-05-07,Expense,Others,4198,NO,NO,CASH,Jaipur
T1655,U133,2024-10-19,Expense,Education,8452,NO,NO,UPI,Mumbai
T2348,U059,2024-05-05,Expense,Travel,5349,NO,NO,CARD,Hyderabad
T11037,U046,2024-04-07,Income,Uncategorised,40883,NO,NO,BANK TRANSFER,Delhi
T9069,U047,2023-12-29,Income,Food,46285,NO,NO,BANK TRANSFER,Ahmedabad
T2678,U119,2021-05-15,Expense,Others,37286,NO,NO,UNKNOWN,Ahmedabad
T1243,U099,2021-04-30,Expense,Salary,-500,YES,NO,CARD,Chennai
T10342,U040,2021-04-08,Expense,Rent,9850,NO,NO,CASH,Hyderabad
T4016,U085,2021-07-30,Expense,Travel,8981,NO,NO,CARD,Pune
T4757,U058,2023-01-28,Expense,Salary,7686,NO,NO,CASH,Jaipur
T5899,U075,2024-07-24,Expense,Others,5657,NO,NO,UPI,Unknown
T12686,U141,2021-06-28,Expense,Travel,3915,NO,NO,BANK TRANSFER,Hyderabad
T0647,U118,2024-05-20,Expense,Others,1921,NO,NO,CARD,Delhi
T9660,U022,2022-08-24,Expense,Health,3865,NO,NO,CARD,Pune
T5479,U070,2024-10-31,Expense,Utilities,1544,NO,NO,UPI,Bangalore
T0658,U121,2022-07-09,Expense,Travel,6591,NO,NO,CARD,Ahmedabad
T7563,U148,2024-04-11,Expense,Bonus,47690,NO,NO,BANK TRANSFER,Jaipur
T10776,U080,2021-06-16,Income,Food,32514,NO,NO,CASH,Jaipur
T7923,U097,2024-10-14,Income,Others,25258,NO,NO,BANK TRANSFER,Delhi
T5494,U089,2023-09-16,Expense,Education,9577,NO,NO,CASH,Lucknow
T0013,U124,2023-02-04,Expense,Food,7554,NO,NO,BANK TRANSFER,Chennai
T10670,U039,2024-12-24,Expense,Utilities,1476,NO,NO,BANK TRANSFER,Lucknow
T4227,U079,2022-02-15,Expense,Education,4873,NO,NO,CASH,Ahmedabad
T3832,U111,2024-02-07,Expense,Utilities,8969,NO,NO,CARD,Jaipur
T13779,U111,2021-11-08,Expense,Others,9141,NO,NO,CASH,Ahmedabad
T12655,U022,2024-03-09,Expense,Entertainment,6133,NO,NO,UPI,Pune
T12956,U131,2024-10-13,Expense,Entertainment,6081,NO,NO,CARD,Hyderabad
T6347,U136,2023-07-23,Expense,Food,8239,NO,NO,CARD,Lucknow
T12771,U131,2022-01-27,Income,Others,0,NO,NO,CASH,Lucknow
T0773,U060,2024-06-25,Expense,Travel,4538,NO,NO,CASH,Delhi
T2615,U084,2022-06-08,Expense,Rent,7523,NO,NO,BANK TRANSFER,Chennai
T10628,U101,2022-04-28,Income,Utilities,23217,NO,NO,UPI,Pune
T6930,U048,2022-12-14,Expense,Travel,873,NO,NO,BANK TRANSFER,Delhi
T8839,U038,2022-01-06,Income,Salary,73885,NO,NO,CARD,Lucknow
T4740,U029,2021-05-24,Income,Investment,10926,NO,NO,UPI,Lucknow
T1607,U063,2021-03-01,Expense,Utilities,6259,NO,NO,CASH,Jaipur
T3908,U076,2022-02-14,Expense,Food,8887,NO,NO,BANK TRANSFER,Hyderabad
T11606,U080,2022-04-05,Expense,Salary,9886,NO,NO,CARD,Chennai
T5881,U136,2021-08-15,Expense,Food,1752,NO,NO,UNKNOWN,Chennai
T0705,U003,2023-03-21,Expense,Travel,1974,NO,NO,CARD,Kolkata
T6428,U104,2023-01-27,Expense,Bonus,4829,NO,NO,CARD,Bangalore
T7811,U068,2024-07-13,Income,Uncategorised,56796,NO,NO,BANK TRANSFER,Chennai
T4554,U033,2024-07-25,Expense,Food,2134,NO,NO,BANK TRANSFER,Mumbai
T11155,U045,2021-08-10,Expense,Savings,1641,NO,NO,BANK TRANSFER,Chennai
T2388,U141,2024-05-13,Expense,Rent,1096,NO,NO,CARD,Kolkata
T8669,U050,2024-08-06,Expense,Education,8899,NO,NO,UPI,Jaipur
T3095,U053,2021-03-04,Expense,Food,8525,NO,NO,UPI,Unknown
T7438,U143,2024-11-16,Expense,Travel,27362,NO,NO,CARD,Bangalore
T6845,U064,2024-07-02,Expense,Salary,0,NO,NO,CARD,Delhi
T13017,U108,2022-09-13,Expense,Food,1152,NO,NO,CARD,Kolkata
T1961,U058,2022-05-28,Income,Uncategorised,23191,NO,NO,UPI,Hyderabad
T12650,U128,2022-06-11,Expense,Food,7027,NO,NO,CASH,Hyderabad
T4426,U039,2021-08-18,Income,Rent,42668,NO,NO,CASH,Hyderabad
T4002,U150,2021-08-28,Expense,Entertainment,1093,NO,NO,CARD,Hyderabad
T10981,U014,2023-07-31,Expense,Salary,8542,NO,NO,CASH,Mumbai
T6320,U006,2021-02-04,Expense,Rent,3896,NO,NO,CARD,Unknown
T5995,U031,2022-01-22,Expense,Utilities,7839,NO,NO,CARD,Bangalore
T2260,U137,2024-07-27,Income,Freelance,58313,NO,NO,BANK TRANSFER,Hyderabad
T10968,U104,2021-07-02,Expense,Food,6928,NO,NO,UPI,Lucknow
T13903,U026,2022-02-02,Expense,Rent,9089,NO,NO,CARD,Lucknow
T10961,U051,2023-03-18,Expense,Food,1695,NO,NO,BANK TRANSFER,Delhi
T12843,U052,2024-11-23,Income,Rent,54685,NO,NO,UPI,Unknown
T11931,U027,2023-10-08,Expense,Travel,1620,NO,NO,BANK TRANSFER,Bangalore
T12508,U036,2022-09-21,Income,Food,34947,NO,NO,BANK TRANSFER,Unknown
T8722,U098,2023-06-07,Expense,Rent,4398,NO,NO,UPI,Kolkata
T4145,U087,2022-04-15,Expense,Food,5531,NO,NO,CARD,Ahmedabad
T13836,U144,2021-10-19,Expense,Health,3458,NO,NO,CASH,Delhi
T9314,U139,2022-01-19,Income,Entertainment,58526,NO,NO,CARD,Bangalore
T5191,U116,2022-05-18,Expense,Uncategorised,9460,NO,NO,UPI,Hyderabad
T9908,U092,2021-11-11,Expense,Utilities,4318,NO,NO,CASH,Delhi
T5486,U024,2022-06-11,Income,Food,51746,NO,NO,UPI,Ahmedabad
T4390,U040,2021-07-04,Expense,Food,8501,NO,NO,BANK TRANSFER,Kolkata
T1715,U009,2023-09-15,Expense,Food,6192,NO,NO,CASH,Pune
T5089,U003,2021-06-17,Expense,Food,3829,NO,NO,BANK TRANSFER,Lucknow
T0611,U065,2022-08-03,Income,Bonus,72111,NO,NO,CARD,Unknown
T7131,U054,2024-02-23,Expense,Salary,9313,NO,NO,CASH,Pune
T5129,U008,2023-10-22,Expense,Food,-500,YES,NO,BANK TRANSFER,Lucknow
T1899,U144,2022-11-04,Expense,Travel,5666,NO,NO,CASH,Bangalore
T12148,U050,2023-09-18,Expense,Utilities,3178,NO,NO,CASH,Hyderabad
T9575,U047,2024-05-22,Expense,Food,1596,NO,NO,CASH,Hyderabad
T1526,U007,2023-07-23,Expense,Food,3735,NO,NO,CARD,Mumbai
T11172,U054,2022-09-04,Expense,Food,8799,NO,NO,UPI,Mumbai
T9018,U065,2024-05-01,Expense,Freelance,6517,NO,NO,BANK TRANSFER,Kolkata
T0897,U133,2024-10-04,Expense,Food,1096,NO,NO,UNKNOWN,Chennai
T13605,U113,2022-12-17,Expense,Education,339,NO,NO,UPI,Mumbai
T13090,U055,2024-04-23,Expense,Rent,3020,NO,NO,CARD,Bangalore
T9607,U054,2021-11-05,Expense,Entertainment,3713,NO,NO,CARD,Unknown
T8442,U102,2021-08-01,Expense,Food,6993,NO,NO,BANK TRANSFER,Lucknow
T3106,U127,2023-09-15,Expense,Bonus,0,NO,NO,UPI,Pune
T3748,U051,2024-08-25,Expense,Food,3689,NO,NO,CASH,Pune
T7481,U121,2023-05-04,Expense,Entertainment,6443,NO,NO,CARD,Lucknow
T7066,U023,2024-12-23,Income,Utilities,53920,NO,NO,UPI,Ahmedabad
T6666,U004,2024-09-05,Expense,Education,7543,NO,NO,BANK TRANSFER,Jaipur
T4368,U106,2022-12-19,Income,Food,20419,NO,NO,CASH,Mumbai
T9762,U105,2021-04-13,Income,Food,50731,NO,NO,UPI,Delhi
T0179,U037,2024-10-26,Expense,Utilities,907,NO,NO,CASH,Kolkata
T12091,U148,2023-11-05,Expense,Utilities,4194,NO,NO,BANK TRANSFER,Mumbai
T7256,U029,2022-08-16,Expense,Utilities,4044,NO,NO,BANK TRANSFER,Jaipur
T13670,U083,2023-08-15,Expense,Travel,3092,NO,NO,CASH,Bangalore
T4807,U148,2023-12-27,Expense,Utilities,0,NO,NO,CASH,Lucknow
T11470,U107,2024-03-29,Expense,Food,6247,NO,NO,BANK TRANSFER,Bangalore
T3809,U041,2021-06-25,Expense,Rent,1327,NO,NO,CASH,Pune
T6006,U125,2024-08-04,Expense,Food,1793,NO,NO,CASH,Mumbai
T1338,U100,2024-02-04,Expense,Health,5875,NO,NO,BANK TRANSFER,Kolkata
T9217,U003,2023-03-09,Expense,Travel,9361,NO,NO,UPI,Lucknow
T11343,U138,2021-04-24,Income,Uncategorised,25503,NO,NO,CASH,Lucknow
T7708,U039,2021-09-02,Expense,Utilities,9488,NO,NO,CASH,Unknown
T4168,U022,2023-08-04,Expense,Health,1335,NO,NO,UPI,Jaipur
T3770,U040,2023-06-26,Expense,Others,1175,NO,NO,BANK TRANSFER,Unknown
T3326,U132,2021-09-09,Expense,Travel,2670,NO,NO,BANK TRANSFER,Hyderabad
T7452,U074,2021-11-06,Expense,Travel,4280,NO,NO,BANK TRANSFER,Hyderabad
T1415,U027,2023-11-21,Expense,Health,24380,NO,NO,UPI,Mumbai
T1131,U145,2021-05-02,Expense,Rent,2912,NO,NO,UPI,Kolkata
T11517,U083,2024-09-11,Expense,Rent,1967,NO,NO,UPI,Kolkata
T10113,U121,2021-08-07,Expense,Education,11268,NO,NO,UPI,Chennai
T13207,U065,2024-09-28,Income,Others,50409,NO,NO,BANK TRANSFER,Bangalore
T2564,U076,2021-04-18,Expense,Entertainment,9518,NO,NO,UPI,Mumbai
T12410,U130,2021-01-31,Expense,Food,770,NO,NO,UPI,Pune
T8304,U088,2023-07-23,Income,Entertainment,26810,NO,NO,UPI,Pune
T13517,U071,2024-06-28,Expense,Savings,2778,NO,NO,CARD,Jaipur
T1419,U022,2023-10-20,Expense,Food,9413,NO,NO,UNKNOWN,Kolkata
T5267,U088,2024-04-10,Expense,Entertainment,2777,NO,NO,CASH,Jaipur
T1242,U030,2023-06-25,Expense,Health,1640,NO,NO,UPI,Kolkata
T3186,U027,2024-01-14,Expense,Utilities,5132,NO,NO,CARD,Lucknow
T4877,U135,2023-06-20,Expense,Rent,1163,NO,NO,BANK TRANSFER,Jaipur
T3072,U017,2023-04-25,Expense,Food,7597,NO,NO,UPI,Ahmedabad
T13562,U145,2022-09-26,Expense,Education,5984,NO,NO,CARD,Ahmedabad
T8652,U117,2022-09-21,Expense,Investment,1241,NO,NO,CASH,Jaipur
T4101,U010,2024-03-14,Expense,Utilities,8743,NO,NO,UNKNOWN,Ahmedabad
T6015,U094,2021-07-28,Income,Food,20350,NO,NO,BANK TRANSFER,Bangalore
T9141,U074,2023-09-03,Income,Investment,28444,NO,NO,UPI,Unknown
T7166,U040,2021-10-09,Expense,Utilities,7284,NO,NO,UPI,Kolkata
T7455,U062,2023-06-25,Expense,Entertainment,5600,NO,NO,UPI,Jaipur
T10097,U103,2022-08-25,Income,Uncategorised,68186,NO,NO,CARD,Pune
T8516,U116,2021-05-29,Expense,Travel,6648,NO,NO,BANK TRANSFER,Mumbai
T2946,U021,2022-12-12,Expense,Rent,4999,NO,NO,BANK TRANSFER,Delhi
T11787,U024,2021-08-26,Expense,Food,5311,NO,NO,BANK TRANSFER,Bangalore
T3021,U111,2021-09-25,Expense,Entertainment,585,NO,NO,UPI,Delhi
T1202,U072,2022-03-12,Expense,Travel,7892,NO,NO,BANK TRANSFER,Hyderabad
T9251,U044,2021-07-16,Expense,Rent,6241,NO,NO,UPI,Hyderabad
T1954,U008,2023-10-02,Expense,Utilities,15177,NO,NO,BANK TRANSFER,Delhi
T10336,U147,2021-02-18,Expense,Rent,4813,NO,NO,CARD,Unknown
T10730,U145,2021-06-24,Expense,Utilities,0,NO,NO,CARD,Bangalore
T0811,U142,2021-10-24,Expense,Freelance,8562,NO,NO,UNKNOWN,Delhi
T3710,U143,2022-07-07,Expense,Uncategorised,6363,NO,NO,CASH,Chennai
T5196,U026,2022-01-02,Expense,Salary,21341,NO,NO,UPI,Jaipur
T7859,U098,2021-08-24,Income,Food,17069,NO,NO,CARD,Jaipur
T10812,U107,2024-10-17,Income,Savings,64313,NO,NO,CASH,Pune
T13992,U076,2022-01-16,Income,Entertainment,277040,NO,NO,CASH,Jaipur
T7944,U022,2024-07-22,Income,Rent,57757,NO,NO,UNKNOWN,Chennai
T10762,U059,2021-01-17,Expense,Food,7225,NO,NO,CASH,Unknown
T12672,U022,2024-12-23,Expense,Travel,2524,NO,NO,CASH,Delhi
T3831,U147,2023-11-04,Expense,Entertainment,2086,NO,NO,CASH,Bangalore
T9612,U063,2024-04-01,Expense,Others,6455,NO,NO,CASH,Bangalore
T9015,U049,2021-02-14,Expense,Education,6269,NO,NO,CASH,Kolkata
T1521,U001,2023-07-12,Expense,Education,882,NO,NO,UPI,Delhi
T6283,U106,2021-06-19,Expense,Food,507,NO,NO,BANK TRANSFER,Ahmedabad
T11247,U037,2023-11-27,Expense,Entertainment,998,NO,NO,CARD,Bangalore
T9151,U146,2023-09-18,Expense,Utilities,8437,NO,NO,CARD,Jaipur
T0049,U033,2024-04-23,Expense,Savings,-500,YES,NO,CARD,Kolkata
T9551,U112,2022-08-21,Expense,Utilities,4023,NO,NO,UPI,Chennai
T7678,U002,2022-06-25,Expense,Rent,775,NO,NO,CARD,Pune
T5775,U116,2024-07-25,Expense,Food,1130,NO,NO,CARD,Bangalore
T10045,U002,2022-12-05,Expense,Utilities,3573,NO,NO,BANK TRANSFER,Bangalore
T4513,U087,2021-05-22,Expense,Utilities,4040,NO,NO,BANK TRANSFER,Unknown
T2422,U036,2024-09-14,Expense,Travel,2214,NO,NO,CASH,Pune
T2994,U136,2021-05-12,Expense,Travel,228,NO,NO,CARD,Pune
T10592,U042,2023-11-12,Expense,Investment,4746,NO,NO,CARD,Kolkata
T4767,U007,2021-02-25,Expense,Travel,6664,NO,NO,UNKNOWN,Lucknow
T2088,U099,2022-09-23,Expense,Food,3790,NO,NO,BANK TRANSFER,Bangalore
T4707,U043,2024-04-16,Expense,Education,6444,NO,NO,CASH,Pune
T6101,U075,2023-08-15,Expense,Travel,1376,NO,NO,CASH,Mumbai
T1204,U110,2021-09-10,Expense,Utilities,9267,NO,NO,UNKNOWN,Mumbai
T12023,U096,2023-11-25,Expense,Freelance,104,NO,NO,UPI,Pune
T13182,U123,2023-12-02,Expense,Bonus,6696,NO,NO,BANK TRANSFER,Unknown
T9351,U035,2022-01-18,Expense,Utilities,2743,NO,NO,CARD,Jaipur
T6097,U114,2024-06-12,Expense,Investment,798,NO,NO,CASH,Ahmedabad
T0413,U075,2021-12-09,Income,Rent,56061,NO,NO,UPI,Jaipur
T13079,U076,2022-04-09,Expense,Rent,2708,NO,NO,CARD,Jaipur
T12724,U048,2021-05-16,Expense,Food,8995,NO,NO,CARD,Unknown
T3824,U034,2021-02-23,Expense,Utilities,663,NO,NO,UPI,Kolkata
T2439,U014,2021-01-08,Income,Rent,18087,NO,NO,CASH,Pune
T0492,U028,2021-09-16,Expense,Education,5705,NO,NO,UNKNOWN,Kolkata
T5384,U102,2022-05-31,Expense,Entertainment,9294,NO,NO,CASH,Hyderabad
T5508,U129,2021-03-13,Expense,Travel,1042,NO,NO,CASH,Unknown
T11441,U122,2023-07-01,Expense,Rent,9244,NO,NO,BANK TRANSFER,Chennai
T5213,U031,2021-03-31,Expense,Uncategorised,4266,NO,NO,UPI,Pune
T2045,U072,2023-10-10,Expense,Food,9658,NO,NO,BANK TRANSFER,Ahmedabad
T1781,U088,2022-06-15,Expense,Salary,4193,NO,NO,CASH,Hyderabad
T0667,U018,2022-08-10,Expense,Travel,2270,NO,NO,CASH,Ahmedabad
T10156,U060,2023-08-20,Income,Education,38336,NO,NO,UPI,Kolkata
T3800,U004,2022-05-22,Expense,Entertainment,3433,NO,NO,CASH,Bangalore
T11244,U123,2023-02-06,Expense,Food,289,NO,NO,CASH,Delhi
T8797,U043,2024-05-26,Income,Rent,21687,NO,NO,BANK TRANSFER,Bangalore
T5181,U132,2023-04-20,Expense,Rent,7575,NO,NO,CARD,Bangalore
T13140,U130,2024-12-13,Income,Health,28477,NO,NO,UPI,Unknown
T12683,U145,2024-05-03,Expense,Rent,8642,NO,NO,CASH,Mumbai
T2405,U061,2023-11-04,Income,Rent,0,NO,NO,CARD,Bangalore
T3713,U015,2022-06-11,Expense,Bonus,7353,NO,NO,UPI,Mumbai
T4865,U070,2021-10-12,Expense,Bonus,8693,NO,NO,BANK TRANSFER,Ahmedabad
T1077,U092,2022-01-04,Expense,Savings,4213,NO,NO,CASH,Pune
T4435,U053,2021-05-08,Expense,Travel,624,NO,NO,BANK TRANSFER,Lucknow
T11199,U143,2022-01-19,Expense,Entertainment,4674,NO,NO,UPI,Bangalore
T2970,U092,2023-11-13,Expense,Salary,6552,NO,NO,BANK TRANSFER,Unknown
T11084,U035,2022-10-15,Expense,Food,5770,NO,NO,CARD,Ahmedabad
T11054,U047,2022-01-24,Expense,Rent,3200,NO,NO,CARD,Chennai
T2776,U031,2023-10-10,Expense,Health,9385,NO,NO,CARD,Hyderabad
T10184,U127,2021-07-19,Expense,Food,211,NO,NO,CARD,Hyderabad
T4184,U113,2022-08-30,Expense,Entertainment,5770,NO,NO,CARD,Kolkata
T3565,U060,2022-05-08,Expense,Rent,7139,NO,NO,CARD,Ahmedabad
T3711,U077,2023-02-05,Expense,Rent,7738,NO,NO,UNKNOWN,Chennai
T2827,U082,2024-04-26,Income,Rent,30076,NO,NO,CARD,Unknown
T9649,U018,2022-02-21,Expense,Education,7881,NO,NO,UPI,Kolkata
T9481,U147,2022-09-17,Expense,Food,3711,NO,NO,CASH,Hyderabad
T9289,U061,2021-04-26,Expense,Food,9305,NO,NO,UPI,Bangalore
T5215,U006,2024-05-03,Income,Food,50616,NO,NO,CARD,Unknown
T10647,U084,2022-08-24,Expense,Utilities,3162,NO,NO,CARD,Kolkata
T13630,U023,2023-12-15,Expense,Investment,1741,NO,NO,UPI,Delhi
T7297,U016,2022-11-05,Expense,Rent,4621,NO,NO,UPI,Bangalore
T6186,U041,2021-06-08,Expense,Travel,2012,NO,NO,CASH,Hyderabad
T8675,U046,2023-04-05,Expense,Utilities,8240,NO,NO,BANK TRANSFER,Lucknow
T4341,U082,2021-01-31,Income,Food,33703,NO,NO,BANK TRANSFER,Pune
T5846,U017,2022-11-21,Expense,Education,1897,NO,NO,BANK TRANSFER,Bangalore
T6149,U043,2023-05-20,Expense,Food,23748,NO,NO,UPI,Hyderabad
T11687,U041,2023-11-30,Expense,Education,4620,NO,NO,CASH,Delhi
T7414,U021,2024-04-25,Expense,Utilities,4578,NO,NO,CASH,Hyderabad
T2758,U085,2021-07-19,Expense,Entertainment,1255,NO,NO,CARD,Jaipur
T10879,U080,2021-10-16,Expense,Others,24421,NO,NO,CASH,Mumbai
T11896,U073,2021-05-16,Expense,Rent,9704,NO,NO,CASH,Mumbai
T0879,U045,2021-05-08,Expense,Food,216,NO,NO,CASH,Pune
T6631,U052,2022-10-05,Expense,Bonus,995,NO,NO,UPI,Bangalore
T7359,U069,2022-02-23,Expense,Food,5085,NO,NO,UPI,Ahmedabad
T7906,U128,2024-04-07,Expense,Travel,553,NO,NO,UPI,Hyderabad
T4052,U066,2021-11-11,Expense,Utilities,4882,NO,NO,CASH,Lucknow
T0377,U073,2022-06-24,Expense,Entertainment,2803,NO,NO,CARD,Ahmedabad
T0220,U112,2023-01-07,Expense,Food,5104,NO,NO,CASH,Bangalore
T5959,U093,2022-08-08,Expense,Health,1065,NO,NO,CASH,Delhi
T9137,U022,2023-01-11,Expense,Utilities,5269,NO,NO,BANK TRANSFER,Kolkata
T3876,U017,2023-09-19,Income,Uncategorised,27272,NO,NO,UPI,Delhi
T2891,U019,2022-09-15,Expense,Others,7259,NO,NO,BANK TRANSFER,Pune
T12866,U032,2023-07-30,Income,Rent,19148,NO,NO,CASH,Delhi
T13622,U143,2023-08-12,Expense,Bonus,7208,NO,NO,CASH,Mumbai
T5150,U052,2024-07-15,Expense,Travel,7467,NO,NO,CASH,Jaipur
T2581,U006,2024-08-13,Expense,Uncategorised,3791,NO,NO,UPI,Pune
T9420,U129,2024-12-03,Expense,Freelance,2641,NO,NO,BANK TRANSFER,Bangalore
T11977,U138,2021-03-14,Income,Rent,47508,NO,NO,CARD,Unknown
T10860,U105,2022-04-01,Income,Rent,66432,NO,NO,BANK TRANSFER,Pune
T4274,U070,2022-11-22,Expense,Food,6273,NO,NO,BANK TRANSFER,Pune
T5087,U004,2022-10-13,Expense,Utilities,1547,NO,NO,BANK TRANSFER,Lucknow
T12258,U123,2023-04-14,Income,Others,36012,NO,NO,CASH,Mumbai
T0119,U057,2021-02-03,Income,Others,40149,NO,NO,BANK TRANSFER,Hyderabad
T7061,U146,2023-02-09,Expense,Food,8082,NO,NO,UPI,Pune
T5238,U139,2022-04-06,Income,Salary,45615,NO,NO,UPI,Kolkata
T7502,U095,2021-05-07,Expense,Education,7539,NO,NO,UPI,Mumbai
T10915,U112,2023-01-24,Expense,Freelance,4696,NO,NO,CARD,Bangalore
T0618,U065,2021-04-28,Expense,Rent,7546,NO,NO,CASH,Lucknow
T9426,U024,2024-01-08,Expense,Food,8200,NO,NO,UPI,Chennai
T9221,U034,2023-12-05,Income,Rent,53078,NO,NO,UPI,Chennai
T8115,U037,2024-06-08,Expense,Rent,3840,NO,NO,UNKNOWN,Jaipur
T8399,U045,2022-03-08,Income,Investment,78783,NO,NO,CARD,Jaipur
T10428,U139,2024-11-07,Expense,Travel,1120,NO,NO,UPI,Jaipur
T12933,U126,2024-07-25,Expense,Entertainment,4587,NO,NO,UPI,Unknown
T4501,U130,2024-11-28,Expense,Education,9750,NO,NO,UPI,Delhi
T10341,U068,2023-03-25,Expense,Education,4986,NO,NO,UPI,Lucknow
T8393,U061,2021-02-09,Expense,Entertainment,9229,NO,NO,UPI,Mumbai
T1574,U043,2024-03-27,Income,Rent,28003,NO,NO,BANK TRANSFER,Pune
T7864,U132,2023-08-15,Expense,Utilities,2599,NO,NO,CARD,Unknown
T8958,U051,2021-04-04,Expense,Food,9677,NO,NO,CARD,Lucknow
T6042,U129,2022-07-05,Expense,Rent,4120,NO,NO,UPI,Pune
T5915,U019,2023-02-20,Income,Food,51440,NO,NO,BANK TRANSFER,Delhi
T7365,U018,2021-09-12,Expense,Entertainment,2660,NO,NO,UPI,Hyderabad
T8129,U103,2021-05-18,Expense,Entertainment,36576,NO,NO,CARD,Pune
T9213,U111,2021-03-22,Expense,Food,6829,NO,NO,UPI,Chennai
T2951,U053,2024-01-21,Income,Investment,20053,NO,NO,CARD,Jaipur
T6639,U081,2024-03-06,Expense,Utilities,722,NO,NO,UPI,Chennai
T6783,U049,2021-08-24,Income,Travel,69778,NO,NO,BANK TRANSFER,Pune
T1255,U123,2022-10-08,Expense,Food,0,NO,NO,BANK TRANSFER,Chennai
T10393,U137,2022-08-14,Expense,Food,1350,NO,NO,CARD,Hyderabad
T12291,U146,2024-01-02,Income,Rent,213867,NO,NO,CASH,Bangalore
T1297,U148,2021-06-27,Expense,Entertainment,657,NO,NO,CARD,Pune
T5296,U072,2021-11-18,Expense,Food,8578,NO,NO,UPI,Lucknow
T7263,U132,2024-06-13,Income,Others,75604,NO,NO,BANK TRANSFER,Delhi
T1381,U025,2022-03-22,Expense,Food,7805,NO,NO,CASH,Kolkata
T13390,U143,2021-12-04,Expense,Investment,145,NO,NO,CARD,Pune
T6828,U132,2024-03-11,Expense,Travel,0,NO,NO,UNKNOWN,Chennai
T6530,U022,2021-04-03,Expense,Food,8923,NO,NO,BANK TRANSFER,Jaipur
T5276,U103,2024-12-10,Expense,Rent,1035,NO,NO,BANK TRANSFER,Ahmedabad
T9945,U066,2024-07-29,Expense,Food,1396,NO,NO,CARD,Chennai
T7477,U129,2021-12-08,Income,Food,43834,NO,NO,CASH,Kolkata
T6996,U039,2024-03-24,Expense,Health,4026,NO,NO,BANK TRANSFER,Kolkata
T1543,U014,2022-12-31,Expense,Food,6492,NO,NO,CARD,Mumbai
T5642,U118,2023-01-23,Expense,Rent,824,NO,NO,CARD,Lucknow
T9930,U060,2023-10-27,Expense,Others,5175,NO,NO,BANK TRANSFER,Bangalore
T2262,U020,2021-03-19,Expense,Rent,4398,NO,NO,BANK TRANSFER,Ahmedabad
T6737,U107,2022-02-27,Income,Bonus,245156,NO,NO,UNKNOWN,Pune
T3258,U096,2021-03-06,Expense,Others,6051,NO,NO,UPI,Bangalore
T4031,U005,2023-01-11,Expense,Education,2301,NO,NO,BANK TRANSFER,Ahmedabad
T2219,U012,2021-02-18,Income,Others,40590,NO,NO,CARD,Chennai
T12007,U038,2023-09-08,Expense,Utilities,6961,NO,NO,CASH,Hyderabad
T11958,U149,2023-04-28,Expense,Food,4252,NO,NO,CASH,Pune
T7924,U141,2021-08-01,Expense,Health,38906,NO,NO,UPI,Lucknow
T9147,U041,2023-08-13,Expense,Rent,5783,NO,NO,CASH,Mumbai
T5612,U009,2021-06-09,Expense,Others,40318,NO,NO,UPI,Lucknow
T5569,U109,2021-09-06,Expense,Freelance,2226,NO,NO,CASH,Unknown
T6028,U009,2024-09-11,Expense,Travel,6252,NO,NO,BANK TRANSFER,Bangalore
T8355,U071,2022-04-29,Expense,Entertainment,42162,NO,NO,BANK TRANSFER,Lucknow
T2001,U078,2022-11-05,Expense,Rent,3844,NO,NO,CASH,Ahmedabad
T0507,U073,2024-06-14,Expense,Food,2575,NO,NO,BANK TRANSFER,Kolkata
T3195,U040,2021-03-14,Expense,Education,2323,NO,NO,BANK TRANSFER,Ahmedabad
T8627,U054,2024-12-22,Expense,Education,2837,NO,NO,BANK TRANSFER,Pune
T13539,U059,2021-03-24,Expense,Entertainment,5223,NO,NO,CASH,Kolkata
T2676,U108,2022-04-06,Expense,Entertainment,4856,NO,NO,UPI,Pune
T10984,U111,2021-03-07,Expense,Travel,6809,NO,NO,UPI,Pune
T8407,U020,2024-10-11,Expense,Food,3368,NO,NO,BANK TRANSFER,Bangalore
T10027,U056,2021-03-31,Expense,Food,721,NO,NO,CARD,Bangalore
T7122,U075,2021-03-10,Income,Investment,65623,NO,NO,CASH,Hyderabad
T1960,U058,2024-12-29,Income,Rent,65957,NO,NO,CARD,Mumbai
T5531,U144,2022-08-11,Expense,Travel,9343,NO,NO,UPI,Delhi
T10223,U039,2021-04-21,Expense,Travel,5887,NO,NO,CASH,Kolkata
T3506,U072,2022-03-21,Expense,Entertainment,8063,NO,NO,CARD,Bangalore
T5689,U147,2021-04-19,Expense,Others,3802,NO,NO,BANK TRANSFER,Delhi
T1755,U081,2021-01-16,Expense,Rent,4554,NO,NO,UNKNOWN,Delhi
T9246,U082,2024-10-24,Expense,Entertainment,2023,NO,NO,BANK TRANSFER,Kolkata
T12979,U072,2024-04-23,Expense,Travel,3919,NO,NO,CARD,Ahmedabad
T5706,U059,2022-05-03,Income,Education,22324,NO,NO,CASH,Pune
T0196,U025,2021-04-04,Expense,Health,7271,NO,NO,UPI,Pune
T6958,U140,2024-04-23,Expense,Bonus,6436,NO,NO,CASH,Ahmedabad
T13580,U018,2023-08-01,Expense,Uncategorised,7751,NO,NO,BANK TRANSFER,Mumbai
T2334,U074,2024-11-07,Expense,Utilities,7517,NO,NO,CARD,Delhi
T1786,U042,2021-03-04,Expense,Entertainment,4195,NO,NO,BANK TRANSFER,Kolkata
T13067,U046,2022-12-08,Income,Salary,38497,NO,NO,CASH,Delhi
T0286,U136,2023-09-18,Expense,Rent,2642,NO,NO,CARD,Jaipur
T11058,U127,2024-08-25,Expense,Rent,6674,NO,NO,CARD,Mumbai
T12489,U069,2023-01-07,Expense,Savings,648,NO,NO,CARD,Hyderabad
T12868,U005,2024-11-16,Expense,Food,1754,NO,NO,CASH,Lucknow
T5974,U047,2021-07-09,Expense,Travel,4297,NO,NO,CARD,Ahmedabad
T3981,U002,2024-09-21,Expense,Utilities,2324,NO,NO,CASH,Pune
T13124,U069,2024-02-15,Expense,Rent,886,NO,NO,UPI,Pune
T13674,U002,2024-10-30,Expense,Entertainment,5727,NO,NO,UPI,Mumbai
T13459,U098,2024-12-05,Expense,Food,7572,NO,NO,CASH,Kolkata
T10975,U018,2023-02-17,Expense,Food,185,NO,NO,UPI,Pune
T6030,U051,2022-01-26,Expense,Rent,5075,NO,NO,UNKNOWN,Ahmedabad
T3901,U016,2024-09-23,Expense,Travel,999999999,NO,YES,BANK TRANSFER,Lucknow
T3424,U082,2021-05-12,Expense,Utilities,4022,NO,NO,BANK TRANSFER,Pune
T8297,U138,2024-07-18,Expense,Education,6217,NO,NO,CASH,Jaipur
T7120,U009,2023-07-03,Expense,Travel,13682,NO,NO,CASH,Delhi
T8555,U055,2021-01-27,Expense,Rent,8793,NO,NO,UPI,Unknown
T10238,U029,2023-05-25,Expense,Food,3658,NO,NO,BANK TRANSFER,Bangalore
T5222,U063,2021-12-31,Expense,Travel,7061,NO,NO,UPI,Kolkata
T6481,U041,2023-12-06,Expense,Rent,2037,NO,NO,BANK TRANSFER,Mumbai
T13261,U069,2023-04-14,Expense,Entertainment,3389,NO,NO,CARD,Mumbai
T12910,U024,2021-07-07,Expense,Rent,8777,NO,NO,BANK TRANSFER,Ahmedabad
T10672,U145,2022-07-12,Income,Food,77593,NO,NO,BANK TRANSFER,Chennai
T4188,U044,2024-05-23,Expense,Rent,2673,NO,NO,CASH,Delhi
T8368,U033,2023-04-03,Expense,Rent,5127,NO,NO,CARD,Chennai
T3394,U017,2021-09-16,Expense,Rent,6896,NO,NO,CASH,Hyderabad
T5683,U030,2023-03-06,Expense,Utilities,5412,NO,NO,BANK TRANSFER,Pune
T6082,U143,2023-12-17,Expense,Rent,3940,NO,NO,CASH,Jaipur
T5050,U007,2022-06-03,Expense,Entertainment,7222,NO,NO,CASH,Mumbai
T7098,U113,2022-11-06,Expense,Food,999999999,NO,YES,CASH,Lucknow
T11425,U038,2021-05-17,Expense,Food,4925,NO,NO,UPI,Hyderabad
T10765,U137,2023-09-24,Expense,Health,1624,NO,NO,CASH,Kolkata
T11213,U080,2021-04-17,Expense,Health,4164,NO,NO,CARD,Hyderabad
T7610,U079,2023-01-04,Expense,Rent,1315,NO,NO,CASH,Jaipur
T9356,U094,2024-02-22,Expense,Food,5213,NO,NO,BANK TRANSFER,Jaipur
T8099,U093,2024-06-03,Expense,Utilities,9531,NO,NO,BANK TRANSFER,Bangalore
T6298,U053,2022-05-04,Expense,Others,-500,YES,NO,UPI,Mumbai
T8139,U066,2022-11-25,Expense,Misc,7809,NO,NO,CASH,Ahmedabad
T7706,U047,2024-09-21,Expense,Health,999999,NO,YES,CARD,Unknown
T9717,U052,2022-03-25,Expense,Food,6963,NO,NO,CASH,Pune
T1260,U024,2021-12-30,Income,Travel,73953,NO,NO,CARD,Jaipur
T9912,U036,2022-04-08,Expense,Food,6660,NO,NO,UPI,Bangalore
T7049,U033,2022-12-04,Expense,Food,2784,NO,NO,CASH,Jaipur
T5183,U144,2024-03-11,Income,Rent,64156,NO,NO,CASH,Delhi
T12817,U129,2023-07-30,Expense,Travel,7048,NO,NO,UNKNOWN,Mumbai
T6830,U038,2022-06-08,Expense,Rent,1124,NO,NO,UPI,Ahmedabad
T12851,U038,2022-12-06,Expense,Utilities,1888,NO,NO,UPI,Pune
T0715,U136,2021-03-14,Expense,Bonus,964,NO,NO,UPI,Chennai
T11549,U119,2023-06-11,Expense,Utilities,15012,NO,NO,CASH,Lucknow
T7111,U040,2021-07-22,Expense,Travel,3310,NO,NO,CASH,Ahmedabad
T1699,U036,2024-01-31,Expense,Travel,3582,NO,NO,CARD,Kolkata
T11500,U075,2024-06-16,Expense,Rent,3156,NO,NO,UPI,Bangalore
T5525,U064,2023-05-01,Expense,Travel,22203,NO,NO,BANK TRANSFER,Jaipur
T5427,U084,2024-09-02,Expense,Entertainment,5245,NO,NO,BANK TRANSFER,Pune
T8391,U064,2022-12-30,Expense,Rent,6250,NO,NO,CARD,Kolkata
T6627,U087,2024-01-01,Expense,Travel,2403,NO,NO,CASH,Unknown
T3308,U124,2021-08-27,Income,Bonus,54485,NO,NO,BANK TRANSFER,Hyderabad
T1626,U145,2022-01-30,Expense,Investment,3956,NO,NO,BANK TRANSFER,Kolkata
T4449,U137,2023-03-14,Expense,Food,3320,NO,NO,UPI,Unknown
T1515,U027,2024-07-12,Income,Food,66538,NO,NO,CASH,Bangalore
T12348,U076,2022-05-29,Expense,Education,2407,NO,NO,BANK TRANSFER,Hyderabad
T6797,U131,2022-08-02,Expense,Food,4252,NO,NO,BANK TRANSFER,Ahmedabad
T0585,U038,2024-09-05,Expense,Savings,787,NO,NO,UPI,Unknown
T1082,U098,2023-08-31,Expense,Rent,2581,NO,NO,CARD,Pune
T13313,U003,2024-03-26,Expense,Entertainment,4739,NO,NO,CARD,Kolkata
T10513,U050,2024-04-05,Expense,Entertainment,3605,NO,NO,UPI,Delhi
T10944,U081,2024-09-28,Expense,Health,4230,NO,NO,UPI,Bangalore
T10002,U063,2024-12-18,Expense,Education,9456,NO,NO,CASH,Delhi
T9288,U143,2022-12-31,Expense,Food,4334,NO,NO,CARD,Kolkata
T6623,U078,2023-09-15,Expense,Food,503,NO,NO,BANK TRANSFER,Chennai
T9204,U140,2023-10-20,Expense,Food,9391,NO,NO,UNKNOWN,Hyderabad
T11137,U090,2022-11-06,Expense,Savings,5791,NO,NO,UPI,Bangalore
T13164,U117,2021-06-20,Expense,Travel,7835,NO,NO,CASH,Delhi
T1385,U026,2022-09-27,Expense,Freelance,604,NO,NO,UPI,Kolkata
T3994,U130,2022-05-06,Expense,Freelance,8377,NO,NO,UPI,Delhi
T5044,U135,2022-01-16,Expense,Utilities,3464,NO,NO,CASH,Pune
T7278,U111,2022-01-26,Expense,Entertainment,2250,NO,NO,CASH,Mumbai
T4712,U115,2024-01-30,Expense,Travel,7134,NO,NO,CARD,Hyderabad
T6524,U141,2021-06-15,Expense,Rent,5546,NO,NO,UPI,Kolkata
T3727,U127,2022-09-16,Expense,Food,0,NO,NO,BANK TRANSFER,Pune
T3527,U082,2021-11-24,Expense,Entertainment,330,NO,NO,BANK TRANSFER,Chennai
T8114,U121,2024-04-21,Income,Education,58808,NO,NO,CARD,Hyderabad
T3494,U045,2022-07-05,Expense,Food,4472,NO,NO,UPI,Delhi
T13848,U123,2023-04-21,Expense,Entertainment,2027,NO,NO,BANK TRANSFER,Pune
T3312,U087,2021-08-14,Expense,Rent,4867,NO,NO,BANK TRANSFER,Ahmedabad
T11915,U138,2022-08-01,Expense,Education,1334,NO,NO,BANK TRANSFER,Chennai
T11011,U051,2024-10-01,Expense,Food,6700,NO,NO,CARD,Unknown
T6635,U039,2021-02-25,Income,Food,72857,NO,NO,CASH,Jaipur
T6475,U058,2022-04-28,Income,Utilities,53734,NO,NO,BANK TRANSFER,Unknown
T7373,U015,2022-11-26,Expense,Food,3749,NO,NO,CASH,Mumbai
T11049,U013,2022-01-11,Income,Travel,71333,NO,NO,BANK TRANSFER,Chennai
T8046,U033,2023-04-09,Expense,Rent,2581,NO,NO,CASH,Kolkata
T6223,U071,2022-08-21,Expense,Food,0,NO,NO,CARD,Chennai
T8755,U118,2024-07-11,Expense,Rent,645,NO,NO,UPI,Ahmedabad
T1527,U029,2021-06-01,Expense,Rent,4655,NO,NO,UPI,Hyderabad
T2983,U098,2023-11-24,Expense,Bonus,17314,NO,NO,UPI,Hyderabad
T4309,U027,2021-12-23,Expense,Utilities,9998,NO,NO,UPI,Unknown
T8579,U007,2022-11-20,Expense,Rent,2788,NO,NO,BANK TRANSFER,Chennai
T3672,U084,2024-12-10,Expense,Rent,4115,NO,NO,CARD,Kolkata
T9011,U117,2021-07-21,Expense,Entertainment,8144,NO,NO,UPI,Ahmedabad
T2982,U083,2022-04-08,Expense,Entertainment,6371,NO,NO,CARD,Mumbai
T11584,U144,2022-10-03,Expense,Health,9164,NO,NO,CARD,Jaipur
T9828,U141,2022-02-02,Income,Rent,59269,NO,NO,CARD,Pune
T1546,U101,2023-07-08,Expense,Rent,15509,NO,NO,UNKNOWN,Unknown
T4797,U037,2024-03-09,Expense,Food,7077,NO,NO,BANK TRANSFER,Ahmedabad
T9972,U025,2023-02-26,Expense,Education,8254,NO,NO,CARD,Pune
T7143,U095,2024-02-02,Expense,Food,1555,NO,NO,UPI,Jaipur
T13374,U107,2021-12-20,Expense,Food,5017,NO,NO,UPI,Lucknow
T6660,U112,2021-09-04,Expense,Travel,2941,NO,NO,BANK TRANSFER,Kolkata
T1142,U120,2024-09-24,Expense,Travel,37994,NO,NO,CARD,Hyderabad
T13868,U121,2022-01-16,Expense,Rent,49122,NO,NO,CARD,Jaipur
T5480,U145,2024-08-16,Expense,Utilities,1761,NO,NO,UNKNOWN,Ahmedabad
T3464,U115,2022-03-25,Expense,Rent,10003,NO,NO,CARD,Pune
T4674,U070,2021-11-15,Expense,Education,420,NO,NO,BANK TRANSFER,Mumbai
T12467,U015,2021-11-01,Income,Investment,20062,NO,NO,BANK TRANSFER,Bangalore
T3165,U047,2021-02-21,Income,Food,0,NO,NO,UPI,Hyderabad
T8063,U002,2023-02-06,Expense,Freelance,-500,YES,NO,CASH,Pune
T8203,U053,2021-01-23,Expense,Rent,4603,NO,NO,CARD,Bangalore
T13070,U057,2024-12-05,Expense,Food,9986,NO,NO,BANK TRANSFER,Lucknow
T11349,U099,2024-03-06,Income,Rent,63843,NO,NO,CARD,Mumbai
T7149,U024,2021-11-06,Expense,Others,7886,NO,NO,BANK TRANSFER,Ahmedabad
T5246,U139,2024-12-18,Expense,Utilities,6330,NO,NO,CARD,Delhi
T4033,U061,2022-06-07,Expense,Food,4109,NO,NO,CARD,Ahmedabad
T10767,U007,2022-12-12,Expense,Bonus,4856,NO,NO,CASH,Mumbai
T9842,U014,2021-03-23,Expense,Education,2491,NO,NO,UNKNOWN,Bangalore
T11401,U110,2024-09-28,Expense,Education,37722,NO,NO,BANK TRANSFER,Kolkata
T4763,U133,2022-08-20,Expense,Travel,4508,NO,NO,UPI,Mumbai
T7660,U013,2022-05-03,Expense,Food,9199,NO,NO,BANK TRANSFER,Lucknow
T2864,U073,2021-01-29,Expense,Rent,2704,NO,NO,CARD,Jaipur
T5538,U085,2023-06-05,Expense,Savings,5560,NO,NO,BANK TRANSFER,Delhi
T3062,U091,2022-10-25,Expense,Entertainment,2080,NO,NO,UPI,Delhi
T9455,U145,2024-11-02,Expense,Food,1792,NO,NO,CARD,Delhi
T3622,U066,2021-03-25,Expense,Entertainment,279,NO,NO,CASH,Ahmedabad
T7807,U015,2024-01-02,Income,Utilities,22772,NO,NO,UPI,Jaipur
T3415,U027,2024-02-05,Expense,Investment,37190,NO,NO,BANK TRANSFER,Chennai
T1523,U116,2024-06-20,Expense,Food,0,NO,NO,CARD,Chennai
T10329,U075,2023-06-08,Expense,Freelance,7919,NO,NO,CASH,Chennai
T4194,U139,2023-08-11,Expense,Uncategorised,1725,NO,NO,UPI,Bangalore
T6196,U020,2022-01-21,Expense,Salary,536,NO,NO,BANK TRANSFER,Lucknow
T2048,U124,2022-07-13,Expense,Education,4876,NO,NO,CARD,Jaipur
T13772,U120,2022-10-04,Expense,Health,999999,NO,YES,CASH,Bangalore
T8260,U034,2021-04-29,Expense,Rent,634,NO,NO,CARD,Ahmedabad
T4420,U117,2022-01-27,Expense,Rent,1670,NO,NO,CASH,Kolkata
T9844,U024,2024-10-20,Income,Food,43241,NO,NO,UPI,Hyderabad
T9933,U127,2021-04-11,Expense,Bonus,10249,NO,NO,CARD,Hyderabad
T5045,U061,2021-09-20,Expense,Food,3451,NO,NO,CARD,Bangalore
T13378,U012,2022-03-13,Income,Salary,37131,NO,NO,BANK TRANSFER,Mumbai
T11988,U013,2024-09-23,Expense,Food,442,NO,NO,UPI,Unknown
T5185,U033,2023-09-07,Expense,Entertainment,7261,NO,NO,CARD,Pune
T9950,U080,2021-11-28,Expense,Others,3749,NO,NO,UPI,Kolkata
T11852,U065,2024-01-26,Expense,Utilities,9088,NO,NO,UPI,Lucknow
T4640,U126,2024-04-25,Expense,Freelance,1316,NO,NO,UPI,Mumbai
T5168,U024,2023-08-06,Expense,Education,1891,NO,NO,CARD,Hyderabad
T7703,U017,2023-03-10,Expense,Utilities,877,NO,NO,UPI,Hyderabad
T10559,U023,2022-07-09,Expense,Food,820,NO,NO,UNKNOWN,Lucknow
T6077,U103,2023-07-25,Income,Savings,25449,NO,NO,CARD,Jaipur
T7607,U111,2024-06-10,Expense,Rent,7345,NO,NO,UNKNOWN,Unknown
T9002,U062,2024-06-17,Income,Uncategorised,10326,NO,NO,UPI,Delhi
T12568,U150,2022-02-18,Expense,Travel,5563,NO,NO,UPI,Hyderabad
T9818,U079,2024-05-25,Expense,Rent,6372,NO,NO,UPI,Pune
T11145,U126,2021-11-03,Income,Travel,27223,NO,NO,CARD,Delhi
T5850,U052,2021-10-16,Expense,Salary,4522,NO,NO,CASH,Bangalore
T9577,U058,2021-01-27,Expense,Rent,3204,NO,NO,CASH,Lucknow
T1496,U089,2023-08-19,Expense,Rent,4235,NO,NO,UNKNOWN,Kolkata
T5104,U028,2022-11-12,Expense,Entertainment,2442,NO,NO,UPI,Delhi
T10705,U140,2023-12-22,Income,Rent,54330,NO,NO,CARD,Delhi
T7130,U142,2023-05-21,Income,Education,550580,NO,YES,CARD,Delhi
T6362,U139,2023-11-14,Expense,Rent,220,NO,NO,BANK TRANSFER,Kolkata
T9970,U034,2023-01-07,Income,Entertainment,11603,NO,NO,UNKNOWN,Kolkata
T6642,U135,2023-01-15,Expense,Food,3503,NO,NO,CASH,Jaipur
T4908,U028,2024-12-28,Income,Utilities,20421,NO,NO,CASH,Bangalore
T5952,U060,2023-06-17,Expense,Entertainment,2970,NO,NO,BANK TRANSFER,Unknown
T13262,U133,2024-05-11,Expense,Salary,6357,NO,NO,UPI,Mumbai
T1826,U140,2024-10-07,Expense,Utilities,3833,NO,NO,UPI,Unknown
T9630,U028,2023-01-14,Expense,Rent,26643,NO,NO,CARD,Lucknow
T9964,U083,2022-07-20,Expense,Entertainment,9525,NO,NO,CARD,Delhi
T4322,U080,2022-03-13,Income,Education,46178,NO,NO,UPI,Kolkata
T0742,U047,2022-02-27,Expense,Misc,9960,NO,NO,UPI,Unknown
T9197,U091,2024-08-17,Expense,Travel,9838,NO,NO,CARD,Mumbai
T2949,U073,2023-09-15,Expense,Others,7275,NO,NO,CASH,Pune
T8339,U094,2024-04-07,Expense,Freelance,9891,NO,NO,CASH,Ahmedabad
T9695,U043,2024-07-19,Expense,Food,999999,NO,YES,CASH,Ahmedabad
T1514,U104,2021-12-06,Expense,Food,6362,NO,NO,CASH,Hyderabad
T2154,U066,2023-06-06,Expense,Rent,1763,NO,NO,CARD,Ahmedabad
T5312,U074,2024-08-01,Expense,Food,2115,NO,NO,BANK TRANSFER,Kolkata
T3823,U092,2021-10-31,Expense,Rent,49062,NO,NO,BANK TRANSFER,Jaipur
T13663,U029,2022-12-06,Expense,Health,9075,NO,NO,UPI,Bangalore
T0305,U022,2021-07-06,Expense,Food,999999,NO,YES,CARD,Bangalore
T12390,U032,2021-09-10,Expense,Rent,4446,NO,NO,CARD,Kolkata
T1167,U001,2023-01-11,Expense,Food,8348,NO,NO,CASH,Kolkata
T13702,U013,2024-06-02,Expense,Travel,6822,NO,NO,BANK TRANSFER,Lucknow
T5645,U090,2023-03-16,Expense,Rent,5058,NO,NO,CARD,Unknown
T4358,U108,2021-05-25,Income,Travel,58968,NO,NO,CASH,Delhi
T5417,U020,2023-10-19,Expense,Utilities,9480,NO,NO,UPI,Delhi
T8753,U128,2022-10-31,Expense,Travel,5560,NO,NO,UPI,Mumbai
T4217,U150,2022-10-17,Expense,Health,4012,NO,NO,CARD,Kolkata
T4627,U127,2024-07-02,Expense,Utilities,4603,NO,NO,CARD,Mumbai
T0137,U099,2023-11-02,Expense,Utilities,1454,NO,NO,CASH,Kolkata
T3984,U097,2021-12-16,Expense,Freelance,4331,NO,NO,CASH,Hyderabad
T9431,U139,2022-08-20,Expense,Food,6007,NO,NO,CARD,Jaipur
T2375,U125,2022-12-24,Expense,Rent,9581,NO,NO,BANK TRANSFER,Delhi
T11684,U045,2023-02-23,Expense,Education,3690,NO,NO,CARD,Pune
T11968,U087,2024-10-21,Income,Salary,28908,NO,NO,CARD,Kolkata
T5052,U082,2022-04-03,Expense,Education,4040,NO,NO,BANK TRANSFER,Kolkata
T6682,U005,2022-04-22,Expense,Rent,0,NO,NO,CASH,Jaipur
T1872,U042,2024-02-28,Expense,Education,111,NO,NO,BANK TRANSFER,Chennai
T5165,U058,2022-11-02,Expense,Food,2619,NO,NO,CARD,Jaipur
T8248,U026,2021-09-27,Expense,Food,4037,NO,NO,UPI,Jaipur
T7908,U141,2022-07-07,Expense,Food,0,NO,NO,CARD,Chennai
T4862,U071,2022-09-22,Expense,Rent,596,NO,NO,CASH,Unknown
T0035,U133,2021-06-25,Expense,Travel,4070,NO,NO,BANK TRANSFER,Lucknow
T1622,U102,2024-05-23,Expense,Others,7656,NO,NO,UPI,Lucknow
T8980,U026,2021-06-04,Income,Utilities,34515,NO,NO,CARD,Ahmedabad
T2965,U046,2021-04-13,Expense,Food,8384,NO,NO,BANK TRANSFER,Delhi
T10412,U037,2024-01-04,Income,Salary,25678,NO,NO,BANK TRANSFER,Mumbai
T9308,U102,2022-01-16,Expense,Entertainment,9284,NO,NO,CASH,Kolkata
T1382,U149,2021-10-05,Income,Education,24104,NO,NO,CARD,Delhi
T9608,U130,2022-04-17,Income,Entertainment,21175,NO,NO,UPI,Bangalore
T11776,U051,2021-05-09,Expense,Entertainment,0,NO,NO,BANK TRANSFER,Bangalore
T9226,U027,2024-11-13,Income,Rent,25701,NO,NO,BANK TRANSFER,Chennai
T9024,U113,2023-06-11,Expense,Rent,907,NO,NO,UPI,Chennai
T7037,U035,2023-04-27,Expense,Utilities,497,NO,NO,UPI,Chennai
T13346,U062,2021-10-18,Expense,Food,5335,NO,NO,UNKNOWN,Delhi
T1373,U135,2023-12-03,Expense,Entertainment,7453,NO,NO,CARD,Delhi
T0070,U040,2024-09-04,Income,Rent,68838,NO,NO,UPI,Delhi
T1335,U102,2024-08-03,Income,Travel,68176,NO,NO,CASH,Chennai
T2191,U126,2021-03-20,Expense,Health,6624,NO,NO,UPI,Lucknow
T8674,U099,2021-05-22,Expense,Others,9602,NO,NO,UPI,Delhi
T5809,U086,2023-07-20,Expense,Utilities,24848,NO,NO,UPI,Chennai
T1839,U131,2021-02-15,Expense,Travel,8737,NO,NO,CARD,Pune
T7692,U059,2024-06-13,Expense,Food,9314,NO,NO,BANK TRANSFER,Unknown
T1299,U133,2024-08-18,Expense,Savings,2594,NO,NO,UNKNOWN,Chennai
T2938,U043,2024-03-24,Expense,Food,259,NO,NO,BANK TRANSFER,Hyderabad
T9086,U035,2021-07-27,Expense,Food,5587,NO,NO,UNKNOWN,Bangalore
T5323,U068,2023-05-03,Expense,Travel,9315,NO,NO,CASH,Delhi
T11846,U079,2021-05-13,Expense,Rent,8347,NO,NO,CASH,Bangalore
T5753,U016,2024-07-10,Expense,Others,3644,NO,NO,UPI,Hyderabad
T6156,U007,2023-09-07,Expense,Food,1491,NO,NO,UPI,Mumbai
T8161,U144,2024-06-26,Income,Rent,60740,NO,NO,CASH,Mumbai
T2271,U139,2024-02-02,Expense,Utilities,3753,NO,NO,UPI,Hyderabad
T1605,U143,2021-05-22,Expense,Freelance,7640,NO,NO,UPI,Kolkata
T11040,U146,2024-11-26,Expense,Uncategorised,9855,NO,NO,UPI,Delhi
T5345,U023,2023-08-02,Expense,Education,3692,NO,NO,UNKNOWN,Mumbai
T7973,U077,2023-10-06,Income,Food,10693,NO,NO,BANK TRANSFER,Ahmedabad
T7577,U121,2024-10-23,Expense,Education,8540,NO,NO,CASH,Lucknow
T5097,U101,2022-07-19,Expense,Savings,7319,NO,NO,BANK TRANSFER,Jaipur
T7260,U115,2022-09-30,Expense,Travel,7921,NO,NO,CASH,Unknown
T8429,U133,2024-09-23,Expense,Entertainment,8251,NO,NO,CASH,Kolkata
T2249,U001,2024-12-23,Expense,Food,1122,NO,NO,UPI,Mumbai
T4034,U130,2024-01-01,Income,Rent,63932,NO,NO,CARD,Mumbai
T12792,U090,2021-06-18,Expense,Bonus,7710,NO,NO,UPI,Bangalore
T1551,U065,2021-02-08,Expense,Food,0,NO,NO,UPI,Hyderabad
T3844,U003,2022-07-14,Expense,Food,5784,NO,NO,CARD,Pune
T7464,U104,2022-07-29,Income,Food,29590,NO,NO,CASH,Jaipur
T3101,U140,2022-09-16,Expense,Utilities,4799,NO,NO,UPI,Bangalore
T6951,U012,2024-03-10,Expense,Health,25493,NO,NO,CARD,Ahmedabad
T1262,U125,2023-07-01,Expense,Food,8623,NO,NO,CARD,Unknown
T3673,U145,2023-09-04,Expense,Rent,2421,NO,NO,CARD,Delhi
T7265,U017,2023-04-13,Expense,Rent,2405,NO,NO,UPI,Bangalore
T0365,U024,2021-08-09,Expense,Entertainment,3965,NO,NO,CARD,Kolkata
T2954,U102,2023-02-06,Expense,Entertainment,1697,NO,NO,CARD,Chennai
T12118,U102,2023-01-29,Expense,Food,21911,NO,NO,UNKNOWN,Unknown
T7269,U019,2024-08-20,Expense,Education,1233,NO,NO,BANK TRANSFER,Chennai
T1269,U057,2023-05-05,Expense,Travel,252,NO,NO,CARD,Hyderabad
T7564,U128,2021-03-05,Expense,Savings,2969,NO,NO,UPI,Lucknow
T12354,U148,2021-04-27,Expense,Rent,34322,NO,NO,CASH,Ahmedabad
T10137,U065,2023-08-23,Expense,Uncategorised,3063,NO,NO,BANK TRANSFER,Kolkata
T4443,U117,2024-07-25,Expense,Rent,3905,NO,NO,BANK TRANSFER,Hyderabad
T4721,U036,2021-02-09,Expense,Rent,749,NO,NO,CASH,Kolkata
T8408,U054,2021-12-06,Expense,Food,7016,NO,NO,CASH,Ahmedabad
T6250,U014,2022-07-25,Expense,Others,2825,NO,NO,BANK TRANSFER,Jaipur
T8816,U046,2024-06-23,Expense,Food,4266,NO,NO,CARD,Jaipur
T7224,U102,2023-11-19,Expense,Rent,512,NO,NO,CARD,Hyderabad
T8362,U014,2022-08-13,Expense,Travel,1482,NO,NO,BANK TRANSFER,Mumbai
T6908,U072,2024-07-20,Expense,Rent,6825,NO,NO,BANK TRANSFER,Unknown
T9231,U120,2023-08-12,Expense,Uncategorised,449,NO,NO,BANK TRANSFER,Pune
T7410,U072,2021-01-05,Expense,Others,9560,NO,NO,CASH,Lucknow
T7420,U012,2021-07-28,Expense,Utilities,3820,NO,NO,CASH,Bangalore
T5431,U077,2022-08-30,Expense,Entertainment,2838,NO,NO,BANK TRANSFER,Delhi
T5659,U099,2022-06-08,Expense,Bonus,25522,NO,NO,UPI,Chennai
T5692,U080,2024-05-26,Expense,Food,4225,NO,NO,UPI,Unknown
T10008,U098,2023-04-12,Expense,Travel,179,NO,NO,CARD,Lucknow
T0482,U026,2022-04-01,Expense,Rent,5122,NO,NO,UPI,Lucknow
T7112,U131,2022-08-11,Expense,Utilities,4988,NO,NO,BANK TRANSFER,Pune
T0760,U122,2022-03-15,Expense,Rent,1261,NO,NO,CASH,Delhi
T8640,U018,2022-12-27,Expense,Investment,4935,NO,NO,BANK TRANSFER,Hyderabad
T6245,U012,2024-05-26,Expense,Utilities,2555,NO,NO,CARD,Pune
T8745,U119,2021-09-02,Expense,Freelance,7636,NO,NO,CASH,Chennai
T8956,U150,2023-12-10,Expense,Travel,2166,NO,NO,CASH,Bangalore
T6931,U079,2022-01-29,Expense,Rent,3633,NO,NO,BANK TRANSFER,Mumbai
T8564,U011,2021-04-19,Expense,Salary,4890,NO,NO,CASH,Kolkata
T13658,U117,2024-02-19,Expense,Uncategorised,7864,NO,NO,UPI,Pune
T6492,U078,2023-01-21,Income,Health,42712,NO,NO,UPI,Bangalore
T11543,U090,2021-10-09,Expense,Uncategorised,9794,NO,NO,BANK TRANSFER,Lucknow
T3804,U107,2024-02-07,Expense,Food,5884,NO,NO,UNKNOWN,Delhi
T11246,U112,2023-05-11,Expense,Travel,2464,NO,NO,UPI,Mumbai
T8424,U111,2024-02-28,Expense,Travel,8027,NO,NO,UPI,Jaipur
T10567,U074,2024-07-12,Expense,Investment,9225,NO,NO,CARD,Ahmedabad
T10321,U110,2021-11-29,Expense,Food,8156,NO,NO,CARD,Bangalore
T5455,U112,2023-05-24,Expense,Rent,116,NO,NO,CARD,Bangalore
T6065,U128,2024-12-02,Expense,Rent,999999,NO,YES,CASH,Mumbai
T10337,U098,2023-12-29,Expense,Entertainment,1547,NO,NO,BANK TRANSFER,Unknown
T0621,U051,2023-04-19,Expense,Rent,41736,NO,NO,CASH,Delhi
T5814,U066,2021-01-10,Expense,Salary,6392,NO,NO,UPI,Chennai
T10404,U136,2021-11-12,Income,Travel,32753,NO,NO,CARD,Delhi
T2599,U145,2024-03-30,Expense,Others,9957,NO,NO,CARD,Mumbai
T12995,U013,2021-12-30,Expense,Savings,6344,NO,NO,CARD,Unknown
T7849,U045,2021-08-05,Expense,Others,3176,NO,NO,CASH,Kolkata
T3573,U141,2022-12-06,Expense,Food,754,NO,NO,UPI,Hyderabad
T9724,U016,2023-11-30,Expense,Utilities,7937,NO,NO,BANK TRANSFER,Jaipur
T11895,U070,2022-05-27,Expense,Travel,760,NO,NO,BANK TRANSFER,Ahmedabad
T9706,U106,2024-06-15,Expense,Education,8181,NO,NO,CARD,Chennai
T2431,U019,2021-02-13,Expense,Rent,2657,NO,NO,CASH,Delhi
T5687,U075,2022-05-22,Expense,Freelance,9290,NO,NO,CASH,Mumbai
T7647,U048,2022-10-30,Income,Entertainment,30953,NO,NO,BANK TRANSFER,Kolkata
T4177,U029,2024-10-29,Income,Entertainment,69768,NO,NO,CARD,Chennai
T3976,U097,2022-07-21,Expense,Utilities,7859,NO,NO,CASH,Lucknow
T12996,U030,2022-01-24,Expense,Education,2376,NO,NO,UPI,Mumbai
T9902,U112,2023-03-25,Expense,Travel,8973,NO,NO,CARD,Mumbai
T10452,U076,2022-02-15,Expense,Education,3177,NO,NO,UPI,Lucknow
T2263,U148,2024-10-22,Expense,Rent,3087,NO,NO,CARD,Mumbai
T0256,U040,2021-08-08,Expense,Entertainment,7287,NO,NO,CARD,Ahmedabad
T5816,U008,2023-06-27,Expense,Entertainment,23603,NO,NO,CARD,Ahmedabad
T1991,U044,2024-05-14,Expense,Education,4715,NO,NO,CARD,Hyderabad
T13628,U063,2021-03-23,Expense,Education,7405,NO,NO,BANK TRANSFER,Kolkata
T13685,U094,2021-06-10,Expense,Food,4481,NO,NO,CARD,Lucknow
T12529,U130,2023-01-15,Expense,Rent,1184,NO,NO,CASH,Lucknow
T6089,U088,2023-11-21,Expense,Savings,5325,NO,NO,UPI,Ahmedabad
T10424,U077,2021-05-24,Expense,Others,833,NO,NO,CASH,Kolkata
T12255,U091,2024-03-22,Expense,Food,881,NO,NO,BANK TRANSFER,Chennai
T0203,U105,2024-06-05,Expense,Rent,1611,NO,NO,CASH,Lucknow
T7205,U104,2023-01-19,Expense,Others,4898,NO,NO,BANK TRANSFER,Hyderabad
T12315,U006,2023-03-10,Expense,Travel,8775,NO,NO,CASH,Pune
T9987,U091,2022-04-13,Expense,Rent,6644,NO,NO,CASH,Lucknow
T12284,U060,2024-05-12,Income,Bonus,57072,NO,NO,UPI,Jaipur
T11018,U085,2021-04-18,Income,Utilities,44598,NO,NO,BANK TRANSFER,Mumbai
T11829,U112,2024-08-07,Expense,Food,999999,NO,YES,UPI,Ahmedabad
T13426,U015,2024-05-04,Expense,Utilities,5302,NO,NO,UPI,Mumbai
T8611,U100,2024-10-20,Expense,Salary,1992,NO,NO,CASH,Unknown
T9568,U044,2022-04-03,Expense,Food,6641,NO,NO,CASH,Kolkata
T6421,U095,2024-06-03,Expense,Travel,0,NO,NO,UNKNOWN,Pune
T3670,U013,2022-05-06,Expense,Food,999999999,NO,YES,CARD,Jaipur
T9741,U062,2022-01-31,Expense,Travel,5912,NO,NO,CASH,Kolkata
T8687,U020,2024-10-19,Expense,Entertainment,1260,NO,NO,CARD,Jaipur
T3435,U027,2021-10-07,Expense,Food,343,NO,NO,CASH,Bangalore
T10088,U104,2024-05-12,Expense,Utilities,2683,NO,NO,CARD,Bangalore
T7827,U115,2021-09-17,Expense,Food,462,NO,NO,CASH,Jaipur
T0038,U033,2023-10-03,Expense,Others,3120,NO,NO,CASH,Delhi
T13040,U009,2024-06-04,Expense,Travel,2855,NO,NO,UPI,Bangalore
T12936,U039,2024-04-01,Expense,Education,4081,NO,NO,CASH,Jaipur
T0040,U026,2022-03-02,Expense,Education,664,NO,NO,BANK TRANSFER,Unknown
T8483,U118,2022-09-22,Expense,Rent,783,NO,NO,CASH,Jaipur
T3872,U107,2022-08-21,Expense,Others,29112,NO,NO,BANK TRANSFER,Delhi
T11445,U019,2022-02-02,Expense,Food,4797,NO,NO,BANK TRANSFER,Chennai
T10422,U011,2023-08-12,Expense,Others,2508,NO,NO,CARD,Hyderabad
T11209,U139,2022-10-12,Expense,Education,6464,NO,NO,UPI,Hyderabad
T2462,U105,2021-02-02,Income,Food,69323,NO,NO,CASH,Kolkata
T12190,U029,2021-03-30,Expense,Investment,9423,NO,NO,CARD,Mumbai
T8338,U081,2023-09-30,Expense,Food,6187,NO,NO,UPI,Hyderabad
T11600,U143,2022-09-04,Expense,Food,38889,NO,NO,UPI,Hyderabad
T3667,U140,2022-01-03,Expense,Food,7781,NO,NO,BANK TRANSFER,Lucknow
T13506,U118,2023-07-16,Expense,Entertainment,790,NO,NO,CASH,Kolkata
T9247,U046,2022-05-29,Expense,Food,167,NO,NO,CASH,Kolkata
T8924,U066,2022-08-17,Expense,Investment,3218,NO,NO,UPI,Mumbai
T13006,U089,2023-01-03,Expense,Entertainment,10193,NO,NO,CARD,Hyderabad
T12312,U016,2022-09-23,Expense,Travel,301,NO,NO,CARD,Delhi
T12416,U033,2024-11-12,Expense,Food,5161,NO,NO,UPI,Kolkata
T2571,U047,2021-06-03,Expense,Education,999999999,NO,YES,CASH,Chennai
T1985,U102,2021-03-02,Expense,Rent,6557,NO,NO,CARD,Pune
T10842,U048,2021-04-26,Expense,Travel,6818,NO,NO,CARD,Pune
T3623,U117,2024-10-13,Expense,Food,1240,NO,NO,CARD,Jaipur
T10091,U107,2024-11-23,Expense,Salary,1689,NO,NO,CARD,Unknown
T5731,U025,2021-09-12,Expense,Education,1973,NO,NO,CARD,Delhi
T7879,U084,2022-12-09,Expense,Others,1212,NO,NO,BANK TRANSFER,Ahmedabad
T9570,U103,2022-10-08,Expense,Travel,882,NO,NO,BANK TRANSFER,Unknown
T1563,U142,2023-09-04,Income,Food,37592,NO,NO,CASH,Pune
T11588,U046,2021-12-24,Expense,Entertainment,7995,NO,NO,CARD,Ahmedabad
T8019,U079,2024-11-30,Income,Utilities,40518,NO,NO,CASH,Bangalore
T9471,U146,2022-11-03,Expense,Food,35442,NO,NO,CASH,Kolkata
T4278,U035,2024-05-02,Expense,Food,3675,NO,NO,CARD,Bangalore
T2754,U107,2023-09-19,Expense,Entertainment,11161,NO,NO,BANK TRANSFER,Delhi
T4381,U091,2024-03-21,Income,Health,75246,NO,NO,UPI,Bangalore
T11258,U030,2022-10-18,Expense,Travel,7236,NO,NO,CARD,Jaipur
T9727,U070,2024-03-12,Expense,Investment,2570,NO,NO,BANK TRANSFER,Chennai
T3030,U053,2023-02-20,Income,Food,30490,NO,NO,UNKNOWN,Hyderabad
T4947,U131,2022-06-11,Expense,Rent,6108,NO,NO,BANK TRANSFER,Jaipur
T3625,U131,2021-06-01,Income,Education,0,NO,NO,BANK TRANSFER,Chennai
T9670,U034,2022-06-11,Expense,Others,9328,NO,NO,BANK TRANSFER,Unknown
T12320,U084,2024-07-02,Expense,Food,3023,NO,NO,CASH,Hyderabad
T0776,U128,2021-03-16,Expense,Uncategorised,6856,NO,NO,UNKNOWN,Mumbai
T8445,U074,2024-12-08,Expense,Utilities,7401,NO,NO,UPI,Hyderabad
T3043,U099,2022-07-09,Expense,Freelance,9356,NO,NO,CASH,Bangalore
T7108,U023,2023-01-27,Expense,Food,8631,NO,NO,UPI,Ahmedabad
T9652,U012,2022-07-05,Expense,Utilities,7954,NO,NO,UPI,Kolkata
T2701,U079,2021-03-17,Expense,Utilities,6530,NO,NO,UPI,Hyderabad
T10192,U025,2022-09-18,Expense,Food,7698,NO,NO,CASH,Chennai
T13879,U099,2023-09-18,Income,Rent,73973,NO,NO,UNKNOWN,Mumbai
T12046,U054,2024-07-22,Expense,Health,2416,NO,NO,CASH,Hyderabad
T8288,U046,2024-05-23,Expense,Entertainment,4142,NO,NO,BANK TRANSFER,Hyderabad
T11144,U009,2024-01-28,Income,Food,45299,NO,NO,CARD,Unknown
T10512,U075,2022-05-16,Expense,Rent,999999,NO,YES,BANK TRANSFER,Pune
T7739,U041,2023-07-23,Expense,Travel,3002,NO,NO,BANK TRANSFER,Mumbai
T5745,U107,2021-03-08,Expense,Uncategorised,16470,NO,NO,CASH,Delhi
T11509,U144,2024-01-03,Expense,Salary,45594,NO,NO,BANK TRANSFER,Ahmedabad
T4888,U106,2022-11-24,Expense,Travel,4250,NO,NO,UPI,Mumbai
T7389,U092,2023-07-12,Income,Rent,18838,NO,NO,UPI,Kolkata
T12050,U072,2024-11-06,Expense,Education,6177,NO,NO,BANK TRANSFER,Pune
T0271,U006,2024-01-07,Expense,Food,2415,NO,NO,CASH,Kolkata
T3543,U041,2021-10-03,Income,Education,18526,NO,NO,CASH,Pune
T10904,U138,2024-09-03,Expense,Entertainment,5401,NO,NO,UPI,Lucknow
T2115,U054,2023-06-03,Expense,Uncategorised,6311,NO,NO,CARD,Delhi
T2123,U109,2021-03-04,Expense,Travel,2227,NO,NO,BANK TRANSFER,Bangalore
T2925,U040,2022-02-14,Expense,Food,4950,NO,NO,BANK TRANSFER,Unknown
T7657,U043,2022-03-01,Income,Rent,456937,NO,NO,CARD,Pune
T13973,U006,2022-04-08,Expense,Utilities,5481,NO,NO,UNKNOWN,Lucknow
T7378,U107,2023-08-30,Expense,Food,133,NO,NO,CASH,Mumbai
T1529,U093,2021-03-01,Expense,Food,4830,NO,NO,CARD,Lucknow
T8020,U129,2021-03-01,Expense,Savings,3534,NO,NO,BANK TRANSFER,Ahmedabad
T3375,U036,2023-03-30,Expense,Freelance,5453,NO,NO,BANK TRANSFER,Kolkata
T11238,U044,2024-06-24,Expense,Misc,1701,NO,NO,BANK TRANSFER,Jaipur
T7967,U085,2021-12-27,Expense,Utilities,1975,NO,NO,BANK TRANSFER,Unknown
T1466,U060,2024-07-16,Expense,Travel,1989,NO,NO,BANK TRANSFER,Pune
T0495,U092,2024-02-14,Expense,Entertainment,9134,NO,NO,UPI,Bangalore
T7494,U038,2021-07-10,Expense,Food,6065,NO,NO,BANK TRANSFER,Lucknow
T2770,U001,2024-02-11,Income,Education,49068,NO,NO,CASH,Mumbai
T7402,U132,2024-06-25,Expense,Rent,824,NO,NO,BANK TRANSFER,Delhi
T5501,U127,2024-04-26,Expense,Food,8519,NO,NO,CARD,Unknown
T2782,U140,2024-10-07,Expense,Utilities,7385,NO,NO,BANK TRANSFER,Mumbai
T1190,U011,2021-08-29,Expense,Food,1392,NO,NO,BANK TRANSFER,Hyderabad
T7572,U118,2023-02-11,Expense,Food,1917,NO,NO,UPI,Hyderabad
T6689,U011,2024-02-29,Expense,Travel,0,NO,NO,BANK TRANSFER,Kolkata
T10349,U148,2022-01-02,Expense,Utilities,5387,NO,NO,BANK TRANSFER,Unknown
T2176,U072,2024-11-10,Expense,Travel,8768,NO,NO,UPI,Unknown
T0745,U145,2024-11-17,Expense,Entertainment,7185,NO,NO,CASH,Kolkata
T0275,U147,2022-02-10,Expense,Food,9619,NO,NO,UPI,Bangalore
T4106,U026,2024-02-05,Income,Rent,13819,NO,NO,CARD,Lucknow
T1532,U096,2024-10-17,Expense,Savings,999999,NO,YES,CARD,Unknown
T2769,U132,2023-07-31,Expense,Freelance,8812,NO,NO,CASH,Mumbai
T3071,U139,2021-11-03,Expense,Utilities,8230,NO,NO,BANK TRANSFER,Lucknow
T3743,U024,2021-03-27,Expense,Uncategorised,7829,NO,NO,UPI,Ahmedabad
T3103,U100,2023-08-11,Expense,Freelance,3935,NO,NO,BANK TRANSFER,Chennai
T12791,U150,2023-02-25,Expense,Food,8070,NO,NO,BANK TRANSFER,Pune
T13509,U009,2022-09-13,Income,Others,13243,NO,NO,BANK TRANSFER,Pune
T8938,U006,2021-09-02,Income,Entertainment,54332,NO,NO,CARD,Kolkata
T3537,U015,2024-07-07,Expense,Food,0,NO,NO,BANK TRANSFER,Bangalore
T8256,U062,2024-01-06,Expense,Investment,2417,NO,NO,BANK TRANSFER,Kolkata
T7008,U128,2023-04-29,Expense,Travel,42939,NO,NO,CASH,Mumbai
T11191,U086,2021-02-14,Expense,Others,9427,NO,NO,BANK TRANSFER,Bangalore
T0484,U095,2022-05-26,Expense,Education,7778,NO,NO,CARD,Delhi
T13583,U043,2021-09-02,Expense,Utilities,2707,NO,NO,BANK TRANSFER,Hyderabad
T4687,U135,2021-01-04,Expense,Rent,4632,NO,NO,BANK TRANSFER,Pune
T8337,U113,2023-11-08,Expense,Rent,678,NO,NO,UPI,Mumbai
T13560,U096,2022-01-30,Expense,Freelance,3518,NO,NO,CASH,Hyderabad
T8362,U025,2023-01-05,Expense,Others,806,NO,NO,CARD,Lucknow
T7294,U093,2021-05-10,Income,Food,26841,NO,NO,UNKNOWN,Unknown
T12737,U048,2024-11-16,Expense,Health,43922,NO,NO,CASH,Mumbai
T10841,U129,2024-12-26,Expense,Bonus,2053,NO,NO,CARD,Lucknow
T12780,U033,2022-08-08,Expense,Rent,0,NO,NO,BANK TRANSFER,Jaipur
T13843,U140,2021-06-14,Expense,Bonus,8863,NO,NO,UPI,Jaipur
T13835,U034,2021-08-23,Expense,Rent,5816,NO,NO,CASH,Hyderabad
T0975,U078,2023-02-11,Expense,Food,2024,NO,NO,BANK TRANSFER,Hyderabad
T3327,U087,2023-08-12,Income,Food,0,NO,NO,UPI,Mumbai
T4141,U074,2023-02-18,Expense,Salary,3409,NO,NO,UPI,Jaipur
T3665,U099,2024-01-21,Expense,Savings,6474,NO,NO,CARD,Delhi
T12352,U148,2022-03-19,Expense,Food,2243,NO,NO,CASH,Delhi
T10085,U015,2022-03-20,Income,Rent,72341,NO,NO,CARD,Unknown
T7869,U126,2022-10-17,Expense,Food,976,NO,NO,UPI,Jaipur
T0049,U033,2024-04-23,Expense,Others,-500,YES,NO,CARD,Kolkata
T4255,U135,2021-12-13,Expense,Rent,6137,NO,NO,UPI,Chennai
T7929,U075,2021-08-17,Expense,Entertainment,4220,NO,NO,BANK TRANSFER,Lucknow
T13990,U093,2023-01-26,Expense,Utilities,4242,NO,NO,UPI,Unknown
T13928,U078,2023-01-10,Expense,Savings,8085,NO,NO,CASH,Lucknow
T8547,U118,2022-10-08,Expense,Entertainment,8401,NO,NO,BANK TRANSFER,Jaipur
T5408,U062,2022-04-16,Expense,Rent,146,NO,NO,CASH,Kolkata
T6437,U094,2023-11-09,Income,Travel,23923,NO,NO,CASH,Kolkata
T12097,U132,2021-09-04,Expense,Utilities,7818,NO,NO,UPI,Jaipur
T3204,U044,2024-01-25,Expense,Travel,3890,NO,NO,BANK TRANSFER,Kolkata
T11683,U095,2022-08-25,Income,Education,42254,NO,NO,UPI,Ahmedabad
T11638,U120,2021-04-27,Expense,Rent,6460,NO,NO,BANK TRANSFER,Jaipur
T12748,U149,2022-04-29,Expense,Food,2624,NO,NO,CASH,Delhi
T3910,U063,2023-11-26,Expense,Food,2984,NO,NO,BANK TRANSFER,Kolkata
T8758,U148,2024-10-13,Expense,Entertainment,9460,NO,NO,UPI,Bangalore
T10974,U104,2022-09-13,Expense,Travel,7301,NO,NO,CASH,Chennai
T5055,U125,2023-11-23,Expense,Utilities,8603,NO,NO,UNKNOWN,Ahmedabad
T7608,U074,2022-01-19,Expense,Education,999999999,NO,YES,CARD,Ahmedabad
T6054,U100,2024-06-30,Expense,Utilities,2445,NO,NO,UPI,Kolkata
T5465,U042,2021-03-03,Expense,Utilities,2717,NO,NO,UPI,Lucknow
T10242,U073,2023-09-21,Expense,Uncategorised,8375,NO,NO,BANK TRANSFER,Kolkata
T6026,U065,2023-05-03,Expense,Travel,5047,NO,NO,BANK TRANSFER,Pune
T11643,U139,2023-11-11,Expense,Rent,1518,NO,NO,BANK TRANSFER,Delhi
T13956,U069,2022-02-09,Income,Rent,36762,NO,NO,BANK TRANSFER,Pune
T1495,U016,2023-06-27,Expense,Health,3318,NO,NO,CASH,Chennai
T9881,U066,2021-03-12,Expense,Food,6441,NO,NO,UPI,Unknown
T6518,U012,2021-07-13,Expense,Food,9840,NO,NO,BANK TRANSFER,Pune
T11805,U136,2021-09-08,Expense,Rent,5331,NO,NO,BANK TRANSFER,Pune
T1666,U080,2022-08-19,Expense,Travel,3346,NO,NO,CASH,Bangalore
T4912,U128,2022-04-07,Expense,Investment,4096,NO,NO,CASH,Ahmedabad
T4502,U048,2023-07-01,Expense,Food,8217,NO,NO,BANK TRANSFER,Jaipur
T1229,U044,2024-10-23,Expense,Utilities,4568,NO,NO,BANK TRANSFER,Jaipur
T5867,U115,2022-09-03,Income,Utilities,29727,NO,NO,CASH,Lucknow
T12604,U062,2021-01-27,Expense,Food,4575,NO,NO,CASH,Delhi
T1108,U026,2022-01-08,Expense,Others,4670,NO,NO,CASH,Mumbai
T9457,U140,2023-07-25,Expense,Travel,2238,NO,NO,CARD,Lucknow
T12949,U066,2022-09-11,Income,Travel,60178,NO,NO,CARD,Bangalore
T5481,U075,2021-05-15,Income,Utilities,30618,NO,NO,CASH,Kolkata
T13447,U006,2024-05-14,Expense,Education,2104,NO,NO,UNKNOWN,Pune
T5043,U114,2022-03-25,Expense,Utilities,668,NO,NO,CARD,Delhi
T9705,U031,2021-08-10,Expense,Food,4213,NO,NO,CARD,Bangalore
T12110,U002,2022-05-21,Expense,Utilities,8005,NO,NO,UNKNOWN,Kolkata
T5341,U057,2023-04-07,Expense,Education,8784,NO,NO,BANK TRANSFER,Unknown
T8525,U053,2023-01-24,Expense,Education,211,NO,NO,UNKNOWN,Delhi
T7528,U124,2022-09-06,Expense,Bonus,6729,NO,NO,UNKNOWN,Unknown
T10188,U149,2023-08-26,Expense,Uncategorised,10381,NO,NO,CASH,Hyderabad
T3887,U090,2021-02-17,Income,Utilities,72923,NO,NO,BANK TRANSFER,Lucknow
T6807,U125,2022-06-13,Expense,Travel,4259,NO,NO,CARD,Kolkata
T6676,U026,2022-06-27,Expense,Food,4655,NO,NO,CARD,Unknown
T4775,U134,2024-02-10,Expense,Rent,4592,NO,NO,CARD,Kolkata
T7750,U092,2023-10-16,Expense,Rent,6869,NO,NO,UPI,Unknown
T2037,U073,2024-06-26,Expense,Rent,2126,NO,NO,BANK TRANSFER,Mumbai
T0139,U064,2021-03-08,Expense,Food,2023,NO,NO,UPI,Bangalore
T3684,U078,2024-07-24,Expense,Freelance,19693,NO,NO,BANK TRANSFER,Hyderabad
T3916,U113,2022-12-13,Expense,Entertainment,1798,NO,NO,BANK TRANSFER,Delhi
T6597,U060,2022-01-22,Expense,Health,5048,NO,NO,CARD,Delhi
T5625,U095,2022-10-06,Expense,Travel,6609,NO,NO,CARD,Jaipur
T1464,U023,2024-01-18,Expense,Food,9650,NO,NO,UNKNOWN,Lucknow
T4703,U052,2023-09-18,Expense,Entertainment,4922,NO,NO,UPI,Mumbai
T5873,U017,2024-02-06,Expense,Rent,5566,NO,NO,CASH,Lucknow
T0043,U069,2021-12-25,Expense,Salary,7241,NO,NO,UPI,Delhi
T6761,U046,2023-02-18,Expense,Health,0,NO,NO,CARD,Bangalore
T10884,U066,2022-03-22,Expense,Entertainment,630,NO,NO,CARD,Chennai
T0408,U147,2024-12-19,Expense,Food,45547,NO,NO,CARD,Mumbai
T8109,U145,2022-11-29,Expense,Travel,8193,NO,NO,CASH,Lucknow
T4642,U102,2023-05-12,Expense,Food,934,NO,NO,CARD,Ahmedabad
T0910,U097,2023-08-01,Income,Utilities,65264,NO,NO,BANK TRANSFER,Kolkata
T13571,U120,2021-01-28,Expense,Investment,3006,NO,NO,CARD,Pune
T5277,U074,2023-09-09,Expense,Uncategorised,19981,NO,NO,UNKNOWN,Bangalore
T3839,U087,2024-10-24,Expense,Health,5212,NO,NO,UPI,Hyderabad
T2657,U034,2021-06-27,Expense,Utilities,6714,NO,NO,BANK TRANSFER,Chennai
T6823,U028,2024-03-19,Expense,Rent,8664,NO,NO,UPI,Chennai
T13501,U099,2023-05-30,Income,Food,36899,NO,NO,BANK TRANSFER,Chennai
T4098,U063,2024-06-02,Expense,Food,4387,NO,NO,UPI,Kolkata
T8850,U140,2023-08-03,Expense,Rent,3794,NO,NO,CARD,Hyderabad
T7551,U094,2021-08-27,Expense,Travel,1358,NO,NO,CASH,Delhi
T6577,U144,2024-07-04,Income,Entertainment,62215,NO,NO,CARD,Chennai
T1930,U115,2023-07-16,Expense,Food,1154,NO,NO,CARD,Ahmedabad
T6546,U149,2022-06-28,Expense,Health,2772,NO,NO,UPI,Mumbai
T8872,U032,2021-07-31,Expense,Savings,36727,NO,NO,CARD,Delhi
T0107,U093,2021-05-08,Expense,Uncategorised,4933,NO,NO,BANK TRANSFER,Lucknow
T3315,U138,2023-09-06,Expense,Utilities,5585,NO,NO,CASH,Hyderabad
T2519,U136,2021-12-03,Expense,Travel,8689,NO,NO,CARD,Lucknow
T9367,U118,2021-02-01,Income,Others,51266,NO,NO,CARD,Mumbai
T11062,U077,2023-03-23,Expense,Education,7938,NO,NO,CARD,Delhi
T10807,U107,2024-10-28,Income,Rent,74952,NO,NO,CASH,Chennai
T11181,U012,2024-01-09,Expense,Education,8033,NO,NO,UPI,Jaipur
T0883,U079,2021-09-08,Expense,Bonus,6540,NO,NO,UPI,Ahmedabad
T1838,U008,2022-02-07,Income,Food,47094,NO,NO,CASH,Kolkata
T13786,U090,2023-05-29,Expense,Investment,8500,NO,NO,CARD,Unknown
T6311,U062,2024-09-07,Expense,Rent,6887,NO,NO,CARD,Chennai
T10585,U126,2022-02-17,Expense,Travel,126,NO,NO,CASH,Unknown
T4850,U016,2021-02-09,Expense,Food,4687,NO,NO,CASH,Hyderabad
T6892,U090,2023-09-23,Expense,Food,4060,NO,NO,CASH,Chennai
T11236,U001,2021-05-16,Expense,Food,8186,NO,NO,UPI,Bangalore
T8104,U057,2022-01-07,Expense,Food,4856,NO,NO,UPI,Unknown
T0778,U107,2022-05-18,Income,Education,60666,NO,NO,CASH,Jaipur
T9411,U127,2022-09-03,Expense,Rent,5253,NO,NO,CASH,Pune
T9806,U004,2023-05-10,Expense,Health,1034,NO,NO,BANK TRANSFER,Chennai
T4932,U119,2021-01-06,Expense,Food,1212,NO,NO,CASH,Delhi
T13376,U044,2021-07-20,Expense,Education,7303,NO,NO,UNKNOWN,Mumbai
T13027,U033,2023-02-25,Expense,Rent,1817,NO,NO,UPI,Chennai
T8018,U139,2024-07-20,Income,Education,35930,NO,NO,CARD,Mumbai
T6866,U036,2024-02-07,Expense,Rent,3928,NO,NO,CARD,Unknown
T9965,U023,2021-05-21,Income,Utilities,10125,NO,NO,UPI,Jaipur
T2927,U045,2024-01-04,Expense,Entertainment,7012,NO,NO,UNKNOWN,Bangalore
T6471,U007,2024-09-16,Income,Education,59046,NO,NO,BANK TRANSFER,Bangalore
T5412,U016,2024-08-20,Expense,Food,365,NO,NO,UPI,Jaipur
T0938,U141,2024-02-09,Expense,Food,6463,NO,NO,BANK TRANSFER,Lucknow
T7808,U005,2023-08-12,Expense,Utilities,9875,NO,NO,UPI,Lucknow
T0079,U102,2022-04-28,Expense,Education,5593,NO,NO,BANK TRANSFER,Ahmedabad
T7665,U089,2024-01-11,Expense,Food,5391,NO,NO,CARD,Mumbai
T5289,U092,2023-05-29,Income,Rent,73186,NO,NO,CASH,Unknown
T13534,U063,2022-03-19,Expense,Rent,3762,NO,NO,UPI,Ahmedabad
T7796,U027,2023-05-10,Expense,Utilities,5174,NO,NO,UNKNOWN,Unknown
T4203,U141,2022-09-28,Expense,Food,6631,NO,NO,UPI,Ahmedabad
T12857,U021,2022-07-05,Expense,Utilities,2478,NO,NO,BANK TRANSFER,Mumbai
T5188,U092,2022-09-27,Expense,Food,1013,NO,NO,CARD,Kolkata
T1825,U065,2022-07-15,Expense,Education,4725,NO,NO,UNKNOWN,Jaipur
T4755,U014,2022-08-19,Expense,Utilities,2624,NO,NO,CARD,Hyderabad
T1379,U072,2022-03-23,Expense,Others,4561,NO,NO,UPI,Kolkata
T2705,U079,2024-10-15,Expense,Utilities,6924,NO,NO,CARD,Chennai
T3967,U134,2023-04-13,Expense,Entertainment,6150,NO,NO,BANK TRANSFER,Pune
T11679,U149,2023-01-24,Expense,Travel,3622,NO,NO,CASH,Jaipur
T9554,U098,2022-04-12,Expense,Utilities,6419,NO,NO,UPI,Kolkata
T13941,U026,2023-03-26,Expense,Health,6497,NO,NO,CASH,Delhi
T4360,U010,2024-02-21,Expense,Travel,48825,NO,NO,CASH,Ahmedabad
T2998,U021,2024-08-16,Expense,Travel,8701,NO,NO,CASH,Ahmedabad
T6200,U086,2024-10-27,Expense,Travel,9188,NO,NO,BANK TRANSFER,Lucknow
T10967,U097,2021-03-27,Expense,Rent,4615,NO,NO,CASH,Hyderabad
T8259,U041,2022-12-26,Expense,Utilities,827,NO,NO,BANK TRANSFER,Pune
T11788,U023,2022-05-28,Income,Travel,47491,NO,NO,CARD,Ahmedabad
T2278,U067,2024-02-12,Expense,Rent,7841,NO,NO,CARD,Pune
T1999,U121,2023-07-31,Expense,Food,20997,NO,NO,CARD,Chennai
T3552,U095,2024-01-21,Income,Utilities,34145,NO,NO,BANK TRANSFER,Hyderabad
T13060,U133,2024-03-31,Expense,Bonus,8580,NO,NO,CASH,Bangalore
T9680,U062,2021-05-08,Expense,Food,1160,NO,NO,UNKNOWN,Pune
T6541,U044,2021-02-02,Expense,Rent,4219,NO,NO,BANK TRANSFER,Chennai
T13157,U043,2022-04-17,Income,Rent,65727,NO,NO,CASH,Chennai
T11991,U115,2024-01-15,Expense,Travel,5578,NO,NO,UPI,Hyderabad
T5601,U146,2021-03-08,Expense,Rent,2968,NO,NO,UNKNOWN,Pune
T8045,U004,2021-10-17,Expense,Food,3642,NO,NO,CARD,Lucknow
T4989,U096,2023-04-08,Expense,Entertainment,1587,NO,NO,BANK TRANSFER,Hyderabad
T0483,U044,2023-03-09,Expense,Food,2190,NO,NO,CARD,Kolkata
T10798,U081,2022-06-08,Expense,Education,4765,NO,NO,CARD,Bangalore
T12825,U078,2022-03-28,Expense,Savings,3953,NO,NO,UPI,Chennai
T7925,U047,2023-03-04,Expense,Entertainment,1792,NO,NO,CASH,Lucknow
T7052,U018,2022-10-20,Expense,Rent,3878,NO,NO,UPI,Mumbai
T6726,U117,2023-10-02,Expense,Travel,2893,NO,NO,UPI,Ahmedabad
T7456,U047,2024-10-26,Expense,Entertainment,2641,NO,NO,CASH,Chennai
T12334,U148,2024-06-22,Expense,Savings,5353,NO,NO,CARD,Pune
T5792,U055,2023-10-30,Expense,Rent,9088,NO,NO,BANK TRANSFER,Delhi
T11299,U080,2024-09-28,Expense,Utilities,999999999,NO,YES,BANK TRANSFER,Kolkata
T2229,U071,2021-11-02,Expense,Food,4105,NO,NO,UPI,Bangalore
T5513,U035,2021-10-30,Income,Utilities,0,NO,NO,CASH,Chennai
T4011,U123,2021-11-17,Expense,Rent,1393,NO,NO,UPI,Hyderabad
T13391,U002,2022-06-18,Expense,Entertainment,4693,NO,NO,UPI,Ahmedabad
T12961,U019,2022-04-17,Income,Food,0,NO,NO,CASH,Mumbai
T4678,U063,2021-10-02,Expense,Entertainment,4283,NO,NO,BANK TRANSFER,Mumbai
T7747,U043,2021-05-21,Income,Food,36097,NO,NO,BANK TRANSFER,Mumbai
T12648,U075,2023-11-27,Expense,Others,5756,NO,NO,CARD,Chennai
T4983,U097,2022-10-30,Expense,Travel,3158,NO,NO,CASH,Ahmedabad
T5958,U032,2024-02-17,Expense,Food,4156,NO,NO,BANK TRANSFER,Hyderabad
T1971,U098,2021-08-12,Expense,Rent,9126,NO,NO,CASH,Jaipur
T12362,U046,2024-01-17,Income,Rent,76415,NO,NO,CARD,Kolkata
T5634,U111,2023-05-26,Expense,Food,1551,NO,NO,UPI,Ahmedabad
T2529,U144,2022-06-23,Expense,Travel,4502,NO,NO,BANK TRANSFER,Bangalore
T10898,U055,2021-08-18,Expense,Investment,999999,NO,YES,BANK TRANSFER,Lucknow
T7145,U019,2021-04-13,Expense,Travel,7459,NO,NO,UPI,Lucknow
T7559,U006,2023-02-12,Expense,Food,43120,NO,NO,CARD,Hyderabad
T0480,U066,2024-08-23,Expense,Food,2446,NO,NO,CARD,Jaipur
T8641,U140,2021-06-30,Expense,Travel,9065,NO,NO,CASH,Delhi
T10087,U013,2023-08-07,Income,Rent,14034,NO,NO,CASH,Mumbai
T0250,U117,2024-07-26,Expense,Rent,7991,NO,NO,UPI,Kolkata
T4284,U058,2022-04-07,Income,Utilities,15675,NO,NO,UPI,Pune
T10444,U136,2021-11-10,Expense,Others,4396,NO,NO,BANK TRANSFER,Bangalore
T1948,U064,2023-04-05,Expense,Utilities,3310,NO,NO,UPI,Bangalore
T5324,U112,2022-11-17,Expense,Rent,2512,NO,NO,UNKNOWN,Jaipur
T12939,U076,2024-09-15,Expense,Rent,9049,NO,NO,CARD,Pune
T2562,U068,2021-10-22,Expense,Investment,999999,NO,YES,UNKNOWN,Hyderabad
T13773,U131,2024-07-22,Expense,Entertainment,3740,NO,NO,CARD,Lucknow
T3719,U043,2024-08-12,Expense,Travel,5186,NO,NO,UPI,Lucknow
T10316,U138,2022-04-25,Expense,Travel,973,NO,NO,UPI,Jaipur
T0525,U082,2024-05-16,Expense,Entertainment,3596,NO,NO,BANK TRANSFER,Bangalore
T12450,U114,2022-08-22,Income,Travel,55694,NO,NO,CASH,Mumbai
T9678,U088,2023-09-29,Expense,Food,3241,NO,NO,UNKNOWN,Unknown
T12108,U009,2023-08-10,Expense,Food,21830,NO,NO,CASH,Jaipur
T11010,U086,2023-04-23,Expense,Utilities,6774,NO,NO,BANK TRANSFER,Hyderabad
T3333,U045,2024-12-31,Income,Health,21061,NO,NO,UPI,Delhi
T3585,U002,2023-12-13,Expense,Entertainment,1631,NO,NO,UPI,Hyderabad
T12481,U119,2021-08-16,Expense,Food,7877,NO,NO,BANK TRANSFER,Ahmedabad
T6227,U039,2023-01-02,Expense,Freelance,1483,NO,NO,BANK TRANSFER,Ahmedabad
T11091,U038,2024-05-23,Income,Food,48282,NO,NO,CASH,Delhi
T10206,U097,2023-09-03,Expense,Education,1889,NO,NO,BANK TRANSFER,Lucknow
T11586,U137,2022-04-10,Expense,Food,1560,NO,NO,CARD,Kolkata
T13045,U102,2024-11-28,Expense,Others,5321,NO,NO,UPI,Lucknow
T7249,U080,2023-05-17,Expense,Utilities,7894,NO,NO,UPI,Pune
T11522,U065,2024-03-28,Expense,Rent,9679,NO,NO,CASH,Bangalore
T6208,U133,2024-03-04,Expense,Food,4062,NO,NO,UNKNOWN,Ahmedabad
T7833,U045,2024-04-16,Expense,Food,5967,NO,NO,BANK TRANSFER,Chennai
T7489,U033,2023-12-07,Expense,Food,6317,NO,NO,UPI,Hyderabad
T2638,U014,2022-08-06,Expense,Entertainment,5605,NO,NO,CARD,Lucknow
T0855,U043,2021-06-10,Expense,Entertainment,8509,NO,NO,UPI,Chennai
T13469,U031,2021-12-07,Expense,Rent,7846,NO,NO,CARD,Mumbai
T10750,U058,2021-10-16,Income,Food,33713,NO,NO,CASH,Unknown
T12531,U069,2023-09-09,Income,Travel,31075,NO,NO,UPI,Ahmedabad
T0929,U016,2021-05-18,Expense,Education,3284,NO,NO,CARD,Jaipur
T10881,U056,2023-08-09,Expense,Food,3958,NO,NO,CASH,Hyderabad
T9138,U050,2023-09-28,Expense,Rent,9596,NO,NO,CASH,Hyderabad
T5529,U057,2023-09-09,Expense,Food,-1000,YES,NO,UPI,Chennai
T11628,U100,2023-06-28,Expense,Savings,7510,NO,NO,CASH,Ahmedabad
T11086,U068,2024-09-21,Expense,Rent,9794,NO,NO,CARD,Jaipur
T7783,U096,2024-10-11,Expense,Rent,4924,NO,NO,UPI,Jaipur
T13167,U035,2023-12-02,Expense,Food,3965,NO,NO,CARD,Pune
T5730,U043,2021-05-26,Expense,Food,3422,NO,NO,CARD,Jaipur
T5795,U125,2024-07-14,Expense,Others,0,NO,NO,CARD,Mumbai
T6102,U040,2023-08-15,Expense,Rent,-1000,YES,NO,CARD,Kolkata
T9172,U141,2022-06-02,Expense,Others,1256,NO,NO,BANK TRANSFER,Mumbai
T7703,U030,2023-03-28,Expense,Salary,2753,NO,NO,BANK TRANSFER,Delhi
T6352,U139,2023-02-05,Expense,Food,9372,NO,NO,UPI,Pune
T3011,U140,2023-03-18,Income,Utilities,77128,NO,NO,CASH,Delhi
T11133,U057,2022-04-30,Expense,Food,1676,NO,NO,UPI,Mumbai
T6654,U038,2024-05-16,Expense,Food,3271,NO,NO,UPI,Ahmedabad
T10456,U080,2023-12-18,Expense,Rent,3045,NO,NO,CASH,Delhi
T12698,U113,2023-07-04,Expense,Rent,7648,NO,NO,UPI,Delhi
T5644,U074,2022-07-28,Expense,Food,1633,NO,NO,BANK TRANSFER,Jaipur
T12777,U023,2021-08-25,Expense,Utilities,990,NO,NO,BANK TRANSFER,Pune
T8193,U048,2021-04-25,Expense,Food,12794,NO,NO,UNKNOWN,Kolkata
T5383,U001,2021-10-04,Expense,Travel,1891,NO,NO,CASH,Mumbai
T2889,U097,2024-08-23,Expense,Travel,7211,NO,NO,CASH,Unknown
T2331,U052,2021-09-29,Expense,Travel,7008,NO,NO,CASH,Unknown
T4047,U141,2024-12-07,Expense,Rent,-500,YES,NO,UNKNOWN,Pune
T2394,U131,2024-04-13,Expense,Food,4796,NO,NO,CASH,Pune
T13085,U148,2022-04-29,Expense,Food,9540,NO,NO,CARD,Pune
T2934,U058,2022-04-01,Expense,Travel,8851,NO,NO,UPI,Lucknow
T12837,U145,2021-11-04,Expense,Bonus,627,NO,NO,CASH,Bangalore
T8251,U101,2022-02-03,Expense,Rent,5802,NO,NO,CARD,Pune
T2505,U112,2024-06-19,Expense,Travel,1833,NO,NO,BANK TRANSFER,Lucknow
T11258,U103,2022-03-20,Expense,Travel,9454,NO,NO,UPI,Mumbai
T6733,U115,2022-12-11,Expense,Bonus,7849,NO,NO,CASH,Chennai
T1679,U003,2022-12-11,Income,Rent,54627,NO,NO,CARD,Hyderabad
T8365,U068,2022-09-20,Expense,Food,6901,NO,NO,UPI,Hyderabad
T13953,U130,2024-09-06,Expense,Travel,5376,NO,NO,CASH,Unknown
T9456,U146,2024-05-12,Income,Bonus,53218,NO,NO,CASH,Bangalore
T6282,U053,2023-09-09,Expense,Others,7327,NO,NO,UPI,Pune
T9745,U105,2023-05-28,Income,Education,65899,NO,NO,CARD,Lucknow
T5456,U045,2021-11-18,Expense,Travel,0,NO,NO,BANK TRANSFER,Lucknow
T5103,U053,2024-10-09,Expense,Rent,3688,NO,NO,UPI,Delhi
T9851,U150,2023-05-15,Income,Entertainment,69950,NO,NO,BANK TRANSFER,Hyderabad
T13162,U057,2022-02-24,Expense,Education,652,NO,NO,BANK TRANSFER,Kolkata
T5229,U102,2024-07-20,Expense,Bonus,9515,NO,NO,CASH,Unknown
T6571,U132,2021-09-03,Expense,Rent,268,NO,NO,UPI,Ahmedabad
T3286,U072,2021-07-14,Expense,Entertainment,6920,NO,NO,UNKNOWN,Bangalore
T4457,U018,2024-12-22,Expense,Travel,4371,NO,NO,CARD,Bangalore
T12842,U005,2021-01-06,Expense,Rent,7762,NO,NO,CASH,Bangalore
T3061,U140,2021-04-18,Income,Rent,73105,NO,NO,CARD,Kolkata
T1187,U005,2022-05-25,Expense,Education,-500,YES,NO,CARD,Hyderabad
T2630,U110,2022-11-06,Expense,Bonus,9832,NO,NO,UPI,Mumbai
T9905,U107,2022-04-26,Expense,Investment,5300,NO,NO,CASH,Kolkata
T4447,U026,2024-04-25,Expense,Rent,3646,NO,NO,CASH,Chennai
T13142,U125,2024-10-30,Income,Utilities,79488,NO,NO,CASH,Lucknow
T0300,U055,2023-08-31,Expense,Entertainment,2627,NO,NO,CASH,Bangalore
T13915,U022,2021-07-01,Income,Rent,32634,NO,NO,UNKNOWN,Unknown
T3379,U094,2023-04-22,Expense,Food,30379,NO,NO,BANK TRANSFER,Unknown
T1795,U120,2022-12-10,Expense,Food,0,NO,NO,CASH,Kolkata
T8093,U117,2022-02-18,Expense,Savings,999999999,NO,YES,UPI,Bangalore
T11809,U037,2023-12-04,Income,Entertainment,34321,NO,NO,UNKNOWN,Jaipur
T12651,U060,2024-09-08,Expense,Utilities,0,NO,NO,CASH,Jaipur
T9194,U040,2024-03-22,Expense,Health,0,NO,NO,CASH,Jaipur
T0444,U119,2021-05-20,Expense,Rent,4673,NO,NO,UNKNOWN,Kolkata
T10011,U137,2024-09-04,Expense,Food,1771,NO,NO,CARD,Delhi
T10977,U075,2024-06-17,Income,Rent,67153,NO,NO,BANK TRANSFER,Pune
T6209,U052,2024-09-26,Expense,Health,6319,NO,NO,CASH,Unknown
T5934,U022,2022-12-07,Expense,Rent,0,NO,NO,CASH,Unknown
T12799,U150,2023-09-07,Expense,Travel,1924,NO,NO,UNKNOWN,Unknown
T13885,U125,2024-07-10,Expense,Entertainment,4061,NO,NO,CASH,Pune
T6470,U023,2022-03-10,Expense,Others,6172,NO,NO,UNKNOWN,Kolkata
T9774,U100,2021-07-26,Expense,Travel,6837,NO,NO,CASH,Ahmedabad
T8032,U064,2024-12-17,Expense,Travel,4856,NO,NO,CASH,Bangalore
T6039,U015,2024-06-05,Expense,Food,5394,NO,NO,CASH,Jaipur
T13738,U107,2023-03-07,Expense,Entertainment,9050,NO,NO,CASH,Kolkata
T13035,U051,2022-02-05,Expense,Utilities,1140,NO,NO,CASH,Pune
T7617,U033,2024-12-05,Expense,Rent,29543,NO,NO,BANK TRANSFER,Jaipur
T2628,U011,2023-10-07,Expense,Rent,4311,NO,NO,UPI,Hyderabad
T10372,U066,2022-06-11,Expense,Investment,2247,NO,NO,CASH,Ahmedabad
T6240,U123,2023-05-06,Expense,Savings,9644,NO,NO,UPI,Hyderabad
T2660,U062,2023-09-09,Expense,Utilities,6893,NO,NO,BANK TRANSFER,Hyderabad
T10399,U131,2024-12-30,Expense,Entertainment,9468,NO,NO,CARD,Mumbai
T2050,U055,2021-09-24,Expense,Travel,3488,NO,NO,BANK TRANSFER,Mumbai
T11356,U039,2022-01-08,Expense,Uncategorised,9948,NO,NO,CASH,Kolkata
T9923,U090,2021-07-16,Expense,Rent,4918,NO,NO,CARD,Delhi
T4849,U028,2023-06-01,Expense,Entertainment,1125,NO,NO,UPI,Kolkata
T6110,U081,2022-02-17,Expense,Bonus,3244,NO,NO,CASH,Kolkata
T9275,U067,2023-12-01,Expense,Rent,16368,NO,NO,UPI,Chennai
T0685,U093,2024-09-23,Expense,Rent,23363,NO,NO,UPI,Kolkata
T9870,U012,2021-04-07,Expense,Health,2976,NO,NO,BANK TRANSFER,Bangalore
T0534,U101,2024-08-07,Expense,Food,999999,NO,YES,CASH,Delhi
T9506,U033,2021-06-06,Expense,Entertainment,611,NO,NO,BANK TRANSFER,Chennai
T7002,U134,2023-03-29,Expense,Food,9778,NO,NO,CASH,Bangalore
T4917,U044,2022-02-03,Expense,Entertainment,5889,NO,NO,BANK TRANSFER,Hyderabad
T0825,U091,2024-10-08,Income,Savings,29391,NO,NO,BANK TRANSFER,Delhi
T2876,U056,2022-01-26,Expense,Misc,3202,NO,NO,CARD,Mumbai
T3725,U077,2021-09-13,Expense,Food,1252,NO,NO,CARD,Kolkata
T5060,U074,2021-04-16,Expense,Travel,6224,NO,NO,UPI,Hyderabad
T9011,U117,2021-07-21,Expense,Food,8144,NO,NO,UPI,Ahmedabad
T0837,U033,2023-09-12,Expense,Rent,8248,NO,NO,CASH,Lucknow
T7074,U145,2024-09-10,Income,Health,71745,NO,NO,UPI,Chennai
T12151,U037,2024-03-21,Expense,Food,6045,NO,NO,CASH,Hyderabad
T12053,U070,2021-03-24,Expense,Freelance,9775,NO,NO,UPI,Ahmedabad
T12085,U032,2022-04-30,Expense,Entertainment,6914,NO,NO,CARD,Kolkata
T12213,U033,2021-10-08,Expense,Travel,3305,NO,NO,CASH,Pune
T7538,U121,2024-05-23,Expense,Rent,5347,NO,NO,CARD,Lucknow
T5389,U096,2023-09-30,Expense,Utilities,2847,NO,NO,UPI,Bangalore
T13735,U078,2021-12-17,Expense,Entertainment,999999,NO,YES,CARD,Delhi
T13986,U026,2021-03-10,Expense,Rent,1149,NO,NO,CARD,Ahmedabad
T2879,U063,2023-05-08,Expense,Food,8520,NO,NO,BANK TRANSFER,Delhi
T0655,U137,2024-07-01,Income,Food,33944,NO,NO,CARD,Ahmedabad
T9351,U149,2024-07-07,Expense,Food,317,NO,NO,UNKNOWN,Pune
T4857,U119,2021-03-23,Expense,Rent,6354,NO,NO,CASH,Bangalore
T13657,U041,2021-12-25,Expense,Utilities,7437,NO,NO,BANK TRANSFER,Hyderabad
T10471,U070,2022-08-30,Expense,Travel,92,NO,NO,UPI,Chennai
T3138,U004,2024-06-21,Expense,Rent,21746,NO,NO,BANK TRANSFER,Ahmedabad
T1302,U091,2023-05-27,Expense,Entertainment,6142,NO,NO,UPI,Chennai
T9109,U014,2023-01-31,Expense,Others,35978,NO,NO,CASH,Unknown
T3618,U036,2022-05-20,Expense,Freelance,2051,NO,NO,CARD,Chennai
T6635,U039,2021-02-25,Income,Others,72857,NO,NO,CASH,Jaipur
T8694,U067,2022-03-27,Expense,Others,8733,NO,NO,CARD,Pune
T5076,U061,2021-01-18,Expense,Health,3900,NO,NO,UPI,Delhi
T12706,U016,2021-07-07,Expense,Entertainment,7370,NO,NO,BANK TRANSFER,Kolkata
T13318,U008,2024-02-11,Expense,Entertainment,2814,NO,NO,CASH,Bangalore
T2496,U106,2024-02-29,Expense,Food,0,NO,NO,CARD,Mumbai
T10703,U089,2023-09-13,Expense,Food,5862,NO,NO,UPI,Mumbai
T2047,U126,2022-11-28,Income,Travel,22865,NO,NO,CASH,Unknown
T4201,U148,2023-10-01,Expense,Rent,4654,NO,NO,BANK TRANSFER,Unknown
T2588,U122,2022-12-11,Expense,Education,5792,NO,NO,CARD,Hyderabad
T6359,U004,2021-01-01,Expense,Travel,2939,NO,NO,BANK TRANSFER,Mumbai
T10810,U072,2022-12-29,Expense,Rent,8751,NO,NO,BANK TRANSFER,Jaipur
T13019,U018,2022-06-12,Expense,Food,1650,NO,NO,BANK TRANSFER,Jaipur
T10777,U005,2021-06-23,Expense,Investment,5744,NO,NO,CARD,Hyderabad
T7804,U118,2024-05-02,Income,Uncategorised,20996,NO,NO,BANK TRANSFER,Chennai
T8057,U067,2021-07-31,Expense,Travel,1631,NO,NO,CARD,Unknown
T0333,U134,2023-04-24,Expense,Utilities,8786,NO,NO,CARD,Kolkata
T6235,U020,2024-07-10,Expense,Bonus,6781,NO,NO,BANK TRANSFER,Jaipur
T6184,U126,2023-07-11,Expense,Food,8358,NO,NO,UNKNOWN,Delhi
T2169,U148,2024-06-04,Expense,Food,6989,NO,NO,CASH,Ahmedabad
T5547,U112,2023-10-12,Expense,Food,8612,NO,NO,CASH,Unknown
T11984,U132,2023-08-13,Expense,Utilities,3568,NO,NO,CARD,Lucknow
T9075,U133,2021-05-05,Expense,Rent,4181,NO,NO,UPI,Jaipur
T2312,U059,2023-01-07,Expense,Utilities,3721,NO,NO,CASH,Lucknow
T11858,U110,2024-06-19,Expense,Food,9871,NO,NO,CASH,Jaipur
T10937,U022,2021-05-07,Expense,Utilities,697,NO,NO,CARD,Lucknow
T6941,U097,2023-12-09,Expense,Education,5924,NO,NO,BANK TRANSFER,Chennai
T0159,U070,2022-02-20,Expense,Travel,7735,NO,NO,CARD,Kolkata
T10084,U089,2023-08-14,Income,Bonus,12254,NO,NO,UPI,Lucknow
T1700,U067,2022-03-18,Expense,Entertainment,6000,NO,NO,CARD,Pune
T4913,U068,2023-08-06,Expense,Utilities,6595,NO,NO,CARD,Pune
T1545,U081,2021-05-19,Expense,Rent,1498,NO,NO,BANK TRANSFER,Unknown
T0995,U088,2022-07-11,Income,Freelance,52079,NO,NO,CARD,Mumbai
T12322,U027,2022-10-07,Expense,Education,423,NO,NO,CARD,Lucknow
T3370,U013,2024-08-02,Expense,Rent,40988,NO,NO,UPI,Ahmedabad
T9982,U041,2024-05-29,Expense,Savings,1446,NO,NO,UNKNOWN,Delhi
T5538,U007,2023-08-10,Income,Utilities,63645,NO,NO,UNKNOWN,Kolkata
T7437,U130,2022-12-29,Expense,Health,9752,NO,NO,UNKNOWN,Ahmedabad
T2579,U008,2024-10-28,Income,Food,23182,NO,NO,CARD,Hyderabad
T2931,U046,2022-06-17,Expense,Food,999999,NO,YES,BANK TRANSFER,Bangalore
T3266,U113,2024-10-23,Expense,Rent,592,NO,NO,UPI,Pune
T0237,U132,2024-07-01,Expense,Freelance,4085,NO,NO,BANK TRANSFER,Ahmedabad
T7360,U002,2022-05-11,Expense,Rent,7063,NO,NO,CARD,Unknown
T2224,U081,2021-09-25,Expense,Rent,3335,NO,NO,CASH,Hyderabad
T1819,U118,2021-11-13,Expense,Food,5516,NO,NO,CARD,Hyderabad
T6698,U117,2023-04-20,Expense,Rent,9476,NO,NO,CARD,Ahmedabad
T7972,U107,2022-07-26,Expense,Food,4921,NO,NO,UNKNOWN,Bangalore
T0431,U150,2022-03-01,Expense,Rent,7063,NO,NO,UPI,Bangalore
T12526,U020,2023-04-13,Expense,Salary,6022,NO,NO,BANK TRANSFER,Hyderabad
T1289,U128,2023-02-15,Expense,Salary,1794,NO,NO,UPI,Chennai
T5126,U099,2023-03-06,Expense,Freelance,3827,NO,NO,CASH,Kolkata
T11948,U084,2023-04-26,Expense,Utilities,47325,NO,NO,UPI,Chennai
T0303,U021,2024-06-03,Expense,Bonus,8934,NO,NO,UPI,Jaipur
T8324,U084,2024-05-06,Expense,Rent,0,NO,NO,CARD,Mumbai
T4408,U090,2023-04-30,Expense,Others,314,NO,NO,CARD,Delhi
T8565,U066,2021-07-11,Expense,Rent,3384,NO,NO,CARD,Chennai
T10485,U149,2023-08-11,Expense,Savings,9407,NO,NO,CASH,Bangalore
T4247,U118,2021-08-12,Expense,Savings,1582,NO,NO,CASH,Lucknow
T3496,U139,2021-07-23,Expense,Others,4399,NO,NO,BANK TRANSFER,Mumbai
T0998,U049,2023-11-16,Expense,Salary,2471,NO,NO,CASH,Pune
T6389,U055,2024-12-30,Expense,Rent,6968,NO,NO,UNKNOWN,Bangalore
T7364,U138,2022-06-09,Expense,Travel,1062,NO,NO,UNKNOWN,Kolkata
T9875,U130,2021-09-28,Expense,Education,8910,NO,NO,CARD,Unknown
T8658,U036,2024-12-26,Expense,Food,2265,NO,NO,CARD,Hyderabad
T8312,U079,2023-10-26,Expense,Rent,9365,NO,NO,CASH,Pune
T12616,U086,2024-03-31,Expense,Rent,2034,NO,NO,BANK TRANSFER,Kolkata
T7045,U022,2023-10-21,Expense,Rent,384,NO,NO,CARD,Bangalore
T8215,U115,2024-09-16,Expense,Rent,9138,NO,NO,CARD,Lucknow
T12121,U105,2021-07-23,Expense,Travel,887,NO,NO,UPI,Kolkata
T3418,U052,2023-11-13,Expense,Travel,2617,NO,NO,CASH,Bangalore
T12084,U021,2022-10-11,Income,Utilities,46727,NO,NO,BANK TRANSFER,Kolkata
T8761,U002,2023-09-05,Expense,Food,5085,NO,NO,CASH,Lucknow
T12977,U084,2021-03-14,Expense,Salary,367,NO,NO,BANK TRANSFER,Chennai
T6406,U079,2024-06-01,Expense,Salary,5813,NO,NO,CARD,Ahmedabad
T8309,U018,2022-05-14,Expense,Freelance,0,NO,NO,UPI,Ahmedabad
T10660,U081,2021-08-12,Expense,Bonus,2527,NO,NO,CARD,Mumbai
T8760,U020,2024-12-05,Expense,Rent,2329,NO,NO,UPI,Hyderabad
T12747,U066,2022-07-05,Income,Education,13928,NO,NO,CARD,Mumbai
T11472,U116,2023-01-28,Expense,Bonus,5618,NO,NO,BANK TRANSFER,Kolkata
T11371,U092,2023-01-01,Expense,Rent,1267,NO,NO,UPI,Jaipur
T8324,U084,2024-05-06,Expense,Bonus,0,NO,NO,CARD,Mumbai
T13491,U150,2023-04-07,Expense,Freelance,9794,NO,NO,BANK TRANSFER,Jaipur
T11762,U002,2024-09-21,Expense,Food,7550,NO,NO,UPI,Hyderabad
T5279,U135,2021-06-29,Expense,Others,19022,NO,NO,UPI,Bangalore
T7650,U117,2023-01-27,Expense,Health,2779,NO,NO,UPI,Ahmedabad
T11288,U067,2021-10-25,Expense,Bonus,9612,NO,NO,CASH,Delhi
T10803,U109,2023-06-14,Income,Others,12315,NO,NO,CARD,Unknown
T4767,U045,2024-03-14,Expense,Rent,2913,NO,NO,BANK TRANSFER,Hyderabad
T2477,U121,2024-09-28,Expense,Rent,30637,NO,NO,CARD,Kolkata
T5802,U068,2021-11-02,Expense,Travel,-500,YES,NO,UPI,Lucknow
T11048,U112,2023-07-08,Expense,Utilities,1537,NO,NO,CASH,Hyderabad
T11688,U090,2022-05-17,Expense,Rent,6365,NO,NO,CARD,Ahmedabad
T0649,U052,2021-06-16,Expense,Education,3918,NO,NO,CARD,Ahmedabad
T5905,U123,2024-08-05,Expense,Education,974,NO,NO,UPI,Lucknow
T5703,U055,2023-11-09,Expense,Entertainment,7845,NO,NO,CASH,Lucknow
T12013,U091,2021-08-20,Expense,Rent,4398,NO,NO,CARD,Ahmedabad
T5182,U056,2021-04-16,Expense,Rent,7320,NO,NO,BANK TRANSFER,Mumbai
T12874,U124,2023-02-15,Expense,Travel,5791,NO,NO,UNKNOWN,Chennai
T3398,U015,2023-08-07,Expense,Rent,2997,NO,NO,UNKNOWN,Unknown
T11997,U097,2022-01-12,Expense,Travel,5732,NO,NO,CARD,Mumbai
T11068,U092,2024-07-02,Expense,Utilities,9937,NO,NO,CASH,Hyderabad
T3920,U040,2021-01-13,Expense,Health,0,NO,NO,CASH,Mumbai
T4183,U021,2021-10-05,Expense,Utilities,2548,NO,NO,UPI,Bangalore
T10379,U040,2024-12-21,Expense,Rent,6183,NO,NO,CASH,Delhi
T5308,U130,2024-04-21,Expense,Investment,2507,NO,NO,UPI,Lucknow
T12946,U080,2023-03-14,Expense,Education,419,NO,NO,UPI,Chennai
T4909,U025,2022-10-13,Expense,Food,4971,NO,NO,CASH,Kolkata
T1880,U039,2024-10-06,Expense,Travel,5107,NO,NO,CASH,Lucknow
T11756,U026,2023-10-22,Expense,Education,1532,NO,NO,CARD,Chennai
T12784,U117,2021-09-21,Expense,Utilities,8083,NO,NO,BANK TRANSFER,Jaipur
T9873,U122,2024-01-21,Expense,Education,5182,NO,NO,BANK TRANSFER,Unknown
T11306,U041,2023-05-19,Income,Education,77757,NO,NO,BANK TRANSFER,Mumbai
T1041,U078,2023-06-16,Expense,Food,9853,NO,NO,UPI,Delhi
T6351,U098,2023-02-18,Expense,Entertainment,2673,NO,NO,UPI,Jaipur
T4674,U120,2023-03-14,Expense,Health,7073,NO,NO,CASH,Bangalore
T3757,U009,2023-10-01,Expense,Health,7602,NO,NO,BANK TRANSFER,Delhi
T9503,U025,2022-03-28,Expense,Utilities,4633,NO,NO,BANK TRANSFER,Unknown
T5897,U068,2022-10-27,Expense,Education,6703,NO,NO,CARD,Chennai
T4733,U063,2021-01-19,Expense,Food,7401,NO,NO,CASH,Delhi
T5143,U031,2021-04-20,Income,Food,48926,NO,NO,CARD,Delhi
T5965,U072,2024-08-11,Expense,Food,2009,NO,NO,CARD,Jaipur
T4035,U088,2024-10-18,Expense,Utilities,7355,NO,NO,UPI,Delhi
T8905,U115,2024-10-28,Expense,Food,9403,NO,NO,BANK TRANSFER,Lucknow
T13048,U119,2023-08-18,Expense,Food,951,NO,NO,BANK TRANSFER,Chennai
T10808,U064,2021-08-20,Expense,Food,6878,NO,NO,CARD,Delhi
T6265,U088,2024-12-23,Expense,Travel,28798,NO,NO,UPI,Delhi
T5413,U024,2024-12-11,Expense,Rent,9497,NO,NO,UPI,Ahmedabad
T13507,U083,2022-08-20,Expense,Rent,7665,NO,NO,CASH,Bangalore
T10564,U043,2021-05-21,Income,Rent,51678,NO,NO,UNKNOWN,Bangalore
T1021,U117,2021-02-13,Expense,Food,5351,NO,NO,BANK TRANSFER,Mumbai
T13408,U061,2024-09-15,Expense,Food,37160,NO,NO,CARD,Lucknow
T0284,U127,2024-04-20,Expense,Bonus,21037,NO,NO,CARD,Mumbai
T13160,U089,2024-05-28,Income,Food,71268,NO,NO,CASH,Hyderabad
T3775,U118,2021-08-11,Expense,Entertainment,690,NO,NO,BANK TRANSFER,Delhi
T10274,U111,2022-03-17,Expense,Utilities,7111,NO,NO,CASH,Delhi
T5628,U124,2023-01-17,Expense,Health,0,NO,NO,BANK TRANSFER,Jaipur
T6322,U143,2022-03-08,Expense,Investment,3570,NO,NO,BANK TRANSFER,Kolkata
T9423,U087,2021-07-02,Expense,Food,418,NO,NO,BANK TRANSFER,Mumbai
T10101,U100,2022-11-21,Expense,Utilities,5150,NO,NO,BANK TRANSFER,Chennai
T2190,U101,2023-12-29,Expense,Entertainment,2853,NO,NO,CARD,Mumbai
T2513,U027,2022-08-15,Expense,Rent,2650,NO,NO,UPI,Bangalore
T8026,U140,2021-09-12,Expense,Entertainment,9857,NO,NO,CARD,Hyderabad
T6621,U025,2022-12-29,Expense,Investment,2292,NO,NO,CASH,Ahmedabad
T10497,U093,2022-02-13,Expense,Food,1550,NO,NO,UPI,Kolkata
T9781,U043,2024-04-01,Income,Savings,36773,NO,NO,CARD,Lucknow
T11660,U009,2023-11-28,Expense,Rent,4374,NO,NO,UPI,Bangalore
T2030,U091,2021-03-09,Expense,Utilities,4776,NO,NO,UPI,Lucknow
T2013,U041,2021-05-01,Expense,Utilities,8197,NO,NO,CASH,Bangalore
T1451,U040,2021-02-21,Income,Education,44657,NO,NO,CARD,Jaipur
T10830,U107,2024-03-21,Expense,Rent,9814,NO,NO,CASH,Lucknow
T13929,U090,2022-11-26,Expense,Salary,6677,NO,NO,BANK TRANSFER,Ahmedabad
T10825,U074,2022-10-31,Expense,Food,-500,YES,NO,CARD,Chennai
T9131,U009,2021-05-14,Expense,Rent,9023,NO,NO,UPI,Kolkata
T13122,U138,2022-10-23,Expense,Others,2627,NO,NO,CASH,Lucknow
T1232,U103,2022-05-03,Expense,Food,5567,NO,NO,CASH,Jaipur
T10320,U143,2023-01-21,Expense,Health,6372,NO,NO,CARD,Mumbai
T0957,U004,2024-03-31,Expense,Savings,7119,NO,NO,UPI,Unknown
T3366,U133,2023-04-23,Expense,Others,7647,NO,NO,UPI,Chennai
T4475,U139,2023-05-17,Expense,Freelance,4373,NO,NO,CARD,Unknown
T5288,U123,2022-04-24,Expense,Food,9850,NO,NO,CARD,Pune
T11026,U040,2024-11-21,Expense,Rent,8525,NO,NO,UPI,Unknown
T0889,U023,2023-02-23,Expense,Entertainment,311,NO,NO,BANK TRANSFER,Lucknow
T4932,U113,2021-02-04,Expense,Rent,9098,NO,NO,BANK TRANSFER,Pune
T5158,U021,2022-08-04,Expense,Rent,8183,NO,NO,CARD,Chennai
T2473,U102,2024-01-23,Expense,Food,6543,NO,NO,CARD,Bangalore
T3766,U077,2024-05-22,Expense,Rent,1215,NO,NO,CARD,Mumbai
T8101,U059,2021-07-21,Expense,Utilities,3888,NO,NO,CASH,Kolkata
T9118,U142,2022-07-28,Expense,Food,2130,NO,NO,CARD,Lucknow
T12176,U130,2023-12-17,Expense,Entertainment,6016,NO,NO,BANK TRANSFER,Chennai
T11053,U049,2022-10-10,Income,Food,55080,NO,NO,CASH,Unknown
T7405,U092,2022-11-16,Expense,Travel,8481,NO,NO,UNKNOWN,Ahmedabad
T0576,U019,2024-10-05,Income,Entertainment,15471,NO,NO,CARD,Kolkata
T2770,U001,2024-02-11,Income,Savings,49068,NO,NO,CASH,Mumbai
T7663,U062,2023-12-15,Expense,Salary,7971,NO,NO,BANK TRANSFER,Bangalore
T3456,U005,2023-05-16,Expense,Others,580,NO,NO,CASH,Jaipur
T11581,U141,2021-07-17,Expense,Health,306,NO,NO,BANK TRANSFER,Pune
T2672,U072,2021-09-04,Expense,Travel,5083,NO,NO,UPI,Delhi
T3796,U131,2022-04-29,Expense,Others,5189,NO,NO,UPI,Bangalore
T1796,U103,2022-12-11,Expense,Rent,1258,NO,NO,UPI,Kolkata
T0392,U076,2023-11-03,Expense,Food,3919,NO,NO,UPI,Bangalore
T3934,U070,2024-02-15,Expense,Entertainment,114,NO,NO,CASH,Ahmedabad
T11730,U128,2023-02-11,Expense,Travel,3287,NO,NO,CASH,Chennai
T3569,U130,2022-10-24,Expense,Travel,7211,NO,NO,CASH,Jaipur
T3124,U081,2021-02-14,Expense,Rent,8513,NO,NO,UPI,Jaipur
T7590,U070,2024-01-17,Expense,Travel,1134,NO,NO,UNKNOWN,Jaipur
T13398,U059,2022-12-25,Expense,Travel,5725,NO,NO,CARD,Delhi
T8678,U055,2021-11-06,Expense,Investment,4996,NO,NO,BANK TRANSFER,Pune
T6073,U104,2023-11-27,Expense,Investment,79,NO,NO,UPI,Bangalore
T7162,U079,2022-10-08,Expense,Entertainment,7244,NO,NO,CASH,Lucknow
T6925,U077,2021-01-06,Income,Utilities,49741,NO,NO,CARD,Kolkata
T12378,U134,2023-09-13,Expense,Savings,12302,NO,NO,CASH,Jaipur
T3783,U020,2023-12-16,Expense,Rent,5857,NO,NO,CARD,Pune
T6673,U031,2022-04-08,Expense,Utilities,1226,NO,NO,UPI,Delhi
T11158,U127,2024-03-11,Income,Others,37975,NO,NO,CARD,Delhi
T8984,U073,2022-09-22,Expense,Others,29405,NO,NO,BANK TRANSFER,Ahmedabad
T2608,U084,2023-03-17,Expense,Utilities,3746,NO,NO,UPI,Mumbai
T2574,U089,2022-12-15,Expense,Food,9113,NO,NO,CARD,Mumbai
T5882,U139,2021-01-17,Income,Rent,37741,NO,NO,UPI,Bangalore
T10232,U068,2022-08-23,Income,Food,55339,NO,NO,BANK TRANSFER,Ahmedabad
T8925,U067,2024-12-02,Expense,Rent,7002,NO,NO,BANK TRANSFER,Ahmedabad
T9407,U072,2021-01-23,Expense,Food,3681,NO,NO,UPI,Pune
T7103,U020,2021-12-17,Expense,Travel,26210,NO,NO,CARD,Kolkata
T0211,U082,2022-01-12,Expense,Rent,3724,NO,NO,UPI,Lucknow
T3215,U126,2024-01-01,Expense,Rent,4235,NO,NO,UPI,Pune
T13776,U131,2024-11-12,Income,Food,17251,NO,NO,UPI,Unknown
T11938,U041,2024-06-29,Expense,Utilities,8438,NO,NO,UPI,Bangalore
T6641,U110,2022-05-28,Expense,Food,3030,NO,NO,UPI,Chennai
T7307,U074,2023-01-02,Expense,Entertainment,8150,NO,NO,UPI,Unknown
T8000,U140,2022-02-13,Expense,Rent,7282,NO,NO,UPI,Lucknow
T5116,U083,2024-06-08,Expense,Freelance,9055,NO,NO,UPI,Ahmedabad
T3219,U128,2021-02-03,Expense,Rent,1095,NO,NO,CASH,Bangalore
T11879,U134,2021-10-26,Expense,Bonus,8046,NO,NO,BANK TRANSFER,Lucknow
T11466,U112,2021-12-26,Expense,Savings,999999,NO,YES,BANK TRANSFER,Delhi
T2909,U087,2024-03-11,Expense,Food,7718,NO,NO,BANK TRANSFER,Chennai
T8935,U061,2024-01-06,Income,Utilities,42468,NO,NO,BANK TRANSFER,Unknown
T13483,U104,2022-06-03,Income,Investment,72645,NO,NO,CARD,Hyderabad
T1710,U025,2023-08-14,Expense,Entertainment,0,NO,NO,BANK TRANSFER,Jaipur
T0468,U030,2021-08-17,Expense,Utilities,2187,NO,NO,CASH,Unknown
T9499,U053,2023-07-23,Expense,Entertainment,3574,NO,NO,CASH,Lucknow
T7361,U059,2022-05-23,Expense,Others,9302,NO,NO,CARD,Hyderabad
T8164,U029,2021-11-10,Expense,Travel,1999,NO,NO,CASH,Delhi
T2020,U086,2021-10-01,Expense,Food,2899,NO,NO,UNKNOWN,Bangalore
T11563,U073,2023-01-09,Expense,Freelance,6288,NO,NO,BANK TRANSFER,Mumbai
T3661,U063,2023-07-23,Expense,Travel,511,NO,NO,BANK TRANSFER,Chennai
T4134,U136,2021-09-22,Expense,Utilities,5459,NO,NO,CASH,Bangalore
T8219,U011,2023-08-27,Expense,Health,6802,NO,NO,CASH,Jaipur
T13260,U063,2023-02-27,Expense,Others,48417,NO,NO,UPI,Hyderabad
T3919,U014,2022-06-17,Expense,Entertainment,1838,NO,NO,CARD,Pune
T4916,U038,2021-07-30,Expense,Food,-500,YES,NO,CASH,Bangalore
T11186,U001,2022-08-05,Expense,Others,7834,NO,NO,CASH,Chennai
T9163,U042,2023-03-07,Expense,Misc,22748,NO,NO,CARD,Lucknow
T9139,U021,2023-04-15,Expense,Utilities,3917,NO,NO,CARD,Pune
T6284,U134,2021-10-20,Expense,Rent,3438,NO,NO,UNKNOWN,Hyderabad
T13544,U111,2022-11-07,Income,Food,52828,NO,NO,CARD,Ahmedabad
T3756,U042,2024-07-30,Expense,Rent,8184,NO,NO,UPI,Ahmedabad
T13920,U089,2022-12-24,Expense,Rent,4770,NO,NO,CASH,Chennai
T0748,U089,2021-10-30,Expense,Food,7173,NO,NO,UPI,Jaipur
T3035,U106,2022-10-02,Expense,Utilities,1534,NO,NO,UNKNOWN,Chennai
T7761,U060,2022-05-07,Expense,Investment,5420,NO,NO,CARD,Ahmedabad
T2544,U110,2021-10-16,Expense,Food,1167,NO,NO,BANK TRANSFER,Ahmedabad
T9121,U089,2021-02-16,Expense,Food,1385,NO,NO,UPI,Kolkata
T3190,U051,2021-09-12,Income,Food,15232,NO,NO,UPI,Bangalore
T13858,U021,2022-02-15,Expense,Health,7667,NO,NO,CARD,Mumbai
T5300,U023,2021-12-13,Expense,Food,2342,NO,NO,CASH,Lucknow
T5085,U141,2021-12-12,Expense,Travel,8622,NO,NO,CASH,Kolkata
T11266,U009,2022-03-30,Expense,Rent,1745,NO,NO,CASH,Lucknow
T9641,U116,2021-05-24,Expense,Rent,5112,NO,NO,BANK TRANSFER,Kolkata
T9448,U014,2022-01-06,Expense,Food,45085,NO,NO,UPI,Mumbai
T12372,U135,2022-04-24,Expense,Utilities,3329,NO,NO,UPI,Chennai
T8221,U094,2023-12-23,Income,Food,39550,NO,NO,CASH,Bangalore
T2675,U076,2024-08-07,Expense,Uncategorised,4483,NO,NO,CASH,Mumbai
T1549,U021,2021-08-24,Expense,Food,2933,NO,NO,CASH,Chennai
T12086,U110,2022-07-21,Expense,Rent,0,NO,NO,BANK TRANSFER,Ahmedabad
T7850,U149,2021-08-27,Expense,Freelance,4853,NO,NO,UPI,Pune
T4980,U101,2021-03-23,Expense,Food,565,NO,NO,UPI,Delhi
T11668,U143,2021-03-18,Expense,Health,231,NO,NO,UPI,Jaipur
T6735,U128,2022-05-03,Expense,Food,5138,NO,NO,CARD,Mumbai
T10148,U119,2024-03-17,Expense,Education,4714,NO,NO,UPI,Kolkata
T7832,U021,2024-02-24,Expense,Rent,2366,NO,NO,BANK TRANSFER,Kolkata
T11140,U095,2023-01-26,Expense,Utilities,2691,NO,NO,CARD,Hyderabad
T9699,U023,2024-05-11,Expense,Travel,9738,NO,NO,CASH,Hyderabad
T7512,U059,2023-05-12,Expense,Rent,5526,NO,NO,CARD,Kolkata
T6567,U148,2022-10-16,Expense,Travel,3622,NO,NO,CARD,Jaipur
T13668,U115,2024-08-07,Expense,Entertainment,7530,NO,NO,CARD,Mumbai
T0311,U068,2021-05-23,Income,Entertainment,66525,NO,NO,BANK TRANSFER,Delhi
T0221,U020,2021-08-02,Expense,Food,3585,NO,NO,BANK TRANSFER,Chennai
T6837,U025,2021-10-24,Expense,Food,3269,NO,NO,CASH,Bangalore
T9760,U074,2024-01-31,Expense,Food,4198,NO,NO,UPI,Kolkata
T1391,U123,2021-01-17,Expense,Entertainment,3532,NO,NO,BANK TRANSFER,Unknown
T13660,U089,2023-07-14,Expense,Travel,6693,NO,NO,CASH,Delhi
T12824,U088,2022-03-17,Expense,Salary,25754,NO,NO,BANK TRANSFER,Delhi
T8552,U060,2024-08-02,Expense,Entertainment,8506,NO,NO,CASH,Chennai
T12766,U130,2021-05-10,Expense,Travel,16536,NO,NO,UPI,Lucknow
T0452,U014,2021-10-17,Expense,Utilities,3448,NO,NO,UPI,Chennai
T5699,U018,2024-01-06,Expense,Food,1349,NO,NO,CARD,Mumbai
T5015,U042,2024-12-23,Expense,Rent,44296,NO,NO,UPI,Delhi
T7715,U150,2021-03-01,Expense,Bonus,3605,NO,NO,CARD,Bangalore
T7646,U038,2024-08-30,Expense,Others,2825,NO,NO,CARD,Chennai
T8108,U110,2024-07-21,Expense,Utilities,15069,NO,NO,CASH,Unknown
T5284,U138,2021-06-13,Expense,Travel,8804,NO,NO,CARD,Hyderabad
T6744,U003,2023-05-14,Income,Food,57294,NO,NO,CASH,Mumbai
T2076,U149,2023-11-22,Income,Health,75351,NO,NO,UPI,Mumbai
T13975,U015,2022-04-16,Income,Utilities,0,NO,NO,UNKNOWN,Hyderabad
T9885,U064,2023-02-02,Income,Rent,76388,NO,NO,CASH,Jaipur
T13328,U098,2022-02-28,Income,Education,19017,NO,NO,BANK TRANSFER,Lucknow
T5535,U086,2021-02-18,Expense,Food,862,NO,NO,CARD,Kolkata
T5895,U057,2021-04-25,Expense,Food,8894,NO,NO,UNKNOWN,Mumbai
T1186,U101,2022-05-25,Expense,Investment,144,NO,NO,CASH,Kolkata
T7488,U134,2021-05-24,Expense,Rent,1350,NO,NO,BANK TRANSFER,Ahmedabad
T6907,U086,2022-05-05,Expense,Rent,6816,NO,NO,CARD,Chennai
T2216,U071,2022-06-01,Expense,Food,3803,NO,NO,BANK TRANSFER,Mumbai
T4253,U132,2021-10-13,Expense,Savings,43348,NO,NO,CASH,Pune
T0456,U010,2021-09-12,Expense,Food,5811,NO,NO,CASH,Chennai
T11617,U082,2024-03-11,Expense,Rent,3319,NO,NO,BANK TRANSFER,Mumbai
T3777,U134,2022-01-10,Expense,Food,20778,NO,NO,BANK TRANSFER,Kolkata
T10744,U045,2023-12-02,Expense,Food,1067,NO,NO,CARD,Chennai
T7030,U010,2023-08-08,Income,Food,13588,NO,NO,CARD,Hyderabad
T13780,U016,2023-10-27,Income,Bonus,56655,NO,NO,UNKNOWN,Kolkata
T10763,U126,2021-07-24,Expense,Utilities,3973,NO,NO,CASH,Chennai
T0249,U034,2021-12-16,Expense,Uncategorised,7754,NO,NO,BANK TRANSFER,Jaipur
T6589,U031,2023-11-20,Expense,Utilities,9869,NO,NO,CARD,Hyderabad
T9391,U085,2023-11-26,Income,Travel,75385,NO,NO,CARD,Pune
T2632,U086,2022-03-24,Expense,Entertainment,4341,NO,NO,UPI,Kolkata
T0368,U042,2024-07-17,Expense,Bonus,706,NO,NO,BANK TRANSFER,Delhi
T8666,U085,2023-09-23,Expense,Rent,6456,NO,NO,CARD,Kolkata
T5998,U023,2022-11-29,Expense,Rent,8457,NO,NO,CARD,Pune
T3297,U093,2021-04-10,Expense,Food,13209,NO,NO,CASH,Chennai
T12912,U084,2022-01-03,Expense,Travel,1153,NO,NO,UPI,Mumbai
T13451,U049,2021-05-10,Expense,Health,2695,NO,NO,BANK TRANSFER,Jaipur
T0056,U076,2022-11-25,Expense,Freelance,6611,NO,NO,BANK TRANSFER,Delhi
T11475,U121,2023-09-10,Expense,Food,4266,NO,NO,CARD,Pune
T8519,U035,2021-11-17,Expense,Entertainment,2432,NO,NO,CASH,Ahmedabad
T2525,U004,2024-02-21,Income,Entertainment,35494,NO,NO,CASH,Lucknow
T9905,U058,2022-02-23,Expense,Health,2996,NO,NO,CASH,Mumbai
T4337,U099,2021-04-14,Expense,Rent,4652,NO,NO,CARD,Kolkata
T12746,U101,2022-09-22,Expense,Health,3724,NO,NO,BANK TRANSFER,Mumbai
T1804,U017,2024-05-27,Income,Rent,46713,NO,NO,BANK TRANSFER,Chennai
T13760,U003,2021-03-17,Expense,Entertainment,1900,NO,NO,UPI,Kolkata
T11392,U026,2024-03-02,Expense,Travel,999999,NO,YES,CARD,Ahmedabad
T0526,U071,2022-03-09,Expense,Others,4350,NO,NO,BANK TRANSFER,Kolkata
T13077,U136,2024-04-17,Expense,Travel,7341,NO,NO,UPI,Kolkata
T7540,U128,2021-11-30,Income,Utilities,44884,NO,NO,CASH,Mumbai
T5821,U123,2024-10-26,Expense,Health,2285,NO,NO,CARD,Delhi
T9310,U090,2021-05-16,Expense,Utilities,9335,NO,NO,CASH,Chennai
T4074,U072,2022-03-17,Expense,Investment,999999,NO,YES,CARD,Hyderabad
T6644,U013,2022-09-15,Expense,Salary,3083,NO,NO,CARD,Ahmedabad
T7399,U076,2024-11-30,Expense,Rent,49775,NO,NO,CARD,Unknown
T13213,U132,2021-12-19,Income,Education,40669,NO,NO,CARD,Mumbai
T13432,U148,2023-11-04,Expense,Food,8349,NO,NO,BANK TRANSFER,Bangalore
T12634,U021,2024-04-03,Expense,Others,2994,NO,NO,UPI,Delhi
T4286,U012,2021-07-22,Expense,Entertainment,1504,NO,NO,CARD,Lucknow
T11698,U076,2021-02-23,Expense,Others,37902,NO,NO,CASH,Kolkata
T10006,U070,2024-03-14,Expense,Health,184,NO,NO,CASH,Pune
T4606,U124,2023-09-18,Expense,Travel,49978,NO,NO,CASH,Delhi
T12723,U087,2022-03-30,Income,Food,39198,NO,NO,BANK TRANSFER,Delhi
T12577,U015,2023-09-25,Income,Entertainment,66045,NO,NO,UPI,Pune
T3942,U059,2022-04-28,Income,Food,20997,NO,NO,CASH,Mumbai
T11905,U142,2022-04-28,Expense,Food,8453,NO,NO,CASH,Jaipur
T9694,U068,2024-12-30,Income,Food,78318,NO,NO,BANK TRANSFER,Jaipur
T12534,U126,2024-02-23,Expense,Others,6587,NO,NO,BANK TRANSFER,Chennai
T0944,U013,2023-03-29,Expense,Food,7626,NO,NO,BANK TRANSFER,Jaipur
T12156,U028,2023-10-12,Expense,Rent,1920,NO,NO,BANK TRANSFER,Mumbai
T4375,U034,2022-06-17,Expense,Entertainment,3803,NO,NO,UPI,Mumbai
T6070,U025,2023-10-14,Expense,Entertainment,426,NO,NO,CASH,Hyderabad
T10254,U030,2024-07-05,Income,Travel,13374,NO,NO,UNKNOWN,Ahmedabad
T10916,U017,2022-05-01,Expense,Utilities,7939,NO,NO,CARD,Bangalore
T8803,U055,2023-02-13,Income,Food,62389,NO,NO,UPI,Jaipur
T4460,U121,2023-02-11,Expense,Education,8287,NO,NO,CASH,Kolkata
T0771,U104,2022-08-19,Expense,Rent,9329,NO,NO,CASH,Hyderabad
T12860,U087,2023-05-29,Expense,Rent,4616,NO,NO,UPI,Kolkata
T9180,U125,2023-02-17,Expense,Travel,1543,NO,NO,BANK TRANSFER,Mumbai
T12367,U120,2024-08-07,Expense,Uncategorised,26728,NO,NO,UNKNOWN,Pune
T9969,U106,2023-12-10,Expense,Food,4422,NO,NO,CARD,Hyderabad
T10849,U112,2021-05-28,Expense,Freelance,9502,NO,NO,CARD,Unknown
T9942,U063,2022-03-15,Expense,Others,8526,NO,NO,UPI,Unknown
T10965,U043,2023-11-24,Expense,Food,8367,NO,NO,UPI,Lucknow
T0631,U007,2024-05-31,Expense,Rent,9916,NO,NO,CARD,Chennai
T5794,U029,2021-12-16,Expense,Rent,3097,NO,NO,BANK TRANSFER,Delhi
T13547,U042,2021-08-29,Expense,Food,1498,NO,NO,BANK TRANSFER,Pune
T13437,U065,2023-04-18,Income,Uncategorised,14309,NO,NO,UNKNOWN,Chennai
T1830,U028,2021-09-29,Income,Education,37350,NO,NO,CARD,Ahmedabad
T13243,U141,2022-06-03,Income,Uncategorised,66035,NO,NO,UPI,Chennai
T6302,U072,2022-06-01,Income,Food,27979,NO,NO,BANK TRANSFER,Chennai
T7816,U041,2021-07-01,Expense,Rent,39496,NO,NO,UPI,Bangalore
T4379,U121,2022-03-12,Expense,Investment,5630,NO,NO,UPI,Bangalore
T9140,U135,2021-03-07,Income,Health,31633,NO,NO,UNKNOWN,Delhi
T2677,U071,2021-04-16,Expense,Education,7241,NO,NO,BANK TRANSFER,Ahmedabad
T4308,U064,2022-11-21,Income,Health,43910,NO,NO,CASH,Pune
T10809,U020,2022-09-30,Income,Food,668369,NO,YES,CASH,Delhi
T6053,U147,2023-12-09,Expense,Food,9303,NO,NO,UPI,Pune
T2682,U001,2022-10-08,Expense,Freelance,9440,NO,NO,CARD,Pune
T3720,U004,2023-12-03,Expense,Travel,1794,NO,NO,UPI,Kolkata
T2207,U052,2021-03-01,Income,Food,78925,NO,NO,CARD,Mumbai
T5145,U101,2022-10-13,Income,Travel,79183,NO,NO,UNKNOWN,Hyderabad
T12418,U069,2021-08-09,Expense,Food,2254,NO,NO,UPI,Hyderabad
T12692,U137,2023-08-30,Expense,Entertainment,19429,NO,NO,UPI,Lucknow
T6472,U003,2024-05-29,Expense,Education,3815,NO,NO,BANK TRANSFER,Hyderabad
T9530,U123,2023-09-19,Expense,Entertainment,2939,NO,NO,BANK TRANSFER,Kolkata
T4867,U135,2021-06-09,Expense,Travel,2449,NO,NO,UNKNOWN,Delhi
T8490,U084,2022-10-24,Expense,Rent,2345,NO,NO,BANK TRANSFER,Mumbai
T6686,U009,2021-08-26,Expense,Food,7656,NO,NO,BANK TRANSFER,Unknown
T6703,U091,2024-01-31,Expense,Others,1521,NO,NO,UPI,Hyderabad
T2948,U125,2021-04-08,Expense,Utilities,18032,NO,NO,UPI,Kolkata
T12185,U132,2022-05-22,Expense,Food,34555,NO,NO,UPI,Jaipur
T11374,U030,2023-01-19,Expense,Freelance,3053,NO,NO,BANK TRANSFER,Delhi
T3735,U089,2024-08-13,Expense,Uncategorised,999999,NO,YES,UPI,Bangalore
T6906,U029,2022-04-09,Expense,Utilities,1920,NO,NO,UPI,Pune
T6179,U067,2024-11-05,Expense,Food,3064,NO,NO,UPI,Mumbai
T2813,U113,2023-11-24,Expense,Education,5139,NO,NO,UPI,Delhi
T2304,U114,2024-09-16,Expense,Food,8710,NO,NO,UPI,Pune
T8334,U078,2024-05-29,Expense,Bonus,42295,NO,NO,CARD,Hyderabad
T12150,U049,2023-07-07,Income,Others,65257,NO,NO,CASH,Delhi
T1734,U008,2023-07-12,Expense,Utilities,2130,NO,NO,BANK TRANSFER,Pune
T8937,U057,2021-04-26,Expense,Uncategorised,678,NO,NO,BANK TRANSFER,Hyderabad
T5613,U020,2022-12-05,Expense,Food,6316,NO,NO,CARD,Bangalore
T2298,U066,2022-07-05,Expense,Freelance,8970,NO,NO,UNKNOWN,Unknown
T9222,U046,2021-01-16,Expense,Food,5585,NO,NO,UPI,Pune
T4439,U089,2023-12-08,Expense,Rent,8470,NO,NO,CASH,Kolkata
T6135,U034,2023-11-30,Expense,Others,4669,NO,NO,BANK TRANSFER,Bangalore
T10849,U108,2021-08-24,Expense,Food,4019,NO,NO,CARD,Ahmedabad
T12238,U007,2022-12-25,Expense,Food,9871,NO,NO,CARD,Delhi
T10462,U041,2021-09-04,Expense,Food,9547,NO,NO,CARD,Bangalore
T13104,U001,2022-10-30,Expense,Travel,702,NO,NO,CASH,Lucknow
T4741,U100,2022-09-25,Expense,Bonus,6942,NO,NO,CASH,Chennai
T0705,U093,2024-06-13,Expense,Utilities,5547,NO,NO,UPI,Lucknow
T5534,U054,2024-01-28,Expense,Food,624,NO,NO,CASH,Bangalore
T6188,U124,2024-01-07,Expense,Rent,7288,NO,NO,CASH,Pune
T10548,U053,2024-01-30,Expense,Travel,9125,NO,NO,UPI,Chennai
T4468,U068,2021-08-31,Expense,Health,7352,NO,NO,BANK TRANSFER,Delhi
T11350,U111,2022-11-27,Expense,Health,6246,NO,NO,CARD,Lucknow
T3699,U065,2023-06-19,Expense,Rent,2327,NO,NO,BANK TRANSFER,Ahmedabad
T13795,U134,2022-07-25,Expense,Food,1567,NO,NO,CASH,Hyderabad
T9484,U110,2022-10-23,Expense,Food,3339,NO,NO,CARD,Pune
T1329,U097,2022-10-17,Expense,Food,2446,NO,NO,CARD,Chennai
T9877,U007,2021-02-28,Expense,Travel,8065,NO,NO,CARD,Bangalore
T9518,U086,2022-05-12,Expense,Rent,2161,NO,NO,UPI,Unknown
T12902,U082,2023-02-08,Expense,Food,7185,NO,NO,CARD,Pune
T7222,U133,2022-01-22,Expense,Food,4925,NO,NO,BANK TRANSFER,Chennai
T13441,U102,2024-05-15,Expense,Travel,4961,NO,NO,CARD,Ahmedabad
T7810,U027,2024-08-21,Income,Entertainment,33081,NO,NO,UPI,Hyderabad
T1484,U028,2023-10-14,Expense,Food,1107,NO,NO,UNKNOWN,Bangalore
T7157,U040,2024-11-18,Expense,Rent,4690,NO,NO,CASH,Mumbai
T2194,U005,2024-02-20,Expense,Others,8878,NO,NO,CASH,Mumbai
T10310,U054,2022-07-26,Expense,Food,1046,NO,NO,CASH,Mumbai
T0087,U072,2021-08-21,Expense,Entertainment,4364,NO,NO,BANK TRANSFER,Delhi
T5230,U043,2021-10-01,Income,Savings,20710,NO,NO,BANK TRANSFER,Lucknow
T13135,U060,2022-02-03,Expense,Entertainment,8823,NO,NO,CARD,Chennai
T8562,U111,2021-03-06,Expense,Food,9103,NO,NO,BANK TRANSFER,Hyderabad
T12797,U112,2023-05-12,Expense,Others,4961,NO,NO,CARD,Hyderabad
T13079,U115,2023-02-28,Expense,Misc,8754,NO,NO,BANK TRANSFER,Jaipur
T0306,U061,2023-12-17,Expense,Utilities,2625,NO,NO,BANK TRANSFER,Bangalore
T10638,U079,2022-08-03,Income,Rent,48000,NO,NO,UPI,Hyderabad
T11075,U018,2024-09-29,Expense,Rent,3929,NO,NO,BANK TRANSFER,Kolkata
T4007,U109,2024-12-08,Expense,Food,9586,NO,NO,BANK TRANSFER,Ahmedabad
T0185,U073,2021-08-10,Expense,Entertainment,4378,NO,NO,CARD,Chennai
T4861,U069,2023-02-05,Expense,Investment,3439,NO,NO,BANK TRANSFER,Delhi
T8253,U089,2022-05-08,Expense,Travel,5849,NO,NO,UPI,Pune
T6876,U030,2024-06-14,Expense,Salary,5540,NO,NO,CARD,Ahmedabad
T5658,U117,2022-06-01,Expense,Food,2460,NO,NO,BANK TRANSFER,Delhi
T2357,U082,2022-07-27,Income,Travel,38500,NO,NO,UPI,Chennai
T3220,U114,2021-04-16,Expense,Rent,1161,NO,NO,CASH,Chennai
T13808,U098,2024-05-07,Expense,Food,6140,NO,NO,CASH,Unknown
T8356,U007,2023-06-08,Income,Salary,63888,NO,NO,CASH,Unknown
T4868,U001,2021-03-08,Expense,Education,3595,NO,NO,CARD,Jaipur
T11051,U020,2022-11-30,Expense,Food,999999999,NO,YES,UNKNOWN,Bangalore
T5738,U101,2021-04-11,Expense,Food,655,NO,NO,CARD,Chennai
T11655,U129,2021-07-30,Expense,Food,8549,NO,NO,UPI,Kolkata
T6650,U106,2024-11-30,Expense,Rent,2629,NO,NO,BANK TRANSFER,Chennai
T10295,U121,2024-09-07,Income,Bonus,13867,NO,NO,CARD,Pune
T13287,U144,2023-08-12,Income,Rent,67458,NO,NO,CARD,Mumbai
T1637,U104,2024-03-21,Expense,Utilities,2718,NO,NO,BANK TRANSFER,Hyderabad
T9363,U092,2022-05-11,Expense,Travel,9911,NO,NO,BANK TRANSFER,Bangalore
T0473,U124,2021-10-24,Expense,Travel,9531,NO,NO,BANK TRANSFER,Bangalore
T13834,U091,2024-12-09,Expense,Education,6921,NO,NO,BANK TRANSFER,Delhi
T6998,U123,2022-03-20,Expense,Rent,10584,NO,NO,BANK TRANSFER,Lucknow
T4984,U095,2024-05-21,Expense,Food,2319,NO,NO,CARD,Kolkata
T0734,U085,2024-11-07,Expense,Uncategorised,6445,NO,NO,BANK TRANSFER,Chennai
T11995,U004,2021-06-27,Expense,Rent,37667,NO,NO,CARD,Lucknow
T8477,U088,2022-03-03,Expense,Others,962,NO,NO,BANK TRANSFER,Ahmedabad
T9529,U006,2022-06-07,Expense,Rent,693,NO,NO,CASH,Pune
T9938,U102,2024-02-10,Expense,Salary,2671,NO,NO,CASH,Jaipur
T11364,U123,2022-04-18,Expense,Food,3783,NO,NO,CARD,Chennai
T8321,U123,2023-01-28,Expense,Others,4565,NO,NO,UPI,Ahmedabad
T13412,U049,2022-05-23,Expense,Utilities,863,NO,NO,BANK TRANSFER,Hyderabad
T10258,U115,2023-11-16,Expense,Food,6289,NO,NO,CASH,Chennai
T9718,U099,2024-05-01,Income,Rent,66560,NO,NO,CASH,Ahmedabad
T6644,U148,2022-01-31,Income,Rent,12787,NO,NO,CASH,Delhi
T1095,U147,2024-09-23,Expense,Rent,6379,NO,NO,BANK TRANSFER,Mumbai
T3313,U109,2021-07-17,Expense,Uncategorised,2480,NO,NO,CASH,Hyderabad
T11400,U141,2021-09-09,Expense,Bonus,3499,NO,NO,BANK TRANSFER,Delhi
T12191,U079,2021-04-11,Income,Rent,25892,NO,NO,BANK TRANSFER,Unknown
T10833,U143,2023-09-28,Expense,Bonus,5084,NO,NO,CARD,Delhi
T2383,U079,2021-11-13,Expense,Rent,1422,NO,NO,BANK TRANSFER,Hyderabad
T0844,U147,2024-07-05,Expense,Others,9935,NO,NO,BANK TRANSFER,Kolkata
T13113,U078,2022-01-12,Expense,Investment,1472,NO,NO,UPI,Delhi
T13380,U007,2021-12-16,Expense,Freelance,224,NO,NO,UPI,Unknown
T3053,U119,2022-10-19,Expense,Travel,17119,NO,NO,CASH,Lucknow
T9302,U083,2022-12-01,Expense,Others,6634,NO,NO,UPI,Chennai
T3511,U112,2023-01-06,Expense,Food,5528,NO,NO,CASH,Hyderabad
T4490,U077,2021-11-14,Income,Freelance,79785,NO,NO,CASH,Unknown
T11106,U126,2023-06-02,Income,Education,65852,NO,NO,UPI,Hyderabad
T4107,U079,2022-03-25,Expense,Travel,381,NO,NO,CASH,Pune
T6678,U053,2021-08-12,Expense,Freelance,7129,NO,NO,CARD,Pune
T6068,U089,2022-03-26,Expense,Food,6354,NO,NO,CASH,Kolkata
T10182,U023,2022-11-15,Expense,Savings,0,NO,NO,CARD,Mumbai
T2664,U118,2021-10-05,Expense,Salary,6365,NO,NO,CASH,Mumbai
T0254,U101,2023-08-21,Income,Entertainment,42631,NO,NO,CARD,Delhi
T4140,U060,2024-02-21,Income,Health,24584,NO,NO,UPI,Hyderabad
T13899,U017,2023-01-20,Expense,Health,3940,NO,NO,UPI,Kolkata
T4634,U115,2023-09-27,Expense,Rent,1395,NO,NO,CARD,Chennai
T13478,U020,2021-10-11,Expense,Food,6600,NO,NO,BANK TRANSFER,Chennai
T0404,U037,2023-09-20,Expense,Food,3583,NO,NO,UPI,Pune
T5620,U147,2023-01-25,Expense,Freelance,7854,NO,NO,BANK TRANSFER,Bangalore
T12670,U119,2023-06-25,Expense,Rent,8477,NO,NO,UNKNOWN,Bangalore
T3079,U071,2022-05-02,Expense,Rent,7627,NO,NO,CARD,Ahmedabad
T10508,U100,2023-08-16,Expense,Travel,8970,NO,NO,CASH,Kolkata
T8901,U002,2024-03-09,Expense,Utilities,4649,NO,NO,UNKNOWN,Mumbai
T11103,U112,2024-06-13,Expense,Travel,4058,NO,NO,CARD,Lucknow
T4855,U055,2024-12-29,Expense,Freelance,8184,NO,NO,BANK TRANSFER,Lucknow
T11341,U127,2024-01-17,Expense,Investment,3047,NO,NO,CARD,Mumbai
T12527,U131,2021-11-27,Expense,Food,5011,NO,NO,CARD,Chennai
T13284,U045,2021-02-19,Expense,Others,28005,NO,NO,BANK TRANSFER,Ahmedabad
T8706,U110,2023-02-28,Income,Others,35111,NO,NO,CARD,Hyderabad
T12932,U079,2024-06-09,Expense,Food,4260,NO,NO,CARD,Pune
T5139,U045,2021-04-27,Income,Utilities,59798,NO,NO,CARD,Jaipur
T7561,U116,2022-01-11,Expense,Education,5483,NO,NO,CARD,Hyderabad
T11446,U038,2021-01-06,Expense,Rent,9276,NO,NO,BANK TRANSFER,Pune
T1698,U135,2023-03-23,Expense,Travel,0,NO,NO,UPI,Unknown
T0336,U017,2024-03-13,Income,Uncategorised,79853,NO,NO,BANK TRANSFER,Mumbai
T0873,U131,2021-05-13,Expense,Freelance,5925,NO,NO,UPI,Unknown
T11516,U056,2021-07-08,Expense,Food,9653,NO,NO,CARD,Kolkata
T6513,U094,2024-04-09,Expense,Food,4382,NO,NO,CASH,Pune
T10584,U017,2024-04-15,Income,Food,65636,NO,NO,CARD,Chennai
T7458,U047,2024-04-06,Expense,Rent,1143,NO,NO,CASH,Chennai
T4866,U107,2022-07-16,Expense,Others,333,NO,NO,CARD,Hyderabad
T1902,U070,2023-06-20,Income,Food,43373,NO,NO,CASH,Jaipur
T10124,U148,2021-05-09,Expense,Rent,571,NO,NO,UNKNOWN,Chennai
T7651,U016,2021-05-04,Expense,Entertainment,9816,NO,NO,CARD,Ahmedabad
T7412,U047,2022-01-03,Expense,Food,4747,NO,NO,CASH,Unknown
T11131,U121,2022-09-17,Income,Salary,49059,NO,NO,CARD,Jaipur
T12117,U048,2024-06-29,Expense,Food,4821,NO,NO,UPI,Lucknow
T0908,U024,2024-09-30,Expense,Investment,2265,NO,NO,CARD,Pune
T12303,U094,2024-08-28,Income,Utilities,56138,NO,NO,BANK TRANSFER,Pune
T13030,U090,2022-04-26,Expense,Travel,7650,NO,NO,CARD,Delhi
T2732,U010,2021-09-13,Expense,Utilities,8292,NO,NO,CASH,Delhi
T11164,U062,2023-01-19,Expense,Bonus,29344,NO,NO,CASH,Ahmedabad
T1718,U088,2024-06-22,Expense,Travel,359,NO,NO,BANK TRANSFER,Mumbai
T8214,U076,2023-12-14,Expense,Entertainment,1820,NO,NO,CARD,Delhi
T9019,U090,2022-05-24,Expense,Food,4090,NO,NO,UPI,Pune
T0244,U133,2022-09-10,Expense,Food,1721,NO,NO,BANK TRANSFER,Hyderabad
T3611,U028,2023-09-10,Expense,Food,946,NO,NO,CARD,Kolkata
T0911,U137,2022-04-12,Income,Food,79102,NO,NO,BANK TRANSFER,Delhi
T4617,U134,2023-03-05,Expense,Travel,7330,NO,NO,UPI,Mumbai
T0787,U094,2024-12-04,Expense,Travel,738,NO,NO,UNKNOWN,Unknown
T8467,U101,2024-08-23,Expense,Health,7118,NO,NO,CARD,Kolkata
T5040,U150,2022-12-29,Expense,Food,9789,NO,NO,UNKNOWN,Ahmedabad
T13557,U081,2023-05-26,Expense,Travel,2243,NO,NO,UPI,Jaipur
T0783,U006,2022-07-12,Expense,Salary,9794,NO,NO,CARD,Chennai
T13846,U073,2023-03-23,Expense,Food,6002,NO,NO,BANK TRANSFER,Pune
T13906,U099,2023-02-08,Expense,Freelance,6551,NO,NO,CARD,Jaipur
T10717,U062,2022-11-17,Expense,Utilities,0,NO,NO,BANK TRANSFER,Kolkata
T7658,U095,2021-02-14,Expense,Uncategorised,1359,NO,NO,BANK TRANSFER,Kolkata
T7594,U130,2023-01-21,Expense,Utilities,3997,NO,NO,CASH,Bangalore
T8536,U035,2024-10-11,Expense,Others,1152,NO,NO,CASH,Delhi
T6857,U031,2023-05-18,Expense,Travel,1535,NO,NO,UPI,Hyderabad
T13712,U097,2022-09-08,Expense,Food,2295,NO,NO,CASH,Bangalore
T1895,U145,2022-08-18,Income,Health,13482,NO,NO,BANK TRANSFER,Delhi
T1936,U041,2023-01-10,Expense,Savings,4524,NO,NO,CASH,Lucknow
T12548,U066,2021-10-09,Expense,Health,2518,NO,NO,UNKNOWN,Unknown
T6237,U026,2022-05-12,Expense,Utilities,1590,NO,NO,CASH,Pune
T5976,U060,2024-10-26,Expense,Utilities,9756,NO,NO,CARD,Chennai
T10132,U119,2021-02-06,Expense,Travel,7740,NO,NO,UNKNOWN,Pune
T4817,U028,2022-01-16,Expense,Education,7734,NO,NO,CASH,Delhi
T8384,U133,2022-12-15,Expense,Savings,9818,NO,NO,CARD,Ahmedabad
T12168,U009,2023-01-30,Expense,Food,4039,NO,NO,CARD,Jaipur
T1402,U062,2023-10-26,Expense,Rent,7631,NO,NO,CARD,Pune
T13542,U062,2021-01-10,Expense,Investment,9675,NO,NO,UNKNOWN,Mumbai
T12070,U009,2021-03-22,Expense,Salary,5519,NO,NO,CARD,Pune
T13268,U060,2024-02-02,Expense,Utilities,7262,NO,NO,UNKNOWN,Hyderabad
T13933,U088,2023-08-04,Expense,Education,8669,NO,NO,BANK TRANSFER,Hyderabad
T11547,U051,2021-01-14,Expense,Entertainment,660,NO,NO,CASH,Jaipur
T5928,U102,2021-02-19,Expense,Travel,3872,NO,NO,UPI,Hyderabad
T7598,U032,2024-11-11,Expense,Rent,2000,NO,NO,UPI,Ahmedabad
T5820,U045,2024-05-26,Expense,Entertainment,4911,NO,NO,CARD,Hyderabad
T1674,U016,2024-04-27,Expense,Uncategorised,1628,NO,NO,CASH,Delhi
T0143,U148,2023-09-21,Income,Salary,70238,NO,NO,CARD,Pune
T3717,U005,2022-07-12,Expense,Education,1590,NO,NO,BANK TRANSFER,Lucknow
T13886,U041,2022-11-19,Expense,Bonus,6040,NO,NO,UPI,Pune
T11999,U027,2024-08-13,Expense,Travel,8301,NO,NO,CASH,Lucknow
T11268,U077,2023-11-04,Expense,Food,731,NO,NO,UPI,Bangalore
T2288,U052,2021-09-20,Expense,Travel,7451,NO,NO,CASH,Bangalore
T0375,U061,2022-12-27,Income,Others,10702,NO,NO,UPI,Bangalore
T7718,U013,2024-02-02,Income,Rent,24063,NO,NO,UNKNOWN,Delhi
T11250,U009,2021-07-11,Expense,Rent,3209,NO,NO,UPI,Ahmedabad
T12316,U113,2022-11-02,Expense,Salary,6984,NO,NO,CASH,Mumbai
T2556,U075,2024-01-20,Expense,Travel,2062,NO,NO,UPI,Lucknow
T11642,U009,2021-05-05,Expense,Uncategorised,5934,NO,NO,CARD,Jaipur
T3436,U135,2022-08-01,Expense,Uncategorised,3444,NO,NO,UPI,Delhi
T2385,U041,2022-01-19,Expense,Bonus,4413,NO,NO,CASH,Jaipur
T9623,U138,2021-11-20,Expense,Food,9946,NO,NO,BANK TRANSFER,Delhi
T0504,U097,2021-08-14,Expense,Entertainment,1469,NO,NO,CASH,Hyderabad
T0966,U121,2024-11-15,Expense,Education,2832,NO,NO,CARD,Pune
T9718,U001,2023-02-21,Expense,Rent,7959,NO,NO,CASH,Delhi
T9490,U063,2023-02-04,Income,Travel,36725,NO,NO,BANK TRANSFER,Lucknow
T11719,U007,2023-08-06,Expense,Education,5721,NO,NO,CASH,Chennai
T3750,U091,2023-07-13,Expense,Utilities,-1000,YES,NO,BANK TRANSFER,Chennai
T1155,U118,2023-02-08,Expense,Utilities,4300,NO,NO,BANK TRANSFER,Delhi
T10629,U112,2021-08-27,Expense,Rent,2114,NO,NO,CASH,Mumbai
T6748,U099,2022-06-03,Expense,Travel,2680,NO,NO,BANK TRANSFER,Kolkata
T0126,U023,2023-07-09,Expense,Rent,11099,NO,NO,CASH,Delhi
T5031,U090,2021-10-11,Expense,Salary,4174,NO,NO,UPI,Mumbai
T2287,U101,2024-09-17,Expense,Utilities,9997,NO,NO,BANK TRANSFER,Unknown
T5454,U019,2022-08-15,Expense,Utilities,-1000,YES,NO,BANK TRANSFER,Bangalore
T2488,U079,2024-02-23,Income,Uncategorised,0,NO,NO,BANK TRANSFER,Kolkata
T8052,U058,2022-03-12,Expense,Travel,485,NO,NO,UPI,Ahmedabad
T0198,U008,2021-09-25,Expense,Bonus,4386,NO,NO,CARD,Lucknow
T13577,U100,2023-06-09,Expense,Food,4899,NO,NO,CARD,Kolkata
T7427,U002,2022-12-21,Expense,Education,5292,NO,NO,BANK TRANSFER,Delhi
T12870,U044,2021-03-05,Income,Food,61203,NO,NO,CARD,Chennai
T13009,U090,2024-06-25,Expense,Health,33775,NO,NO,UPI,Pune
T10013,U123,2024-11-27,Expense,Others,6060,NO,NO,BANK TRANSFER,Pune
T9827,U108,2022-06-06,Expense,Others,5526,NO,NO,CASH,Delhi
T0197,U070,2024-11-13,Expense,Freelance,1060,NO,NO,BANK TRANSFER,Bangalore
T9666,U127,2022-07-25,Expense,Salary,1993,NO,NO,CASH,Unknown
T6478,U135,2021-02-12,Expense,Investment,3427,NO,NO,CASH,Delhi
T6162,U123,2021-07-17,Income,Rent,31079,NO,NO,BANK TRANSFER,Mumbai
T1403,U068,2021-02-16,Expense,Health,3696,NO,NO,BANK TRANSFER,Chennai
T12019,U123,2021-11-23,Expense,Utilities,399,NO,NO,CASH,Kolkata
T6470,U023,2022-03-10,Expense,Utilities,6172,NO,NO,UNKNOWN,Kolkata
T11437,U121,2023-09-08,Expense,Rent,4264,NO,NO,CARD,Pune
T6384,U132,2021-02-12,Expense,Entertainment,6147,NO,NO,CARD,Ahmedabad
T2150,U095,2024-09-25,Expense,Food,2955,NO,NO,UPI,Unknown
T1412,U103,2022-05-25,Expense,Travel,6090,NO,NO,CASH,Kolkata
T10751,U011,2024-09-12,Expense,Health,3311,NO,NO,UPI,Chennai
T11222,U099,2022-12-03,Expense,Food,0,NO,NO,UPI,Mumbai
T3094,U002,2024-09-30,Expense,Food,9135,NO,NO,CARD,Bangalore
T10215,U065,2024-01-12,Expense,Utilities,3962,NO,NO,UPI,Unknown
T5512,U088,2021-03-30,Expense,Travel,8920,NO,NO,UPI,Ahmedabad
T6771,U120,2021-08-02,Expense,Utilities,8533,NO,NO,UPI,Hyderabad
T1754,U092,2021-02-15,Expense,Education,6997,NO,NO,CARD,Ahmedabad
T11335,U081,2023-05-26,Income,Salary,48319,NO,NO,UPI,Ahmedabad
T3984,U042,2024-04-20,Income,Rent,15480,NO,NO,BANK TRANSFER,Hyderabad
T5544,U128,2023-11-08,Expense,Rent,35731,NO,NO,UPI,Mumbai
T3134,U128,2021-06-14,Expense,Others,7182,NO,NO,BANK TRANSFER,Ahmedabad
T4856,U054,2024-08-14,Expense,Travel,3522,NO,NO,CASH,Mumbai
T6937,U147,2024-12-30,Income,Uncategorised,30120,NO,NO,CASH,Kolkata
T12985,U022,2023-02-18,Expense,Rent,7288,NO,NO,CARD,Delhi
T0462,U134,2023-02-09,Income,Education,66289,NO,NO,UPI,Hyderabad
T7385,U149,2024-12-28,Expense,Salary,2514,NO,NO,CASH,Kolkata
T1674,U016,2024-04-27,Expense,Education,1628,NO,NO,CASH,Delhi
T8983,U053,2022-03-30,Expense,Rent,1064,NO,NO,CASH,Kolkata
T5004,U049,2024-03-09,Expense,Food,2283,NO,NO,UPI,Jaipur
T7315,U030,2021-12-16,Expense,Others,403,NO,NO,BANK TRANSFER,Ahmedabad
T10523,U019,2024-04-30,Expense,Uncategorised,999999,NO,YES,BANK TRANSFER,Unknown
T12236,U008,2021-06-24,Expense,Utilities,1915,NO,NO,CASH,Pune
T1358,U120,2023-10-03,Income,Food,24620,NO,NO,CASH,Ahmedabad
T2098,U093,2021-01-19,Expense,Entertainment,1208,NO,NO,CASH,Jaipur
T8575,U093,2024-07-19,Expense,Utilities,-1000,YES,NO,CARD,Pune
T11741,U052,2023-10-10,Expense,Investment,6434,NO,NO,CASH,Unknown
T10032,U025,2022-03-20,Expense,Food,1132,NO,NO,CASH,Pune
T9186,U121,2024-10-08,Expense,Education,4800,NO,NO,UPI,Kolkata
T1089,U074,2024-03-01,Expense,Food,2179,NO,NO,CASH,Kolkata
T0689,U068,2021-11-25,Expense,Travel,5810,NO,NO,CASH,Jaipur
T10304,U015,2022-09-18,Expense,Food,1019,NO,NO,CARD,Bangalore
T9884,U116,2021-01-04,Expense,Travel,7751,NO,NO,CARD,Pune
T3341,U111,2021-09-24,Expense,Health,6171,NO,NO,CARD,Kolkata
T11508,U101,2023-01-05,Expense,Rent,7897,NO,NO,CARD,Hyderabad
T8125,U139,2022-01-11,Expense,Food,5235,NO,NO,CASH,Kolkata
T2990,U047,2024-12-05,Expense,Entertainment,2069,NO,NO,BANK TRANSFER,Chennai
T2179,U012,2021-01-12,Income,Rent,30717,NO,NO,UPI,Pune
T9057,U017,2024-10-18,Expense,Travel,5963,NO,NO,BANK TRANSFER,Lucknow
T0937,U024,2022-06-04,Expense,Food,9790,NO,NO,UNKNOWN,Hyderabad
T4777,U043,2021-12-16,Expense,Rent,3829,NO,NO,CASH,Jaipur
T11579,U006,2024-04-06,Expense,Entertainment,47633,NO,NO,BANK TRANSFER,Lucknow
T2563,U097,2024-06-13,Expense,Travel,3988,NO,NO,BANK TRANSFER,Hyderabad
T9733,U060,2023-05-07,Expense,Food,3546,NO,NO,CASH,Chennai
T13008,U026,2021-10-27,Expense,Entertainment,8402,NO,NO,CARD,Pune
T10459,U115,2021-09-13,Expense,Rent,6801,NO,NO,UPI,Jaipur
T13785,U036,2021-11-26,Expense,Others,2583,NO,NO,BANK TRANSFER,Mumbai
T2251,U073,2021-03-08,Expense,Travel,45362,NO,NO,CARD,Ahmedabad
T7209,U081,2021-06-15,Income,Travel,64577,NO,NO,UPI,Kolkata
T7091,U015,2021-07-22,Expense,Rent,3409,NO,NO,CASH,Kolkata
T1741,U106,2023-06-05,Expense,Utilities,9007,NO,NO,UPI,Pune
T4949,U127,2022-06-26,Expense,Travel,3774,NO,NO,CASH,Hyderabad
T3172,U010,2022-12-26,Expense,Travel,4448,NO,NO,CASH,Delhi
T10904,U138,2024-09-03,Expense,Education,5401,NO,NO,UPI,Lucknow
T6307,U109,2021-04-06,Income,Investment,40494,NO,NO,CARD,Pune
T4303,U129,2024-02-20,Expense,Travel,8159,NO,NO,CASH,Ahmedabad
T10276,U020,2023-03-15,Expense,Food,835,NO,NO,CASH,Hyderabad
T2683,U143,2024-10-25,Expense,Food,4279,NO,NO,BANK TRANSFER,Ahmedabad
T5192,U150,2024-11-16,Expense,Rent,3982,NO,NO,BANK TRANSFER,Ahmedabad
T13234,U053,2024-12-30,Expense,Food,2928,NO,NO,BANK TRANSFER,Chennai
T2996,U018,2022-02-09,Expense,Uncategorised,2936,NO,NO,BANK TRANSFER,Ahmedabad
T11590,U004,2021-12-01,Expense,Food,9914,NO,NO,UPI,Ahmedabad
T8323,U084,2024-03-06,Expense,Uncategorised,39890,NO,NO,BANK TRANSFER,Hyderabad
T6084,U130,2024-03-16,Expense,Food,1537,NO,NO,UPI,Jaipur
T2686,U090,2023-03-20,Income,Food,17415,NO,NO,BANK TRANSFER,Ahmedabad
T2966,U132,2024-07-01,Expense,Utilities,4783,NO,NO,CARD,Ahmedabad
T2011,U106,2022-10-21,Expense,Utilities,7660,NO,NO,CARD,Mumbai
T2067,U141,2023-10-19,Income,Utilities,51876,NO,NO,UNKNOWN,Pune
T7711,U143,2022-05-03,Expense,Rent,3582,NO,NO,UPI,Delhi
T3997,U014,2022-11-09,Expense,Travel,9262,NO,NO,UPI,Unknown
T10039,U131,2023-03-16,Expense,Food,77,NO,NO,CASH,Jaipur
T3791,U146,2023-10-10,Expense,Others,4995,NO,NO,CASH,Chennai
T5806,U011,2022-03-22,Expense,Food,1844,NO,NO,CASH,Jaipur
T1616,U079,2021-11-30,Income,Utilities,59787,NO,NO,UPI,Lucknow
T12230,U022,2021-08-16,Expense,Travel,539,NO,NO,UPI,Kolkata
T3373,U019,2022-02-10,Expense,Food,3929,NO,NO,UPI,Ahmedabad
T3301,U144,2023-05-16,Expense,Food,8458,NO,NO,CASH,Chennai
T1633,U076,2021-06-23,Expense,Entertainment,2947,NO,NO,CASH,Delhi
T5622,U124,2022-04-28,Income,Rent,24178,NO,NO,CASH,Lucknow
T9085,U119,2022-05-29,Expense,Food,9879,NO,NO,CARD,Jaipur
T8597,U067,2024-02-10,Expense,Education,2217,NO,NO,UPI,Chennai
T4615,U046,2023-05-16,Income,Rent,30481,NO,NO,UNKNOWN,Lucknow
T3597,U057,2023-02-04,Expense,Food,748,NO,NO,BANK TRANSFER,Kolkata
T7758,U068,2023-11-01,Expense,Food,2518,NO,NO,BANK TRANSFER,Unknown
T11170,U114,2022-05-26,Expense,Others,589,NO,NO,UPI,Delhi
T12962,U064,2023-08-29,Expense,Entertainment,2258,NO,NO,CARD,Mumbai
T4895,U119,2021-09-27,Income,Bonus,75302,NO,NO,BANK TRANSFER,Bangalore
T13581,U110,2024-06-21,Expense,Food,1350,NO,NO,BANK TRANSFER,Hyderabad
T8495,U144,2024-07-17,Expense,Rent,5718,NO,NO,CARD,Mumbai
T1408,U099,2021-10-29,Expense,Rent,5721,NO,NO,UNKNOWN,Delhi
T12718,U083,2023-12-06,Expense,Food,8434,NO,NO,CASH,Jaipur
T2928,U132,2023-03-28,Expense,Food,2959,NO,NO,CARD,Bangalore
T6306,U139,2022-07-16,Expense,Rent,5269,NO,NO,BANK TRANSFER,Jaipur
T8094,U059,2021-02-16,Expense,Health,977,NO,NO,CASH,Kolkata
T8005,U084,2024-04-17,Expense,Travel,8284,NO,NO,UNKNOWN,Ahmedabad
T9604,U006,2022-06-25,Expense,Others,1919,NO,NO,CARD,Ahmedabad
T10847,U047,2023-12-10,Expense,Utilities,7924,NO,NO,CARD,Bangalore
T8174,U127,2023-04-06,Expense,Food,3930,NO,NO,CASH,Jaipur
T11692,U054,2024-10-05,Expense,Investment,30286,NO,NO,CARD,Chennai
T12728,U108,2023-10-27,Expense,Freelance,3770,NO,NO,BANK TRANSFER,Ahmedabad
T9315,U018,2023-01-27,Expense,Travel,3752,NO,NO,CASH,Mumbai
T4793,U073,2021-06-21,Expense,Rent,7485,NO,NO,BANK TRANSFER,Delhi
T12425,U114,2023-05-22,Expense,Utilities,0,NO,NO,CASH,Lucknow
T4371,U030,2024-04-30,Expense,Utilities,4897,NO,NO,BANK TRANSFER,Chennai
T7491,U132,2022-11-22,Expense,Health,41374,NO,NO,UPI,Kolkata
T4576,U047,2022-05-22,Income,Rent,75005,NO,NO,CARD,Hyderabad
T8058,U063,2022-02-27,Expense,Investment,8769,NO,NO,BANK TRANSFER,Ahmedabad
T7262,U098,2022-04-04,Expense,Entertainment,6215,NO,NO,BANK TRANSFER,Ahmedabad
T0160,U078,2024-11-28,Expense,Rent,4166,NO,NO,UNKNOWN,Bangalore
T5693,U100,2021-10-31,Expense,Misc,6669,NO,NO,CARD,Unknown
T2637,U075,2022-03-29,Expense,Rent,1935,NO,NO,CASH,Bangalore
T11973,U118,2024-09-02,Income,Others,199798,NO,NO,BANK TRANSFER,Jaipur
T4384,U086,2024-02-07,Expense,Entertainment,5322,NO,NO,BANK TRANSFER,Ahmedabad
T4657,U084,2024-12-17,Expense,Health,5700,NO,NO,BANK TRANSFER,Mumbai
T5426,U034,2021-09-25,Expense,Salary,30053,NO,NO,CARD,Ahmedabad
T9957,U057,2024-10-03,Expense,Travel,2574,NO,NO,CASH,Chennai
T8286,U129,2022-06-05,Expense,Rent,6547,NO,NO,BANK TRANSFER,Unknown
T1525,U102,2024-04-11,Expense,Health,4938,NO,NO,BANK TRANSFER,Kolkata
T6120,U103,2022-02-21,Income,Education,42634,NO,NO,UNKNOWN,Mumbai
T7015,U129,2023-07-21,Expense,Rent,7215,NO,NO,CARD,Chennai
T1427,U041,2021-04-12,Income,Food,58957,NO,NO,UPI,Kolkata
T6168,U100,2024-09-25,Expense,Others,1594,NO,NO,BANK TRANSFER,Mumbai
T5679,U102,2022-02-02,Expense,Salary,-1000,YES,NO,CARD,Hyderabad
T4437,U023,2021-01-03,Expense,Food,1992,NO,NO,CASH,Jaipur
T2984,U079,2022-04-25,Expense,Food,2813,NO,NO,CARD,Bangalore
T6848,U135,2023-01-21,Income,Rent,63548,NO,NO,CARD,Hyderabad
T11541,U028,2024-06-19,Expense,Entertainment,9732,NO,NO,UPI,Chennai
T9963,U149,2022-05-22,Expense,Education,5199,NO,NO,CASH,Delhi
T13896,U025,2023-05-22,Expense,Rent,6054,NO,NO,UPI,Delhi
T5433,U033,2022-09-05,Expense,Salary,3579,NO,NO,BANK TRANSFER,Chennai
T12656,U027,2022-09-12,Expense,Travel,15508,NO,NO,BANK TRANSFER,Pune
T6232,U033,2021-07-03,Income,Travel,77408,NO,NO,BANK TRANSFER,Mumbai
T6932,U102,2022-10-28,Expense,Bonus,16520,NO,NO,CASH,Lucknow
T8078,U081,2023-11-16,Expense,Education,3351,NO,NO,CARD,Jaipur
T12280,U041,2021-09-09,Expense,Food,6480,NO,NO,UPI,Mumbai
T8870,U101,2023-03-11,Expense,Rent,9715,NO,NO,UPI,Jaipur
T1562,U149,2023-11-22,Expense,Travel,9476,NO,NO,BANK TRANSFER,Ahmedabad
T4081,U144,2021-06-01,Expense,Food,4927,NO,NO,CARD,Hyderabad
T8889,U008,2024-05-17,Expense,Utilities,6121,NO,NO,CARD,Unknown
T12101,U076,2022-10-04,Expense,Rent,4786,NO,NO,UPI,Kolkata
T4005,U044,2024-09-01,Expense,Rent,15032,NO,NO,UPI,Ahmedabad
T6200,U086,2024-10-27,Expense,Utilities,9188,NO,NO,BANK TRANSFER,Lucknow
T5201,U136,2023-01-06,Expense,Entertainment,109,NO,NO,UPI,Unknown
T0722,U142,2022-07-31,Income,Utilities,76688,NO,NO,UNKNOWN,Delhi
T12733,U057,2021-04-06,Expense,Travel,4051,NO,NO,CARD,Bangalore
T1080,U141,2024-12-02,Expense,Salary,8181,NO,NO,CASH,Mumbai
T4829,U104,2022-12-28,Expense,Salary,1281,NO,NO,UPI,Mumbai
T4000,U072,2024-10-19,Expense,Utilities,3494,NO,NO,BANK TRANSFER,Mumbai
T8835,U101,2024-04-08,Expense,Travel,5590,NO,NO,UPI,Unknown
T6003,U123,2022-05-16,Expense,Education,8478,NO,NO,UPI,Chennai
T2433,U132,2022-09-16,Expense,Education,4209,NO,NO,UPI,Hyderabad
T13385,U134,2021-11-27,Expense,Health,1070,NO,NO,CARD,Bangalore
T1854,U065,2023-03-19,Expense,Food,5703,NO,NO,UPI,Delhi
T9892,U036,2024-05-26,Income,Food,48594,NO,NO,UPI,Delhi
T0899,U136,2023-07-05,Expense,Bonus,-500,YES,NO,CARD,Ahmedabad
T2195,U139,2022-12-08,Income,Entertainment,106098,NO,NO,UPI,Unknown
T10135,U086,2023-04-04,Expense,Rent,8884,NO,NO,CASH,Kolkata
T9953,U040,2021-08-01,Income,Travel,42463,NO,NO,CASH,Hyderabad
T13982,U075,2023-10-18,Income,Food,13975,NO,NO,UPI,Kolkata
T4534,U116,2024-02-20,Income,Utilities,48468,NO,NO,UNKNOWN,Pune
T10418,U049,2023-10-21,Expense,Education,6073,NO,NO,BANK TRANSFER,Chennai
T4029,U020,2022-08-04,Income,Rent,527025,NO,YES,CARD,Chennai
T2368,U064,2021-10-24,Expense,Food,2463,NO,NO,CARD,Kolkata
T2274,U004,2024-05-10,Income,Education,709506,NO,YES,CARD,Jaipur
T12969,U086,2022-09-16,Expense,Investment,5980,NO,NO,BANK TRANSFER,Jaipur
T13481,U056,2022-02-06,Expense,Uncategorised,973,NO,NO,UPI,Pune
T4157,U023,2023-11-10,Income,Travel,14729,NO,NO,UPI,Lucknow
T1010,U054,2021-02-08,Expense,Travel,6592,NO,NO,UNKNOWN,Hyderabad
T0762,U131,2024-08-16,Expense,Rent,1329,NO,NO,CASH,Mumbai
T9742,U109,2024-09-26,Income,Rent,32746,NO,NO,UNKNOWN,Delhi
T3564,U034,2024-11-23,Expense,Education,3990,NO,NO,BANK TRANSFER,Lucknow
T4958,U009,2022-09-24,Expense,Savings,5237,NO,NO,CASH,Kolkata
T6208,U133,2024-03-04,Expense,Travel,4062,NO,NO,UNKNOWN,Ahmedabad
T1318,U119,2023-02-26,Expense,Education,6178,NO,NO,CARD,Kolkata
T0789,U087,2024-11-24,Expense,Utilities,6671,NO,NO,UPI,Ahmedabad
T6297,U095,2024-03-30,Expense,Utilities,9191,NO,NO,BANK TRANSFER,Kolkata
T3146,U102,2022-04-01,Income,Others,808527,NO,YES,BANK TRANSFER,Unknown
T4421,U068,2022-12-04,Expense,Food,5917,NO,NO,BANK TRANSFER,Lucknow
T2728,U033,2023-01-02,Expense,Food,4177,NO,NO,UPI,Kolkata
T11406,U086,2022-04-13,Expense,Rent,8209,NO,NO,CARD,Jaipur
T11093,U011,2022-05-02,Expense,Food,1587,NO,NO,CARD,Ahmedabad
T8230,U052,2024-07-21,Expense,Education,5134,NO,NO,BANK TRANSFER,Ahmedabad
T1974,U077,2022-09-01,Income,Utilities,64953,NO,NO,CASH,Hyderabad
T10658,U012,2022-08-11,Income,Investment,53696,NO,NO,BANK TRANSFER,Mumbai
T2723,U063,2023-03-04,Expense,Food,3607,NO,NO,UNKNOWN,Bangalore
T11030,U038,2023-05-14,Expense,Utilities,3697,NO,NO,UPI,Jaipur
T1046,U104,2024-05-06,Expense,Travel,1690,NO,NO,BANK TRANSFER,Kolkata
T12619,U144,2024-03-11,Expense,Utilities,0,NO,NO,CARD,Mumbai
T7370,U048,2024-09-15,Expense,Rent,8607,NO,NO,BANK TRANSFER,Jaipur
T12279,U098,2021-11-17,Expense,Rent,5545,NO,NO,CASH,Hyderabad
T7695,U055,2023-03-27,Expense,Education,48994,NO,NO,CARD,Unknown
T13176,U144,2023-12-30,Expense,Education,8415,NO,NO,BANK TRANSFER,Hyderabad
T1254,U117,2023-04-13,Expense,Bonus,9573,NO,NO,CASH,Bangalore
T13726,U096,2024-04-01,Income,Food,59788,NO,NO,BANK TRANSFER,Hyderabad
T9935,U145,2022-11-22,Expense,Rent,2380,NO,NO,BANK TRANSFER,Jaipur
T9355,U096,2021-01-27,Expense,Travel,921,NO,NO,CARD,Delhi
T0224,U146,2024-08-31,Expense,Rent,29663,NO,NO,UPI,Lucknow
T9388,U137,2024-05-06,Income,Travel,34498,NO,NO,UPI,Chennai
T12820,U044,2021-02-20,Expense,Savings,761,NO,NO,CASH,Kolkata
T5758,U049,2023-08-04,Expense,Education,21771,NO,NO,UPI,Chennai
T3432,U119,2023-12-11,Expense,Education,1042,NO,NO,UPI,Unknown
T2681,U108,2021-06-02,Expense,Travel,3822,NO,NO,BANK TRANSFER,Chennai
T10738,U030,2024-10-18,Income,Travel,30607,NO,NO,CARD,Jaipur
T4403,U017,2024-01-24,Expense,Food,907,NO,NO,CARD,Kolkata
T9468,U143,2023-11-13,Income,Rent,386572,NO,NO,CASH,Unknown
T6287,U003,2022-10-14,Expense,Entertainment,2121,NO,NO,CARD,Mumbai
T8137,U085,2024-08-17,Expense,Freelance,0,NO,NO,CARD,Jaipur
T3813,U042,2022-02-28,Expense,Bonus,2553,NO,NO,BANK TRANSFER,Chennai
T3521,U124,2022-06-17,Income,Health,58508,NO,NO,BANK TRANSFER,Unknown
T0037,U135,2021-07-25,Expense,Travel,0,NO,NO,UPI,Jaipur
T6096,U125,2021-06-12,Expense,Food,9594,NO,NO,BANK TRANSFER,Lucknow
T6944,U067,2024-12-23,Expense,Rent,3737,NO,NO,CARD,Hyderabad
T8690,U015,2024-04-19,Expense,Salary,5990,NO,NO,BANK TRANSFER,Kolkata
T6173,U023,2022-01-16,Expense,Rent,3194,NO,NO,UPI,Kolkata
T4790,U096,2021-10-16,Expense,Food,2142,NO,NO,CARD,Mumbai
T0607,U144,2022-06-08,Expense,Food,6549,NO,NO,BANK TRANSFER,Mumbai
T10161,U049,2023-03-13,Expense,Utilities,1798,NO,NO,CARD,Kolkata
T12738,U135,2023-11-13,Expense,Freelance,3038,NO,NO,UNKNOWN,Bangalore
T2503,U059,2021-04-05,Expense,Entertainment,0,NO,NO,CASH,Kolkata
T4713,U004,2023-02-05,Expense,Bonus,6116,NO,NO,UPI,Chennai
T6487,U137,2022-09-08,Income,Food,49388,NO,NO,UPI,Hyderabad
T6060,U072,2022-11-24,Expense,Others,5467,NO,NO,UPI,Unknown
T9054,U099,2022-08-26,Income,Others,0,NO,NO,CASH,Mumbai
T3797,U086,2024-12-27,Expense,Education,894,NO,NO,UPI,Mumbai
T8277,U043,2023-07-02,Expense,Travel,723,NO,NO,CASH,Ahmedabad
T8549,U134,2024-05-02,Expense,Travel,7760,NO,NO,BANK TRANSFER,Mumbai
T4318,U049,2021-12-06,Expense,Savings,6437,NO,NO,CARD,Lucknow
T11228,U093,2022-04-25,Income,Food,12545,NO,NO,BANK TRANSFER,Pune
T9700,U075,2021-03-24,Expense,Food,3210,NO,NO,CARD,Lucknow
T9748,U047,2021-06-20,Income,Food,68627,NO,NO,UPI,Pune
T1447,U081,2021-07-20,Expense,Food,3972,NO,NO,BANK TRANSFER,Chennai
T12430,U042,2021-05-19,Expense,Investment,7522,NO,NO,UPI,Jaipur
T2726,U052,2023-05-27,Expense,Food,153,NO,NO,CARD,Chennai
T7891,U090,2021-03-20,Expense,Food,1383,NO,NO,BANK TRANSFER,Unknown
T10600,U024,2021-11-28,Expense,Food,5992,NO,NO,BANK TRANSFER,Bangalore
T5565,U020,2024-01-13,Expense,Food,9464,NO,NO,CASH,Bangalore
T7432,U080,2022-09-05,Expense,Rent,9817,NO,NO,CARD,Kolkata
T12845,U136,2024-06-16,Expense,Education,4444,NO,NO,CARD,Delhi
T13672,U051,2022-02-15,Expense,Entertainment,8933,NO,NO,CARD,Delhi
T2040,U033,2023-10-06,Expense,Utilities,5655,NO,NO,UPI,Kolkata
T1950,U041,2021-02-07,Expense,Food,5090,NO,NO,UPI,Chennai
T6274,U029,2024-11-10,Income,Rent,22362,NO,NO,CARD,Delhi
T4297,U060,2022-03-03,Income,Food,79684,NO,NO,UNKNOWN,Unknown
T12898,U146,2023-11-17,Expense,Travel,7612,NO,NO,CASH,Ahmedabad
T10900,U004,2022-02-03,Expense,Salary,3276,NO,NO,CASH,Mumbai
T7922,U012,2022-09-23,Expense,Food,3512,NO,NO,BANK TRANSFER,Bangalore
T4708,U039,2021-09-17,Expense,Freelance,8586,NO,NO,UPI,Ahmedabad
T4198,U060,2024-02-27,Expense,Health,1272,NO,NO,BANK TRANSFER,Jaipur
T6452,U088,2024-09-24,Expense,Investment,16713,NO,NO,CASH,Chennai
T8144,U097,2023-09-30,Expense,Utilities,6960,NO,NO,UPI,Chennai
T9650,U131,2021-11-19,Expense,Rent,772,NO,NO,UNKNOWN,Delhi
T4346,U078,2022-10-20,Income,Travel,75971,NO,NO,UPI,Delhi
T6623,U119,2022-11-27,Expense,Savings,999999999,NO,YES,UPI,Kolkata
T11085,U091,2022-12-17,Income,Bonus,52172,NO,NO,BANK TRANSFER,Kolkata
T8894,U130,2023-08-24,Expense,Rent,1946,NO,NO,BANK TRANSFER,Kolkata
T7742,U102,2021-02-17,Expense,Entertainment,2504,NO,NO,CARD,Delhi
T3815,U128,2021-02-03,Expense,Utilities,5987,NO,NO,CASH,Delhi
T10117,U033,2024-09-29,Expense,Utilities,238,NO,NO,CASH,Kolkata
T3933,U003,2021-04-25,Expense,Entertainment,0,NO,NO,CASH,Ahmedabad
T13130,U021,2023-01-25,Expense,Education,2193,NO,NO,CARD,Hyderabad
T1897,U147,2023-09-17,Income,Rent,57318,NO,NO,UPI,Unknown
T6689,U052,2022-12-26,Expense,Utilities,7249,NO,NO,CASH,Ahmedabad
T0781,U039,2024-03-09,Income,Rent,44800,NO,NO,CARD,Bangalore
T7476,U054,2021-07-29,Expense,Education,1485,NO,NO,BANK TRANSFER,Delhi
T4244,U066,2024-11-26,Income,Health,38244,NO,NO,BANK TRANSFER,Delhi
T0192,U010,2024-08-04,Expense,Rent,211,NO,NO,CASH,Bangalore
T12894,U044,2024-12-10,Expense,Entertainment,8933,NO,NO,BANK TRANSFER,Lucknow
T6453,U054,2023-06-12,Expense,Utilities,2109,NO,NO,BANK TRANSFER,Delhi
T8285,U048,2023-04-21,Expense,Travel,4432,NO,NO,UPI,Hyderabad
T2285,U074,2021-05-01,Expense,Food,3599,NO,NO,CASH,Lucknow
T9988,U098,2024-11-02,Expense,Utilities,3255,NO,NO,CARD,Hyderabad
T6893,U145,2022-09-15,Expense,Savings,4499,NO,NO,BANK TRANSFER,Chennai
T6328,U103,2024-09-30,Expense,Food,9236,NO,NO,BANK TRANSFER,Lucknow
T1718,U010,2021-07-10,Expense,Food,12304,NO,NO,UPI,Unknown
T5907,U026,2022-06-02,Expense,Utilities,1582,NO,NO,CASH,Delhi
T4316,U049,2024-12-15,Expense,Uncategorised,1114,NO,NO,BANK TRANSFER,Lucknow
T12174,U147,2024-06-07,Expense,Rent,806,NO,NO,CASH,Kolkata
T5722,U062,2024-01-27,Expense,Education,3803,NO,NO,CARD,Bangalore
T1470,U087,2024-10-25,Expense,Food,6329,NO,NO,BANK TRANSFER,Lucknow
T9820,U078,2021-01-07,Expense,Travel,1528,NO,NO,UPI,Mumbai
T11980,U053,2024-04-09,Expense,Salary,9053,NO,NO,BANK TRANSFER,Bangalore
T7196,U121,2023-04-11,Income,Education,46499,NO,NO,CARD,Delhi
T3139,U001,2024-11-24,Expense,Entertainment,920,NO,NO,BANK TRANSFER,Hyderabad
T0089,U061,2021-02-23,Expense,Salary,1512,NO,NO,BANK TRANSFER,Pune
T9639,U089,2023-06-04,Expense,Food,1168,NO,NO,UPI,Delhi
T3589,U060,2021-07-09,Expense,Others,355,NO,NO,BANK TRANSFER,Pune
T3288,U149,2023-10-17,Income,Salary,18129,NO,NO,BANK TRANSFER,Pune
T11774,U127,2021-05-20,Income,Entertainment,22805,NO,NO,UPI,Bangalore
T13325,U082,2023-11-22,Income,Rent,412288,NO,NO,UPI,Kolkata
T7235,U031,2024-11-08,Income,Utilities,63677,NO,NO,BANK TRANSFER,Lucknow
T2504,U064,2023-09-07,Income,Food,28100,NO,NO,BANK TRANSFER,Bangalore
T10284,U089,2021-06-04,Expense,Travel,3987,NO,NO,UNKNOWN,Ahmedabad
T5450,U127,2023-10-10,Expense,Health,4852,NO,NO,CASH,Unknown
T4549,U127,2022-05-01,Expense,Rent,7897,NO,NO,BANK TRANSFER,Jaipur
T6675,U039,2023-08-22,Expense,Health,9061,NO,NO,CARD,Hyderabad
T12152,U078,2023-01-08,Expense,Utilities,5240,NO,NO,CASH,Delhi
T6103,U112,2021-11-14,Expense,Salary,895,NO,NO,CASH,Ahmedabad
T6445,U079,2023-08-12,Expense,Rent,2144,NO,NO,CARD,Unknown
T1054,U079,2022-04-17,Expense,Salary,8765,NO,NO,BANK TRANSFER,Kolkata
T4162,U127,2021-12-27,Expense,Travel,445,NO,NO,UPI,Ahmedabad
T7614,U132,2024-10-24,Expense,Investment,1777,NO,NO,UNKNOWN,Kolkata
T11212,U010,2024-05-12,Expense,Rent,8293,NO,NO,BANK TRANSFER,Delhi
T9451,U125,2023-11-13,Expense,Education,3209,NO,NO,CASH,Hyderabad
T11461,U070,2022-04-24,Expense,Freelance,3370,NO,NO,CARD,Kolkata
T5073,U142,2022-05-31,Expense,Rent,649,NO,NO,BANK TRANSFER,Hyderabad
T0590,U144,2023-01-12,Expense,Utilities,2152,NO,NO,CARD,Kolkata
T5740,U137,2024-05-28,Income,Rent,75739,NO,NO,CASH,Delhi
T6333,U079,2023-08-20,Expense,Others,1404,NO,NO,CARD,Ahmedabad
T6033,U013,2024-08-26,Expense,Rent,7443,NO,NO,CASH,Bangalore
T12453,U083,2021-10-07,Expense,Travel,8170,NO,NO,CARD,Unknown
T1905,U065,2022-12-18,Expense,Education,2327,NO,NO,UPI,Jaipur
T11585,U143,2024-03-25,Expense,Food,4490,NO,NO,CARD,Pune
T11479,U142,2022-06-21,Expense,Utilities,0,NO,NO,UNKNOWN,Delhi
T12382,U146,2023-03-04,Expense,Travel,3047,NO,NO,UNKNOWN,Pune
T7017,U038,2021-01-07,Income,Uncategorised,13463,NO,NO,CARD,Kolkata
T2092,U028,2024-01-31,Expense,Rent,6798,NO,NO,CASH,Chennai
T5243,U027,2024-04-15,Expense,Travel,9363,NO,NO,BANK TRANSFER,Unknown
T1009,U022,2024-01-16,Expense,Utilities,3387,NO,NO,CARD,Kolkata
T1913,U113,2022-10-24,Income,Entertainment,25499,NO,NO,CASH,Delhi
T10640,U031,2024-07-25,Expense,Rent,3990,NO,NO,BANK TRANSFER,Hyderabad
T3599,U031,2022-06-24,Income,Utilities,75978,NO,NO,UNKNOWN,Delhi
T3058,U004,2023-05-02,Expense,Bonus,3460,NO,NO,UPI,Hyderabad
T8291,U039,2022-09-06,Expense,Travel,7776,NO,NO,UNKNOWN,Ahmedabad
T8290,U071,2022-10-02,Expense,Health,1220,NO,NO,CARD,Chennai
T12002,U103,2021-02-07,Expense,Entertainment,745,NO,NO,CARD,Mumbai
T3102,U135,2021-02-07,Expense,Salary,936,NO,NO,UPI,Unknown
T0545,U095,2024-06-01,Income,Rent,150335,NO,NO,UPI,Bangalore
T6809,U056,2024-08-29,Expense,Travel,738,NO,NO,CASH,Delhi
T10142,U105,2023-07-10,Expense,Entertainment,9801,NO,NO,CARD,Bangalore
T7800,U023,2022-06-06,Expense,Rent,7517,NO,NO,UPI,Mumbai
T0573,U025,2021-10-15,Expense,Food,5682,NO,NO,BANK TRANSFER,Lucknow
T3772,U056,2021-10-31,Expense,Entertainment,9998,NO,NO,UPI,Unknown
T13463,U037,2021-11-28,Expense,Food,7071,NO,NO,UPI,Jaipur
T8560,U023,2023-04-02,Expense,Salary,2143,NO,NO,CARD,Delhi
T9389,U059,2023-05-12,Expense,Utilities,1304,NO,NO,UPI,Ahmedabad
T8708,U147,2023-06-26,Expense,Food,7902,NO,NO,CASH,Delhi
T0458,U021,2022-01-22,Expense,Uncategorised,8835,NO,NO,BANK TRANSFER,Lucknow
T5932,U022,2022-10-25,Expense,Savings,2363,NO,NO,CASH,Pune
T9780,U012,2021-04-04,Expense,Utilities,4430,NO,NO,UPI,Jaipur
T11347,U010,2023-10-30,Expense,Food,555,NO,NO,BANK TRANSFER,Bangalore
T13203,U129,2022-06-02,Expense,Food,45520,NO,NO,BANK TRANSFER,Unknown
T13326,U124,2024-08-02,Expense,Rent,4735,NO,NO,CARD,Chennai
T9487,U016,2023-06-08,Expense,Rent,9895,NO,NO,BANK TRANSFER,Chennai
T4841,U064,2023-11-30,Expense,Food,9629,NO,NO,CASH,Mumbai
T11827,U147,2023-05-01,Expense,Food,4868,NO,NO,BANK TRANSFER,Jaipur
T8740,U027,2023-06-17,Expense,Travel,9028,NO,NO,BANK TRANSFER,Lucknow
T10561,U138,2022-09-22,Expense,Travel,1413,NO,NO,BANK TRANSFER,Pune
T13052,U144,2021-07-29,Income,Travel,23259,NO,NO,UPI,Pune
T7641,U003,2022-04-04,Expense,Food,9508,NO,NO,BANK TRANSFER,Kolkata
T5239,U031,2024-07-02,Expense,Savings,9427,NO,NO,CARD,Unknown
T9855,U067,2022-06-05,Expense,Utilities,0,NO,NO,UPI,Kolkata
T13578,U022,2021-10-10,Expense,Others,8195,NO,NO,UPI,Chennai
T0912,U055,2021-08-20,Expense,Food,9925,NO,NO,CARD,Chennai
T3977,U068,2023-08-31,Expense,Investment,1532,NO,NO,BANK TRANSFER,Mumbai
T10394,U034,2023-05-11,Expense,Food,4420,NO,NO,BANK TRANSFER,Pune
T9128,U138,2024-11-14,Income,Savings,37464,NO,NO,CARD,Mumbai
T7059,U056,2021-10-02,Expense,Education,9001,NO,NO,BANK TRANSFER,Ahmedabad
T10649,U129,2023-06-24,Expense,Others,2719,NO,NO,BANK TRANSFER,Bangalore
T4555,U115,2024-03-23,Expense,Rent,0,NO,NO,UPI,Hyderabad
T9780,U094,2022-08-21,Expense,Food,8305,NO,NO,UPI,Ahmedabad
T8194,U052,2021-12-23,Expense,Entertainment,6694,NO,NO,BANK TRANSFER,Delhi
T0145,U020,2022-04-09,Expense,Food,2075,NO,NO,CASH,Delhi
T8649,U018,2021-03-16,Expense,Entertainment,8067,NO,NO,UNKNOWN,Hyderabad
T3317,U068,2023-01-31,Expense,Uncategorised,8904,NO,NO,CARD,Ahmedabad
T6326,U109,2021-07-29,Expense,Entertainment,7173,NO,NO,BANK TRANSFER,Bangalore
T8591,U067,2023-05-06,Expense,Food,5205,NO,NO,CARD,Unknown
T7300,U116,2021-01-23,Expense,Entertainment,1735,NO,NO,UPI,Delhi
T7690,U138,2023-08-06,Expense,Food,156,NO,NO,CASH,Delhi
T4019,U037,2023-03-31,Expense,Utilities,1334,NO,NO,CASH,Pune
T5088,U040,2021-05-04,Expense,Health,3243,NO,NO,BANK TRANSFER,Pune
T3746,U052,2021-02-03,Expense,Food,7023,NO,NO,BANK TRANSFER,Chennai
T6903,U014,2024-01-28,Expense,Food,9112,NO,NO,CARD,Chennai
T4251,U025,2022-09-29,Expense,Rent,3560,NO,NO,UPI,Mumbai
T3995,U026,2021-10-12,Expense,Travel,8523,NO,NO,BANK TRANSFER,Chennai
T9887,U006,2024-07-16,Expense,Freelance,7394,NO,NO,UPI,Lucknow
T2255,U116,2022-10-30,Expense,Freelance,1824,NO,NO,CARD,Delhi
T0310,U048,2023-08-15,Expense,Food,5398,NO,NO,CASH,Mumbai
T5822,U040,2024-05-24,Expense,Rent,3153,NO,NO,CARD,Kolkata
T10769,U115,2022-08-12,Expense,Food,813,NO,NO,CASH,Ahmedabad
T8754,U115,2021-04-09,Expense,Entertainment,2686,NO,NO,CARD,Delhi
T7013,U009,2023-07-27,Expense,Travel,7701,NO,NO,CARD,Mumbai
T1773,U131,2021-01-17,Expense,Travel,1008,NO,NO,BANK TRANSFER,Lucknow
T13494,U004,2022-05-15,Expense,Rent,5439,NO,NO,UPI,Bangalore
T10696,U144,2024-01-16,Expense,Rent,2031,NO,NO,CARD,Kolkata
T13051,U109,2021-01-22,Expense,Food,27732,NO,NO,UPI,Pune
T6879,U071,2022-11-01,Expense,Others,4623,NO,NO,UPI,Jaipur
T4431,U062,2022-04-17,Expense,Investment,776,NO,NO,CARD,Mumbai
T8340,U042,2021-12-21,Income,Food,12936,NO,NO,CARD,Mumbai
T4779,U066,2021-03-29,Expense,Food,6127,NO,NO,BANK TRANSFER,Ahmedabad
T4009,U031,2021-05-14,Income,Education,35215,NO,NO,CARD,Bangalore
T11865,U137,2022-09-21,Expense,Travel,2441,NO,NO,CASH,Jaipur
T5472,U115,2021-03-10,Expense,Food,45642,NO,NO,UPI,Chennai
T6337,U100,2022-07-11,Expense,Rent,10185,NO,NO,BANK TRANSFER,Delhi
T13599,U075,2023-03-22,Expense,Rent,3144,NO,NO,UPI,Lucknow
T4689,U052,2024-01-21,Expense,Food,7844,NO,NO,BANK TRANSFER,Jaipur
T4386,U025,2021-04-23,Expense,Travel,5285,NO,NO,BANK TRANSFER,Unknown
T4439,U023,2021-09-30,Expense,Utilities,1966,NO,NO,UPI,Pune
T3806,U021,2024-05-17,Expense,Rent,4998,NO,NO,UNKNOWN,Bangalore
T0263,U106,2023-01-06,Expense,Rent,9115,NO,NO,BANK TRANSFER,Unknown
T10067,U105,2024-01-25,Income,Freelance,14299,NO,NO,BANK TRANSFER,Mumbai
T13745,U142,2021-08-22,Expense,Utilities,7308,NO,NO,CASH,Chennai
T5748,U003,2024-12-18,Expense,Others,6010,NO,NO,UNKNOWN,Lucknow
T12763,U035,2023-08-12,Income,Freelance,10839,NO,NO,UNKNOWN,Mumbai
T13126,U133,2021-05-20,Expense,Food,-500,YES,NO,UPI,Kolkata
T6027,U064,2023-01-25,Expense,Rent,4342,NO,NO,BANK TRANSFER,Chennai
T5947,U127,2022-03-28,Expense,Food,6565,NO,NO,CASH,Unknown
T6483,U048,2022-03-08,Expense,Rent,6015,NO,NO,CASH,Kolkata
T2778,U065,2021-10-25,Expense,Health,3653,NO,NO,CASH,Chennai
T2493,U020,2022-09-06,Expense,Travel,5934,NO,NO,CARD,Unknown
T10905,U050,2022-10-21,Income,Travel,43572,NO,NO,BANK TRANSFER,Pune
T2567,U084,2021-03-09,Expense,Food,4991,NO,NO,BANK TRANSFER,Jaipur
T2858,U002,2023-08-12,Expense,Savings,0,NO,NO,CASH,Bangalore
T1776,U138,2021-02-03,Expense,Entertainment,4566,NO,NO,CASH,Ahmedabad
T7303,U139,2021-11-10,Expense,Rent,30096,NO,NO,CARD,Jaipur
T7150,U108,2021-06-20,Income,Savings,60535,NO,NO,CASH,Kolkata
T4313,U129,2021-02-15,Expense,Travel,7725,NO,NO,CARD,Pune
T8576,U069,2023-05-22,Expense,Entertainment,5509,NO,NO,CARD,Pune
T7379,U054,2023-05-22,Income,Health,950787,NO,YES,UPI,Hyderabad
T0862,U016,2024-02-26,Expense,Utilities,116,NO,NO,CASH,Pune
T7571,U060,2024-04-27,Expense,Uncategorised,999999,NO,YES,UPI,Ahmedabad
T9023,U023,2022-08-09,Expense,Freelance,9609,NO,NO,CARD,Pune
T2223,U083,2022-09-29,Expense,Education,4503,NO,NO,BANK TRANSFER,Bangalore
T4313,U072,2024-05-13,Expense,Rent,29428,NO,NO,CARD,Delhi
T0127,U044,2021-12-14,Expense,Food,2310,NO,NO,UPI,Ahmedabad
T9959,U071,2021-02-22,Expense,Salary,5435,NO,NO,UPI,Mumbai
T3125,U135,2022-05-20,Income,Rent,61181,NO,NO,CASH,Lucknow
T0417,U078,2022-03-29,Expense,Freelance,0,NO,NO,BANK TRANSFER,Lucknow
T5854,U098,2024-05-12,Expense,Utilities,93,NO,NO,CARD,Ahmedabad
T7310,U140,2022-05-17,Expense,Others,5453,NO,NO,CARD,Pune
T11022,U033,2024-08-20,Expense,Health,6607,NO,NO,BANK TRANSFER,Mumbai
T2430,U090,2021-01-20,Expense,Rent,737,NO,NO,UPI,Kolkata
T3191,U055,2021-11-15,Expense,Rent,7666,NO,NO,CASH,Ahmedabad
T1110,U071,2021-01-28,Income,Rent,75061,NO,NO,BANK TRANSFER,Delhi
T8165,U094,2023-12-28,Expense,Rent,8755,NO,NO,BANK TRANSFER,Unknown
T11772,U146,2022-09-05,Expense,Entertainment,0,NO,NO,UPI,Delhi
T0301,U035,2024-08-08,Income,Utilities,69558,NO,NO,BANK TRANSFER,Bangalore
T7001,U033,2022-07-14,Expense,Utilities,3155,NO,NO,UPI,Jaipur
T0138,U145,2023-10-12,Expense,Savings,6110,NO,NO,BANK TRANSFER,Pune
T7712,U142,2023-06-25,Expense,Education,47099,NO,NO,CARD,Hyderabad
T5925,U146,2022-03-23,Expense,Food,2118,NO,NO,CARD,Unknown
T8086,U035,2024-07-10,Expense,Education,0,NO,NO,CARD,Jaipur
T12149,U115,2023-08-27,Expense,Education,543,NO,NO,BANK TRANSFER,Unknown
T9353,U002,2023-06-05,Expense,Food,15842,NO,NO,CASH,Unknown
T12957,U103,2023-08-06,Expense,Rent,0,NO,NO,CARD,Ahmedabad
T9169,U096,2022-08-31,Expense,Travel,5097,NO,NO,UPI,Bangalore
T12907,U075,2023-02-10,Expense,Food,7317,NO,NO,CASH,Mumbai
T5004,U098,2021-03-25,Expense,Rent,482,NO,NO,CARD,Unknown
T7377,U068,2022-05-15,Expense,Entertainment,1192,NO,NO,UNKNOWN,Lucknow
T8185,U147,2024-12-30,Income,Entertainment,79015,NO,NO,UNKNOWN,Pune
T8042,U146,2022-06-30,Income,Rent,61594,NO,NO,UNKNOWN,Chennai
T8417,U134,2023-11-05,Expense,Food,7464,NO,NO,UPI,Hyderabad
T13722,U144,2024-10-11,Expense,Travel,8872,NO,NO,BANK TRANSFER,Bangalore
T3250,U073,2022-04-20,Expense,Utilities,9798,NO,NO,BANK TRANSFER,Bangalore
T7274,U036,2023-12-11,Expense,Education,8994,NO,NO,CASH,Kolkata
T5721,U119,2021-10-09,Expense,Food,4410,NO,NO,CASH,Chennai
T7298,U025,2024-11-27,Expense,Entertainment,296,NO,NO,CARD,Delhi
T4554,U033,2024-07-25,Expense,Travel,2134,NO,NO,BANK TRANSFER,Mumbai
T3606,U026,2021-11-29,Income,Rent,62237,NO,NO,CARD,Unknown
T12123,U078,2021-04-19,Expense,Savings,2118,NO,NO,CARD,Delhi
T8532,U125,2021-05-13,Expense,Food,4591,NO,NO,BANK TRANSFER,Pune
T6531,U065,2022-10-25,Expense,Investment,7686,NO,NO,CASH,Jaipur
T8905,U054,2022-10-26,Expense,Uncategorised,2563,NO,NO,CASH,Bangalore
T10312,U036,2021-11-12,Expense,Food,4586,NO,NO,CARD,Mumbai
T2900,U098,2023-09-10,Expense,Food,8866,NO,NO,BANK TRANSFER,Bangalore
T10556,U056,2023-01-25,Expense,Others,4193,NO,NO,UPI,Ahmedabad
T10463,U140,2022-10-07,Expense,Health,1863,NO,NO,BANK TRANSFER,Ahmedabad
T11458,U064,2021-10-09,Expense,Food,5805,NO,NO,CASH,Lucknow
T9792,U145,2024-07-11,Expense,Utilities,8831,NO,NO,UPI,Mumbai
T12690,U036,2023-08-13,Income,Utilities,68521,NO,NO,UPI,Hyderabad
T1476,U093,2022-09-29,Expense,Travel,7375,NO,NO,UPI,Ahmedabad
T9544,U062,2024-01-07,Expense,Food,0,NO,NO,CASH,Unknown
T5365,U066,2024-10-11,Expense,Food,9431,NO,NO,BANK TRANSFER,Bangalore
T0073,U113,2024-06-02,Expense,Rent,9895,NO,NO,UPI,Pune
T6182,U143,2021-02-20,Expense,Food,3586,NO,NO,UPI,Kolkata
T8429,U133,2024-09-23,Expense,Rent,8251,NO,NO,CASH,Kolkata
T2802,U101,2023-12-12,Expense,Rent,6319,NO,NO,BANK TRANSFER,Mumbai
T8661,U046,2023-10-30,Expense,Education,8775,NO,NO,UPI,Pune
T2203,U113,2022-10-09,Expense,Travel,4967,NO,NO,CASH,Pune
T6222,U125,2024-04-04,Expense,Food,3873,NO,NO,CARD,Ahmedabad
T10819,U103,2022-03-17,Expense,Health,2831,NO,NO,UPI,Kolkata
T12730,U092,2024-05-10,Expense,Salary,4685,NO,NO,UPI,Delhi
T0930,U059,2022-04-16,Expense,Others,900,NO,NO,BANK TRANSFER,Delhi
T1051,U036,2022-12-14,Expense,Utilities,4181,NO,NO,CASH,Bangalore
T1919,U010,2024-06-20,Expense,Others,4380,NO,NO,UPI,Kolkata
T4587,U021,2021-01-13,Expense,Food,2909,NO,NO,CARD,Pune
T6261,U135,2021-04-02,Expense,Travel,3432,NO,NO,CARD,Chennai
T11612,U065,2022-07-01,Expense,Entertainment,9778,NO,NO,CASH,Pune
T10519,U144,2021-07-14,Income,Savings,37195,NO,NO,CARD,Jaipur
T8600,U007,2024-06-29,Expense,Others,4458,NO,NO,BANK TRANSFER,Jaipur
T13462,U149,2023-08-24,Expense,Travel,2074,NO,NO,UPI,Ahmedabad
T7934,U144,2021-12-12,Expense,Food,8281,NO,NO,BANK TRANSFER,Lucknow
T13607,U007,2024-02-03,Expense,Health,7781,NO,NO,BANK TRANSFER,Bangalore
T9080,U037,2023-09-29,Expense,Uncategorised,8104,NO,NO,CARD,Chennai
T8616,U037,2022-08-20,Expense,Travel,4543,NO,NO,CARD,Unknown
T9060,U038,2021-08-02,Expense,Entertainment,9869,NO,NO,BANK TRANSFER,Jaipur
T2133,U125,2022-12-11,Expense,Savings,7127,NO,NO,CASH,Kolkata
T0664,U086,2021-06-04,Income,Food,21498,NO,NO,CARD,Pune
T2917,U026,2022-10-06,Expense,Others,7755,NO,NO,BANK TRANSFER,Hyderabad
T13763,U014,2024-03-07,Expense,Salary,7686,NO,NO,CARD,Lucknow
T6249,U138,2022-04-27,Expense,Travel,3926,NO,NO,BANK TRANSFER,Chennai
T8779,U040,2022-11-07,Expense,Others,1293,NO,NO,CASH,Kolkata
T8528,U024,2024-06-09,Expense,Utilities,474,NO,NO,UPI,Chennai
T1362,U063,2021-05-04,Expense,Food,9060,NO,NO,CARD,Pune
T3912,U056,2023-02-26,Expense,Others,2935,NO,NO,UPI,Kolkata
T13088,U147,2022-06-17,Expense,Salary,6205,NO,NO,CARD,Unknown
T10481,U128,2024-09-03,Expense,Others,6823,NO,NO,UPI,Jaipur
T11034,U129,2024-09-10,Expense,Rent,1765,NO,NO,CASH,Jaipur
T3083,U020,2022-06-06,Expense,Entertainment,3535,NO,NO,CASH,Unknown
T5149,U083,2022-01-24,Expense,Rent,38999,NO,NO,CARD,Ahmedabad
T11786,U007,2024-05-11,Expense,Rent,9663,NO,NO,CARD,Lucknow
T8568,U056,2022-01-16,Expense,Utilities,5429,NO,NO,UPI,Kolkata
T9045,U065,2022-12-20,Income,Rent,21412,NO,NO,UPI,Ahmedabad
T5057,U084,2022-09-02,Income,Utilities,54977,NO,NO,CASH,Jaipur
T5755,U039,2022-06-12,Expense,Rent,5381,NO,NO,BANK TRANSFER,Bangalore
T2498,U073,2021-12-14,Expense,Food,1013,NO,NO,CASH,Hyderabad
T6369,U117,2022-04-28,Expense,Bonus,1557,NO,NO,UPI,Lucknow
T0172,U111,2021-12-04,Expense,Education,3212,NO,NO,UPI,Delhi
T3344,U103,2024-06-12,Income,Entertainment,67293,NO,NO,UPI,Ahmedabad
T8231,U043,2022-04-12,Expense,Food,2050,NO,NO,CARD,Bangalore
T5590,U124,2021-12-22,Expense,Rent,3216,NO,NO,BANK TRANSFER,Delhi
T8357,U088,2024-03-18,Expense,Food,3734,NO,NO,CASH,Hyderabad
T6323,U037,2023-06-22,Expense,Food,2765,NO,NO,CARD,Delhi
T3411,U068,2021-01-13,Income,Rent,48604,NO,NO,UPI,Hyderabad
T11587,U117,2021-09-23,Expense,Food,5495,NO,NO,CASH,Jaipur
T6069,U096,2023-04-26,Income,Entertainment,61313,NO,NO,UPI,Kolkata
T1327,U100,2024-10-22,Expense,Savings,4103,NO,NO,UPI,Bangalore
T1406,U058,2024-05-09,Income,Rent,40563,NO,NO,BANK TRANSFER,Unknown
T10731,U094,2024-06-03,Income,Education,75424,NO,NO,CARD,Hyderabad
T10718,U115,2021-10-05,Expense,Education,5785,NO,NO,CARD,Pune
T3389,U058,2024-12-02,Expense,Investment,3578,NO,NO,UPI,Mumbai
T7327,U051,2021-02-24,Expense,Rent,-1000,YES,NO,CARD,Unknown
T4374,U031,2021-08-06,Expense,Rent,8504,NO,NO,BANK TRANSFER,Hyderabad
T9296,U091,2022-01-18,Expense,Rent,2943,NO,NO,UPI,Ahmedabad
T7493,U016,2024-06-04,Expense,Others,9086,NO,NO,CASH,Lucknow
T4907,U138,2023-02-21,Expense,Rent,4221,NO,NO,UPI,Pune
T4417,U117,2022-08-08,Expense,Rent,9484,NO,NO,BANK TRANSFER,Bangalore
T3380,U034,2023-01-30,Income,Rent,43934,NO,NO,CARD,Mumbai
T13109,U137,2024-09-29,Expense,Investment,220,NO,NO,BANK TRANSFER,Ahmedabad
T11323,U141,2021-01-25,Expense,Health,58,NO,NO,CARD,Pune
T0171,U019,2021-03-10,Expense,Utilities,3125,NO,NO,CASH,Lucknow
T9841,U003,2024-09-24,Expense,Entertainment,6002,NO,NO,CARD,Chennai
T4471,U010,2024-07-15,Expense,Entertainment,1566,NO,NO,CARD,Unknown
T10203,U030,2022-10-26,Expense,Food,1087,NO,NO,CARD,Ahmedabad
T9240,U132,2023-10-15,Expense,Rent,930,NO,NO,BANK TRANSFER,Pune
T7376,U050,2024-07-06,Expense,Utilities,4882,NO,NO,CARD,Lucknow
T12218,U050,2023-08-26,Expense,Utilities,6975,NO,NO,BANK TRANSFER,Ahmedabad
T0354,U150,2023-11-13,Expense,Others,45393,NO,NO,BANK TRANSFER,Mumbai
T2033,U052,2022-02-10,Expense,Travel,4675,NO,NO,UPI,Mumbai
T0935,U032,2023-09-29,Expense,Entertainment,1936,NO,NO,CASH,Lucknow
T3105,U084,2022-07-11,Income,Rent,63429,NO,NO,UNKNOWN,Pune
T12814,U060,2021-03-26,Expense,Freelance,2521,NO,NO,UPI,Pune
T8972,U008,2023-04-27,Income,Rent,12856,NO,NO,UPI,Kolkata
T6997,U046,2022-03-16,Expense,Rent,2245,NO,NO,CARD,Bangalore
T3414,U031,2022-08-18,Income,Entertainment,79300,NO,NO,BANK TRANSFER,Mumbai
T0243,U034,2024-11-05,Expense,Utilities,6340,NO,NO,BANK TRANSFER,Ahmedabad
T1684,U046,2022-11-28,Expense,Salary,0,NO,NO,UPI,Ahmedabad
T10348,U008,2024-10-26,Expense,Rent,1720,NO,NO,CASH,Mumbai
T11821,U048,2024-02-19,Expense,Education,783,NO,NO,CASH,Delhi
T4034,U130,2024-01-01,Income,Food,63932,NO,NO,CARD,Mumbai
T11013,U053,2021-08-30,Expense,Food,8342,NO,NO,UPI,Lucknow
T1124,U037,2021-05-19,Expense,Bonus,6668,NO,NO,CARD,Pune
T2663,U069,2023-10-05,Expense,Uncategorised,8597,NO,NO,CARD,Delhi
T6617,U112,2024-07-29,Expense,Entertainment,9456,NO,NO,CASH,Kolkata
T5756,U112,2024-08-05,Expense,Travel,898,NO,NO,CARD,Delhi
T1894,U055,2024-11-30,Expense,Rent,7487,NO,NO,CASH,Delhi
T7475,U148,2023-02-12,Expense,Rent,8834,NO,NO,CASH,Ahmedabad
T5148,U040,2022-04-12,Expense,Utilities,8595,NO,NO,UPI,Mumbai
T10591,U144,2024-11-09,Expense,Food,9321,NO,NO,CASH,Unknown
T6368,U110,2024-11-01,Expense,Health,4511,NO,NO,CASH,Chennai
T5540,U148,2022-10-22,Expense,Rent,2691,NO,NO,CASH,Hyderabad
T6687,U029,2021-02-01,Expense,Travel,1036,NO,NO,BANK TRANSFER,Lucknow
T11107,U010,2023-07-01,Expense,Food,48313,NO,NO,UPI,Mumbai
T4457,U026,2024-04-13,Expense,Freelance,3324,NO,NO,UPI,Chennai
T6139,U146,2021-10-18,Expense,Utilities,8260,NO,NO,CARD,Chennai
T13005,U037,2023-03-18,Expense,Food,8757,NO,NO,CARD,Chennai
T3483,U044,2021-08-12,Expense,Health,2708,NO,NO,CARD,Kolkata
T5597,U016,2024-01-12,Expense,Travel,289,NO,NO,UPI,Hyderabad
T12310,U045,2024-09-02,Expense,Others,8435,NO,NO,CASH,Lucknow
T4079,U137,2022-07-12,Expense,Education,4888,NO,NO,CARD,Delhi
T3600,U065,2023-02-08,Expense,Freelance,-500,YES,NO,BANK TRANSFER,Chennai
T3318,U115,2022-06-25,Expense,Entertainment,9931,NO,NO,CARD,Delhi
T7569,U003,2022-06-25,Expense,Entertainment,9767,NO,NO,CASH,Bangalore
T1714,U044,2021-01-12,Expense,Utilities,5258,NO,NO,CASH,Hyderabad
T12761,U031,2021-10-12,Expense,Uncategorised,9902,NO,NO,BANK TRANSFER,Hyderabad
T0230,U124,2023-02-20,Expense,Entertainment,4270,NO,NO,UPI,Mumbai
T4759,U081,2024-05-02,Expense,Salary,2742,NO,NO,BANK TRANSFER,Unknown
T9336,U040,2024-07-15,Expense,Utilities,4023,NO,NO,CARD,Kolkata
T1221,U087,2023-04-30,Income,Entertainment,56255,NO,NO,CARD,Kolkata
T6354,U148,2024-03-14,Expense,Utilities,3707,NO,NO,BANK TRANSFER,Ahmedabad
T7146,U126,2023-01-06,Expense,Others,4706,NO,NO,UPI,Lucknow
T8776,U021,2023-06-12,Income,Entertainment,25614,NO,NO,UPI,Pune
T8245,U112,2024-07-27,Expense,Utilities,3546,NO,NO,UPI,Mumbai
T10870,U065,2023-05-26,Income,Food,28149,NO,NO,CARD,Mumbai
T10469,U103,2024-02-05,Income,Rent,69864,NO,NO,CASH,Kolkata
T11638,U120,2021-04-27,Expense,Education,6460,NO,NO,BANK TRANSFER,Jaipur
T5332,U092,2023-08-02,Expense,Education,3236,NO,NO,UPI,Unknown
T8849,U117,2021-04-07,Expense,Utilities,9681,NO,NO,CASH,Mumbai
T0680,U091,2021-11-07,Expense,Rent,3875,NO,NO,CARD,Lucknow
T13796,U135,2021-02-26,Expense,Rent,498,NO,NO,UPI,Bangalore
T8148,U088,2023-06-06,Expense,Travel,5254,NO,NO,CASH,Lucknow
T10466,U078,2023-04-30,Expense,Food,44834,NO,NO,BANK TRANSFER,Kolkata
T9082,U039,2023-08-09,Expense,Education,9718,NO,NO,BANK TRANSFER,Mumbai
T11802,U040,2024-02-22,Income,Utilities,42643,NO,NO,BANK TRANSFER,Kolkata
T11471,U102,2023-10-29,Expense,Others,5499,NO,NO,UNKNOWN,Ahmedabad
T3788,U055,2022-10-30,Income,Rent,51547,NO,NO,BANK TRANSFER,Unknown
T11817,U130,2023-05-31,Expense,Entertainment,8766,NO,NO,UPI,Kolkata
T7215,U075,2021-08-18,Income,Rent,17842,NO,NO,CARD,Ahmedabad
T3562,U060,2024-10-12,Expense,Rent,1760,NO,NO,UNKNOWN,Kolkata
T2806,U020,2021-04-05,Expense,Food,4801,NO,NO,CARD,Kolkata
T12070,U048,2023-01-18,Income,Food,463731,NO,NO,BANK TRANSFER,Ahmedabad
T8225,U048,2023-04-13,Expense,Entertainment,1507,NO,NO,BANK TRANSFER,Chennai
T8366,U097,2024-01-06,Expense,Rent,-500,YES,NO,CASH,Pune
T0029,U104,2023-08-16,Income,Travel,21003,NO,NO,BANK TRANSFER,Unknown
T3516,U110,2023-04-21,Expense,Food,5922,NO,NO,CASH,Bangalore
T9401,U050,2024-02-24,Expense,Education,7062,NO,NO,UPI,Unknown
T1713,U150,2023-06-26,Expense,Travel,7363,NO,NO,CARD,Unknown
T5567,U059,2023-08-06,Expense,Rent,3690,NO,NO,CASH,Bangalore
T5502,U109,2023-04-17,Expense,Food,5647,NO,NO,UPI,Pune
T7115,U133,2023-05-09,Expense,Food,5434,NO,NO,BANK TRANSFER,Hyderabad
T12530,U108,2024-10-04,Expense,Food,4714,NO,NO,UPI,Mumbai
T5318,U105,2021-01-05,Expense,Utilities,0,NO,NO,UPI,Pune
T4055,U062,2024-03-24,Expense,Food,5763,NO,NO,BANK TRANSFER,Delhi
T6378,U001,2021-08-01,Expense,Travel,964,NO,NO,BANK TRANSFER,Kolkata
T2478,U003,2023-01-09,Expense,Rent,1550,NO,NO,BANK TRANSFER,Lucknow
T1751,U034,2024-12-11,Expense,Food,19127,NO,NO,CASH,Mumbai
T1671,U127,2021-01-16,Expense,Education,3442,NO,NO,UPI,Delhi
T11351,U138,2023-01-15,Income,Utilities,30409,NO,NO,UPI,Mumbai
T0904,U125,2021-04-11,Expense,Bonus,7258,NO,NO,UPI,Ahmedabad
T0926,U068,2021-12-25,Expense,Travel,4248,NO,NO,CASH,Pune
T9459,U067,2023-08-27,Expense,Utilities,7995,NO,NO,CASH,Bangalore
T5649,U045,2023-07-13,Income,Food,44056,NO,NO,UPI,Unknown
T9777,U116,2021-07-29,Expense,Entertainment,5334,NO,NO,UPI,Ahmedabad
T5819,U109,2021-11-21,Expense,Rent,4593,NO,NO,UNKNOWN,Bangalore
T7654,U089,2021-11-28,Expense,Utilities,1514,NO,NO,CARD,Kolkata
T6266,U079,2024-09-02,Expense,Food,15976,NO,NO,BANK TRANSFER,Mumbai
T0865,U020,2021-11-05,Expense,Rent,6399,NO,NO,BANK TRANSFER,Bangalore
T0435,U054,2023-11-23,Expense,Entertainment,1506,NO,NO,BANK TRANSFER,Jaipur
T9236,U078,2023-11-15,Expense,Travel,4076,NO,NO,CASH,Unknown
T3849,U014,2024-05-16,Income,Savings,54182,NO,NO,UPI,Delhi
T7003,U096,2022-04-24,Expense,Education,352,NO,NO,CARD,Chennai
T1401,U035,2023-03-15,Expense,Utilities,9181,NO,NO,UPI,Hyderabad
T3466,U102,2024-07-18,Expense,Food,9128,NO,NO,CARD,Chennai
T5343,U060,2021-01-23,Expense,Food,6604,NO,NO,BANK TRANSFER,Jaipur
T10007,U129,2023-08-04,Expense,Food,5210,NO,NO,CASH,Unknown
T7609,U056,2024-10-17,Expense,Food,4234,NO,NO,CASH,Delhi
T2244,U059,2023-04-28,Expense,Savings,8974,NO,NO,CASH,Jaipur
T8788,U142,2024-05-18,Expense,Education,5436,NO,NO,BANK TRANSFER,Lucknow
T3314,U044,2021-06-21,Expense,Travel,8526,NO,NO,CASH,Bangalore
T7509,U134,2023-03-07,Expense,Entertainment,8180,NO,NO,UPI,Jaipur
T2780,U148,2023-11-24,Expense,Rent,8960,NO,NO,BANK TRANSFER,Chennai
T10770,U004,2021-09-30,Expense,Rent,415,NO,NO,BANK TRANSFER,Ahmedabad
T10613,U143,2023-05-20,Expense,Food,9584,NO,NO,BANK TRANSFER,Kolkata
T1184,U020,2024-05-30,Expense,Utilities,5953,NO,NO,CARD,Delhi
T11886,U105,2023-07-05,Expense,Education,9025,NO,NO,CASH,Bangalore
T3180,U061,2022-06-05,Expense,Food,1298,NO,NO,BANK TRANSFER,Unknown
T6687,U029,2021-02-01,Expense,Entertainment,1036,NO,NO,BANK TRANSFER,Lucknow
T8789,U140,2021-05-25,Expense,Rent,2105,NO,NO,CASH,Chennai
T7355,U039,2021-12-24,Income,Uncategorised,14035,NO,NO,CASH,Bangalore
T5961,U142,2021-02-16,Expense,Travel,2243,NO,NO,CARD,Delhi
T8726,U005,2022-03-08,Income,Salary,34966,NO,NO,UPI,Chennai
T4422,U015,2021-08-03,Expense,Utilities,9595,NO,NO,CASH,Lucknow
T3422,U013,2024-12-12,Expense,Travel,7661,NO,NO,UPI,Delhi
T4847,U029,2022-04-18,Expense,Travel,4368,NO,NO,BANK TRANSFER,Hyderabad
T3786,U014,2021-08-09,Expense,Freelance,6356,NO,NO,UPI,Lucknow
T3192,U104,2023-07-17,Expense,Entertainment,8445,NO,NO,CARD,Mumbai
T3913,U078,2021-12-16,Expense,Food,672,NO,NO,UNKNOWN,Chennai
T9013,U103,2023-10-18,Expense,Food,6637,NO,NO,BANK TRANSFER,Delhi
T3311,U013,2022-12-29,Expense,Others,7043,NO,NO,UPI,Ahmedabad
T11665,U015,2022-01-20,Expense,Food,0,NO,NO,CARD,Hyderabad
T11052,U063,2022-08-16,Income,Entertainment,57631,NO,NO,CARD,Hyderabad
T7788,U029,2023-04-09,Expense,Others,8704,NO,NO,BANK TRANSFER,Pune
T8946,U001,2024-04-11,Expense,Savings,3907,NO,NO,CARD,Hyderabad
T11852,U065,2024-01-26,Expense,Others,9088,NO,NO,UPI,Lucknow
T6680,U033,2023-07-22,Expense,Rent,7134,NO,NO,CARD,Pune
T1941,U109,2022-05-24,Expense,Utilities,9724,NO,NO,BANK TRANSFER,Hyderabad
T3137,U077,2023-12-01,Expense,Entertainment,6565,NO,NO,CARD,Pune
T11497,U057,2022-04-24,Expense,Education,8598,NO,NO,CASH,Ahmedabad
T1341,U045,2024-08-26,Expense,Entertainment,4019,NO,NO,CASH,Delhi
T12128,U008,2023-06-28,Expense,Health,9216,NO,NO,BANK TRANSFER,Jaipur
T8452,U066,2021-11-30,Expense,Freelance,8847,NO,NO,CARD,Jaipur
T13197,U023,2024-07-09,Income,Entertainment,39567,NO,NO,CASH,Chennai
T5634,U044,2021-10-23,Income,Travel,76366,NO,NO,UPI,Chennai
T9106,U123,2022-10-29,Expense,Entertainment,2756,NO,NO,CARD,Pune
T3393,U042,2023-06-07,Expense,Travel,8464,NO,NO,BANK TRANSFER,Pune
T5333,U011,2022-02-21,Expense,Food,-500,YES,NO,UPI,Jaipur
T1549,U029,2022-07-06,Expense,Others,3609,NO,NO,BANK TRANSFER,Pune
T6671,U002,2024-09-08,Expense,Rent,7003,NO,NO,UPI,Delhi
T8820,U076,2023-02-06,Expense,Food,3098,NO,NO,BANK TRANSFER,Bangalore
T0737,U141,2022-03-01,Expense,Travel,1025,NO,NO,CARD,Unknown
T6881,U107,2024-07-14,Income,Food,67853,NO,NO,CARD,Chennai
T10648,U020,2022-05-07,Expense,Investment,638,NO,NO,CARD,Mumbai
T1951,U021,2023-11-21,Expense,Education,0,NO,NO,UPI,Delhi
T1513,U146,2024-08-11,Income,Rent,35513,NO,NO,BANK TRANSFER,Bangalore
T8071,U084,2021-10-29,Income,Health,59363,NO,NO,UPI,Mumbai
T11699,U103,2024-11-07,Expense,Others,3230,NO,NO,CASH,Ahmedabad
T1797,U072,2021-11-30,Expense,Food,1597,NO,NO,UPI,Pune
T12397,U147,2024-08-13,Expense,Rent,885,NO,NO,UPI,Delhi
T3702,U057,2022-03-06,Expense,Food,5210,NO,NO,BANK TRANSFER,Delhi
T1422,U038,2023-11-23,Expense,Rent,3080,NO,NO,UPI,Pune
T5809,U086,2023-07-20,Expense,Rent,24848,NO,NO,UPI,Chennai
T6900,U078,2024-10-19,Expense,Food,28261,NO,NO,BANK TRANSFER,Jaipur
T7777,U033,2022-05-20,Expense,Entertainment,7412,NO,NO,UNKNOWN,Mumbai
T6668,U077,2023-09-15,Expense,Rent,8457,NO,NO,CASH,Chennai
T10234,U101,2024-05-04,Expense,Utilities,2643,NO,NO,UNKNOWN,Lucknow
T6776,U124,2021-07-07,Expense,Bonus,8870,NO,NO,CARD,Pune
T2057,U094,2022-05-02,Expense,Travel,6078,NO,NO,CARD,Jaipur
T10723,U087,2022-05-25,Income,Rent,0,NO,NO,UPI,Kolkata
T6380,U126,2024-05-21,Expense,Travel,4187,NO,NO,CARD,Lucknow
T7281,U027,2024-09-04,Income,Travel,38200,NO,NO,CARD,Jaipur
T9051,U036,2021-04-08,Expense,Travel,0,NO,NO,BANK TRANSFER,Lucknow
T7506,U097,2022-04-23,Income,Rent,32522,NO,NO,CARD,Hyderabad
T2119,U115,2022-08-12,Expense,Travel,5623,NO,NO,BANK TRANSFER,Delhi
T12601,U113,2024-08-10,Expense,Entertainment,26918,NO,NO,UPI,Delhi
T4868,U001,2021-03-08,Expense,Rent,3595,NO,NO,CARD,Jaipur
T8933,U008,2024-06-30,Expense,Entertainment,4721,NO,NO,BANK TRANSFER,Hyderabad
T11173,U084,2024-03-25,Expense,Entertainment,8850,NO,NO,CASH,Delhi
T11798,U091,2024-10-14,Expense,Education,7811,NO,NO,UPI,Ahmedabad
T9097,U109,2021-11-22,Expense,Travel,8741,NO,NO,UNKNOWN,Pune
T0146,U077,2021-09-30,Expense,Rent,0,NO,NO,BANK TRANSFER,Bangalore
T2916,U052,2024-04-07,Expense,Travel,5148,NO,NO,CARD,Lucknow
T12306,U131,2023-06-30,Expense,Food,4916,NO,NO,UPI,Delhi
T11496,U092,2021-07-08,Expense,Rent,3789,NO,NO,CARD,Lucknow
T12246,U097,2024-10-07,Expense,Food,5548,NO,NO,BANK TRANSFER,Lucknow
T3736,U078,2023-07-15,Expense,Rent,9781,NO,NO,UPI,Pune
T0340,U098,2023-10-02,Expense,Utilities,7693,NO,NO,UPI,Kolkata
T3431,U116,2022-12-29,Expense,Rent,3306,NO,NO,CARD,Mumbai
T7471,U046,2022-04-23,Expense,Food,412,NO,NO,CARD,Delhi
T10682,U150,2024-03-05,Income,Freelance,692535,NO,YES,BANK TRANSFER,Bangalore
T4212,U139,2021-11-08,Expense,Salary,5298,NO,NO,UPI,Pune
T12860,U040,2022-05-10,Expense,Salary,8220,NO,NO,CARD,Lucknow
T0933,U058,2021-11-30,Expense,Rent,9106,NO,NO,CARD,Jaipur
T11989,U064,2021-10-20,Expense,Travel,7725,NO,NO,CASH,Hyderabad
T7283,U028,2021-07-01,Expense,Travel,28477,NO,NO,BANK TRANSFER,Kolkata
T1220,U089,2024-02-20,Income,Rent,25126,NO,NO,BANK TRANSFER,Chennai
T10665,U044,2021-10-30,Expense,Salary,9808,NO,NO,CASH,Kolkata
T3878,U109,2024-04-30,Income,Entertainment,47605,NO,NO,BANK TRANSFER,Kolkata
T6910,U048,2024-04-19,Income,Travel,45168,NO,NO,UPI,Unknown
T5668,U108,2021-12-23,Expense,Freelance,3030,NO,NO,CARD,Jaipur
T3553,U075,2022-01-30,Expense,Travel,40467,NO,NO,UNKNOWN,Pune
T9528,U088,2022-09-21,Expense,Savings,6625,NO,NO,CASH,Unknown
T7843,U004,2022-02-04,Expense,Health,10800,NO,NO,CASH,Pune
T11709,U076,2021-08-13,Expense,Rent,8207,NO,NO,BANK TRANSFER,Mumbai
T2441,U109,2021-06-29,Expense,Food,9405,NO,NO,BANK TRANSFER,Chennai
T6220,U017,2023-09-30,Expense,Health,3414,NO,NO,CARD,Pune
T2423,U019,2024-09-13,Expense,Entertainment,9432,NO,NO,BANK TRANSFER,Chennai
T9808,U129,2024-08-19,Expense,Utilities,9030,NO,NO,UPI,Chennai
T8599,U035,2024-11-30,Expense,Salary,2898,NO,NO,BANK TRANSFER,Bangalore
T8783,U073,2021-06-14,Expense,Travel,179,NO,NO,BANK TRANSFER,Pune
T3945,U084,2023-07-27,Expense,Uncategorised,8892,NO,NO,BANK TRANSFER,Delhi
T0129,U102,2022-08-20,Expense,Food,4692,NO,NO,CARD,Bangalore
T7253,U044,2022-04-23,Expense,Bonus,3210,NO,NO,CARD,Kolkata
T5916,U038,2024-05-17,Expense,Rent,3872,NO,NO,CASH,Kolkata
T9978,U110,2022-03-20,Expense,Food,734,NO,NO,UPI,Delhi
T1896,U120,2024-01-05,Expense,Bonus,2778,NO,NO,CARD,Mumbai
T7978,U036,2022-08-25,Expense,Food,6278,NO,NO,BANK TRANSFER,Jaipur
T13762,U105,2023-07-17,Expense,Rent,738,NO,NO,UNKNOWN,Bangalore
T4359,U016,2022-07-03,Expense,Utilities,9570,NO,NO,BANK TRANSFER,Bangalore
T2714,U116,2023-09-04,Expense,Utilities,5695,NO,NO,CASH,Chennai
T8250,U120,2024-08-04,Expense,Food,4117,NO,NO,BANK TRANSFER,Unknown
T2526,U107,2023-02-23,Expense,Travel,6933,NO,NO,UNKNOWN,Ahmedabad
T1213,U056,2024-02-12,Expense,Travel,9900,NO,NO,BANK TRANSFER,Lucknow
T7531,U149,2024-11-07,Expense,Travel,6620,NO,NO,CASH,Delhi
T2208,U149,2022-08-27,Expense,Food,6590,NO,NO,BANK TRANSFER,Jaipur
T5156,U041,2022-05-14,Expense,Rent,7032,NO,NO,BANK TRANSFER,Pune
T5709,U107,2023-07-21,Expense,Food,9309,NO,NO,UPI,Delhi
T2489,U025,2024-03-13,Expense,Salary,7480,NO,NO,CASH,Lucknow
T1641,U143,2024-02-02,Expense,Others,6749,NO,NO,UPI,Chennai
T9888,U041,2024-09-20,Expense,Travel,4823,NO,NO,UPI,Jaipur
T7724,U116,2023-11-04,Income,Food,63167,NO,NO,CASH,Hyderabad
T5387,U141,2021-07-01,Expense,Freelance,7323,NO,NO,CASH,Jaipur
T13208,U091,2024-03-30,Expense,Travel,1869,NO,NO,CARD,Pune
T0401,U078,2023-11-01,Expense,Travel,1064,NO,NO,UPI,Chennai
T8146,U019,2022-10-21,Expense,Food,5143,NO,NO,BANK TRANSFER,Hyderabad
T9179,U089,2024-03-09,Expense,Uncategorised,3414,NO,NO,CASH,Hyderabad
T0619,U046,2021-09-27,Expense,Rent,1121,NO,NO,CARD,Hyderabad
T4665,U037,2022-11-19,Expense,Utilities,761,NO,NO,UPI,Hyderabad
T6291,U010,2024-08-02,Expense,Investment,7200,NO,NO,CARD,Lucknow
T6314,U034,2021-07-08,Expense,Freelance,6375,NO,NO,CARD,Lucknow
T13664,U135,2021-01-23,Expense,Entertainment,1406,NO,NO,CARD,Kolkata
T12345,U048,2021-12-22,Expense,Food,27387,NO,NO,BANK TRANSFER,Unknown
T1846,U100,2021-01-15,Expense,Rent,8909,NO,NO,UNKNOWN,Mumbai
T6829,U128,2022-09-23,Expense,Food,5095,NO,NO,CASH,Ahmedabad
T9308,U102,2022-01-16,Expense,Savings,9284,NO,NO,CASH,Kolkata
T9477,U149,2022-09-09,Expense,Entertainment,9665,NO,NO,UPI,Lucknow
T1771,U123,2021-03-23,Expense,Rent,3957,NO,NO,CARD,Kolkata
T2468,U092,2024-12-22,Expense,Food,9311,NO,NO,CARD,Unknown
T10657,U143,2023-07-10,Expense,Education,0,NO,NO,UPI,Unknown
T2272,U125,2023-03-08,Expense,Education,2634,NO,NO,CARD,Kolkata
T13981,U025,2023-05-18,Income,Rent,36318,NO,NO,CASH,Chennai
T4693,U018,2022-05-09,Income,Food,32174,NO,NO,BANK TRANSFER,Jaipur
T2899,U078,2023-12-12,Expense,Rent,2741,NO,NO,UPI,Lucknow
T0245,U144,2022-06-12,Expense,Travel,9535,NO,NO,UPI,Jaipur
T5025,U076,2022-11-14,Income,Salary,51548,NO,NO,CARD,Bangalore
T7792,U134,2021-12-30,Expense,Bonus,3784,NO,NO,CARD,Lucknow
T4330,U083,2024-01-30,Expense,Entertainment,9507,NO,NO,CARD,Pune
T11121,U015,2021-03-18,Expense,Rent,8136,NO,NO,CARD,Lucknow
T11550,U069,2021-11-20,Expense,Rent,5163,NO,NO,CARD,Lucknow
T6147,U067,2023-07-08,Income,Health,54871,NO,NO,BANK TRANSFER,Ahmedabad
T6745,U127,2022-04-24,Expense,Utilities,5832,NO,NO,CASH,Pune
T2077,U094,2023-06-28,Expense,Food,545,NO,NO,CARD,Bangalore
T7290,U032,2021-06-13,Expense,Uncategorised,3437,NO,NO,BANK TRANSFER,Delhi
T1470,U087,2024-10-25,Expense,Travel,6329,NO,NO,BANK TRANSFER,Lucknow
T0216,U073,2021-05-19,Expense,Rent,5560,NO,NO,CASH,Hyderabad
T7623,U079,2021-04-15,Expense,Food,8244,NO,NO,BANK TRANSFER,Lucknow
T11605,U028,2021-12-19,Expense,Utilities,7287,NO,NO,CASH,Chennai
T11413,U078,2021-03-20,Expense,Freelance,2543,NO,NO,BANK TRANSFER,Ahmedabad
T12078,U085,2021-11-04,Expense,Health,7855,NO,NO,UPI,Ahmedabad
T4921,U011,2021-06-14,Income,Education,27861,NO,NO,CARD,Mumbai
T8904,U068,2021-05-09,Expense,Rent,8245,NO,NO,CASH,Lucknow
T9862,U033,2022-01-31,Expense,Food,7746,NO,NO,BANK TRANSFER,Mumbai
T8249,U060,2023-04-28,Income,Freelance,78447,NO,NO,UPI,Ahmedabad
T6305,U076,2021-02-23,Expense,Entertainment,6196,NO,NO,BANK TRANSFER,Delhi
T1555,U112,2023-08-07,Expense,Education,1450,NO,NO,CARD,Hyderabad
T11327,U052,2023-01-22,Expense,Food,3833,NO,NO,BANK TRANSFER,Pune
T11728,U022,2022-09-01,Income,Entertainment,56876,NO,NO,BANK TRANSFER,Pune
T9690,U071,2021-12-08,Income,Education,24394,NO,NO,BANK TRANSFER,Jaipur
T12983,U099,2024-04-20,Expense,Education,49503,NO,NO,UPI,Kolkata
T3462,U057,2022-06-21,Expense,Food,6776,NO,NO,UPI,Lucknow
T11038,U058,2023-06-03,Expense,Travel,9713,NO,NO,BANK TRANSFER,Pune
T9021,U122,2024-02-25,Expense,Utilities,6055,NO,NO,UPI,Jaipur
T12181,U118,2021-10-11,Expense,Food,7019,NO,NO,BANK TRANSFER,Kolkata
T11579,U006,2024-04-06,Expense,Travel,47633,NO,NO,BANK TRANSFER,Lucknow
T7755,U069,2024-11-07,Expense,Food,9337,NO,NO,UPI,Hyderabad
T7407,U126,2022-04-29,Expense,Rent,21948,NO,NO,BANK TRANSFER,Pune
T1564,U042,2024-06-13,Expense,Uncategorised,1357,NO,NO,UPI,Unknown
T12057,U121,2024-03-30,Income,Salary,77481,NO,NO,BANK TRANSFER,Kolkata
T2158,U123,2023-09-07,Expense,Others,9474,NO,NO,UPI,Bangalore
T9162,U130,2021-12-14,Expense,Others,6398,NO,NO,BANK TRANSFER,Lucknow
T5987,U078,2022-12-30,Expense,Rent,4556,NO,NO,CARD,Bangalore
T0676,U034,2023-02-07,Expense,Investment,30233,NO,NO,CASH,Chennai
T11063,U087,2024-12-25,Expense,Health,3285,NO,NO,CASH,Kolkata
T12257,U130,2021-05-27,Expense,Utilities,1945,NO,NO,CARD,Bangalore
T1181,U042,2021-05-29,Expense,Travel,949,NO,NO,CASH,Hyderabad
T2803,U109,2022-11-11,Expense,Utilities,4484,NO,NO,CARD,Jaipur
T9763,U059,2022-04-06,Expense,Utilities,7317,NO,NO,UNKNOWN,Delhi
T10481,U033,2022-10-31,Expense,Investment,1716,NO,NO,CARD,Kolkata
T4396,U100,2021-02-27,Expense,Travel,3935,NO,NO,CARD,Lucknow
T1657,U023,2021-01-02,Expense,Rent,2601,NO,NO,CARD,Lucknow
T11099,U014,2023-11-01,Expense,Rent,8816,NO,NO,BANK TRANSFER,Chennai
T5708,U134,2021-10-14,Income,Travel,65084,NO,NO,CARD,Chennai
T3049,U093,2024-01-02,Expense,Entertainment,9129,NO,NO,CARD,Chennai
T0358,U097,2022-10-23,Expense,Food,8337,NO,NO,UPI,Chennai
T5718,U087,2022-05-13,Expense,Rent,1762,NO,NO,UPI,Chennai
T11673,U004,2021-05-22,Income,Rent,67081,NO,NO,CARD,Mumbai
T0974,U132,2023-01-12,Expense,Food,692,NO,NO,UPI,Lucknow
T0469,U082,2024-10-23,Expense,Salary,0,NO,NO,UPI,Ahmedabad
T12524,U086,2024-09-19,Expense,Others,9236,NO,NO,CARD,Pune
T6614,U004,2021-01-13,Income,Investment,79465,NO,NO,CASH,Jaipur
T2389,U002,2022-12-08,Expense,Food,5150,NO,NO,UPI,Bangalore
T5010,U123,2024-02-13,Expense,Bonus,2109,NO,NO,CASH,Bangalore
T13225,U109,2023-10-19,Expense,Rent,4418,NO,NO,UPI,Bangalore
T5352,U148,2023-01-03,Expense,Bonus,1833,NO,NO,CASH,Lucknow
T5490,U028,2023-05-16,Expense,Food,1053,NO,NO,CARD,Mumbai
T12343,U071,2023-08-12,Expense,Education,2508,NO,NO,CARD,Bangalore
T9155,U037,2023-07-31,Expense,Rent,28481,NO,NO,CASH,Hyderabad
T3578,U133,2021-06-08,Expense,Food,4058,NO,NO,BANK TRANSFER,Lucknow
T5780,U037,2024-10-24,Expense,Entertainment,6102,NO,NO,BANK TRANSFER,Bangalore
T5478,U027,2022-07-29,Income,Health,43965,NO,NO,BANK TRANSFER,Bangalore
T1067,U032,2022-09-05,Expense,Others,9496,NO,NO,UPI,Pune
T0654,U031,2023-01-01,Expense,Food,8687,NO,NO,CASH,Hyderabad
T11518,U079,2024-01-16,Expense,Rent,2758,NO,NO,CARD,Delhi
T11061,U014,2023-04-16,Income,Food,47132,NO,NO,UNKNOWN,Chennai
T1676,U073,2022-11-30,Expense,Entertainment,11911,NO,NO,CASH,Jaipur
T3230,U005,2022-07-31,Expense,Travel,48712,NO,NO,CARD,Delhi
T6346,U113,2021-01-01,Expense,Utilities,999999,NO,YES,CASH,Unknown
T8539,U147,2023-11-26,Expense,Food,8504,NO,NO,UPI,Pune
T13967,U116,2022-02-22,Income,Travel,67600,NO,NO,BANK TRANSFER,Lucknow
T6204,U090,2024-01-27,Expense,Food,26756,NO,NO,UPI,Kolkata
T1945,U096,2023-04-08,Expense,Education,7489,NO,NO,BANK TRANSFER,Kolkata
T3911,U105,2024-01-26,Expense,Rent,8296,NO,NO,CASH,Chennai
T2573,U056,2021-10-31,Expense,Education,713,NO,NO,CASH,Bangalore
T0178,U038,2024-08-04,Income,Rent,55071,NO,NO,BANK TRANSFER,Mumbai
T8127,U063,2024-05-04,Expense,Bonus,2947,NO,NO,CASH,Kolkata
T6350,U136,2023-02-04,Expense,Education,4792,NO,NO,BANK TRANSFER,Ahmedabad
T5518,U092,2021-05-15,Expense,Entertainment,9636,NO,NO,CARD,Mumbai
T10264,U017,2023-08-30,Expense,Rent,5477,NO,NO,BANK TRANSFER,Pune
T1955,U044,2024-12-31,Expense,Savings,4494,NO,NO,BANK TRANSFER,Hyderabad
T9849,U007,2022-01-11,Expense,Food,711,NO,NO,BANK TRANSFER,Unknown
T11034,U083,2022-06-21,Expense,Travel,6183,NO,NO,CARD,Jaipur
T5106,U051,2023-02-14,Expense,Utilities,380,NO,NO,BANK TRANSFER,Bangalore
T3932,U108,2021-06-21,Expense,Utilities,5827,NO,NO,CASH,Lucknow
T5553,U106,2024-12-18,Expense,Travel,8779,NO,NO,CASH,Delhi
T6799,U138,2024-10-09,Expense,Salary,3456,NO,NO,CARD,Delhi
T2840,U150,2024-07-11,Income,Freelance,53734,NO,NO,BANK TRANSFER,Chennai
T7179,U040,2023-10-08,Expense,Entertainment,278,NO,NO,UPI,Chennai
T9279,U034,2022-08-10,Expense,Food,3999,NO,NO,CARD,Unknown
T1390,U093,2021-12-26,Expense,Others,-1000,YES,NO,CASH,Bangalore
T5109,U002,2022-02-28,Expense,Entertainment,1735,NO,NO,BANK TRANSFER,Ahmedabad
T6118,U070,2022-11-25,Income,Rent,76678,NO,NO,UPI,Bangalore
T7554,U114,2023-10-22,Expense,Rent,1961,NO,NO,BANK TRANSFER,Pune
T3374,U103,2024-06-15,Income,Rent,76200,NO,NO,UPI,Kolkata
T4756,U115,2022-08-24,Expense,Utilities,2909,NO,NO,UPI,Kolkata
T12915,U087,2021-06-26,Expense,Food,9396,NO,NO,UPI,Pune
T0015,U011,2023-05-09,Expense,Food,5247,NO,NO,UPI,Delhi
T11263,U142,2024-03-13,Expense,Travel,3977,NO,NO,CASH,Chennai
T13471,U059,2021-08-10,Expense,Savings,8517,NO,NO,CASH,Kolkata
T3075,U057,2021-06-02,Income,Rent,78937,NO,NO,CASH,Lucknow
T12872,U079,2022-01-18,Expense,Travel,4184,NO,NO,UPI,Delhi
T1542,U057,2023-05-23,Expense,Travel,7946,NO,NO,CASH,Bangalore
T0980,U017,2022-07-29,Expense,Travel,229,NO,NO,UPI,Bangalore
T9729,U096,2023-06-03,Income,Entertainment,31924,NO,NO,BANK TRANSFER,Kolkata
T9809,U102,2022-05-10,Expense,Entertainment,298,NO,NO,CARD,Pune
T5702,U104,2024-08-12,Expense,Freelance,5852,NO,NO,UPI,Mumbai
T7185,U074,2023-02-11,Expense,Rent,2050,NO,NO,BANK TRANSFER,Unknown
T0257,U139,2022-01-24,Expense,Investment,9908,NO,NO,CARD,Kolkata
T10926,U044,2021-06-16,Expense,Entertainment,8165,NO,NO,UPI,Pune
T6883,U060,2021-12-23,Expense,Rent,9158,NO,NO,BANK TRANSFER,Hyderabad
T11999,U027,2024-08-13,Expense,Food,8301,NO,NO,CASH,Lucknow
T5077,U041,2021-12-14,Expense,Rent,22027,NO,NO,UPI,Ahmedabad
T10754,U056,2022-12-16,Expense,Others,38411,NO,NO,CARD,Chennai
T2545,U143,2022-06-13,Expense,Food,2456,NO,NO,BANK TRANSFER,Mumbai
T13519,U117,2021-09-08,Expense,Rent,4571,NO,NO,CARD,Lucknow
T7981,U131,2024-09-11,Expense,Uncategorised,8782,NO,NO,CASH,Kolkata
T6999,U097,2024-11-27,Expense,Rent,5623,NO,NO,CASH,Unknown
T2570,U109,2024-06-04,Expense,Investment,5005,NO,NO,UNKNOWN,Pune
T8049,U131,2024-07-17,Income,Food,76448,NO,NO,CARD,Pune
T8497,U033,2021-08-31,Expense,Others,4574,NO,NO,UPI,Pune
T1578,U020,2024-08-06,Expense,Travel,2464,NO,NO,CARD,Hyderabad
T5827,U042,2022-07-12,Expense,Uncategorised,4434,NO,NO,UPI,Mumbai
T0501,U105,2022-08-27,Expense,Bonus,4682,NO,NO,CASH,Kolkata
T7763,U067,2023-11-11,Expense,Rent,3667,NO,NO,UPI,Lucknow
T8070,U036,2024-01-03,Expense,Others,1957,NO,NO,CARD,Hyderabad
T1508,U111,2024-10-01,Expense,Entertainment,1564,NO,NO,CARD,Mumbai
T7394,U102,2021-03-06,Expense,Salary,3482,NO,NO,BANK TRANSFER,Mumbai
T10114,U129,2024-01-14,Expense,Food,33748,NO,NO,UPI,Delhi
T12865,U034,2022-08-13,Expense,Education,5564,NO,NO,CASH,Mumbai
T13717,U033,2021-11-04,Expense,Entertainment,9866,NO,NO,CASH,Bangalore
T9025,U150,2023-07-05,Expense,Utilities,4755,NO,NO,UPI,Hyderabad
T11407,U034,2023-02-04,Expense,Bonus,2315,NO,NO,CARD,Mumbai
T5864,U035,2021-12-11,Expense,Education,1947,NO,NO,CARD,Ahmedabad
T9173,U127,2022-10-17,Expense,Rent,1532,NO,NO,BANK TRANSFER,Hyderabad
T0022,U032,2022-09-08,Expense,Bonus,1092,NO,NO,CARD,Pune
T5503,U104,2022-09-08,Expense,Rent,2855,NO,NO,CARD,Ahmedabad
T11503,U073,2023-03-17,Expense,Food,7304,NO,NO,BANK TRANSFER,Kolkata
T9726,U019,2023-07-25,Expense,Travel,2561,NO,NO,UPI,Chennai
T10002,U102,2024-05-11,Expense,Rent,3364,NO,NO,CASH,Delhi
T10924,U079,2021-08-28,Expense,Utilities,23873,NO,NO,BANK TRANSFER,Pune
T1321,U037,2022-07-25,Expense,Travel,474,NO,NO,BANK TRANSFER,Lucknow
T11551,U064,2024-12-04,Income,Rent,78639,NO,NO,CASH,Mumbai
T12934,U081,2021-08-06,Expense,Rent,8219,NO,NO,CASH,Bangalore
T1331,U134,2021-08-01,Expense,Education,3878,NO,NO,CARD,Lucknow
T0123,U085,2021-07-15,Income,Travel,177959,NO,NO,CASH,Hyderabad
T9203,U128,2021-07-26,Expense,Rent,2804,NO,NO,UPI,Bangalore
T0779,U084,2021-04-15,Expense,Education,8520,NO,NO,CASH,Pune
T6657,U093,2023-07-05,Expense,Rent,2063,NO,NO,UNKNOWN,Mumbai
T3723,U101,2024-07-14,Expense,Food,311,NO,NO,UPI,Pune
T10159,U092,2021-09-19,Expense,Investment,43459,NO,NO,CASH,Unknown
T9306,U110,2024-07-24,Expense,Salary,4420,NO,NO,UPI,Jaipur
T7400,U049,2024-03-22,Expense,Others,1844,NO,NO,BANK TRANSFER,Kolkata
T8639,U013,2024-12-13,Expense,Food,4678,NO,NO,CARD,Lucknow
T2625,U068,2021-04-14,Expense,Entertainment,0,NO,NO,UPI,Bangalore
T11963,U082,2022-10-04,Expense,Food,4221,NO,NO,BANK TRANSFER,Kolkata
T5942,U141,2022-08-30,Expense,Savings,9615,NO,NO,CASH,Pune
T8813,U042,2024-04-23,Expense,Food,7504,NO,NO,UPI,Lucknow
T13871,U148,2024-09-04,Expense,Savings,8890,NO,NO,UPI,Ahmedabad
T1962,U050,2023-09-29,Expense,Education,4097,NO,NO,UPI,Jaipur
T6572,U057,2023-08-10,Expense,Travel,8584,NO,NO,CARD,Unknown
T12928,U012,2021-01-09,Expense,Investment,5056,NO,NO,CASH,Lucknow
T11193,U027,2022-03-24,Expense,Education,-1000,YES,NO,UPI,Pune
T5380,U086,2024-06-07,Expense,Travel,2374,NO,NO,UPI,Mumbai
T10771,U014,2024-10-08,Expense,Health,2453,NO,NO,UPI,Lucknow
T3122,U033,2021-03-04,Expense,Bonus,7836,NO,NO,CARD,Chennai
T11830,U058,2023-11-24,Expense,Freelance,6776,NO,NO,CARD,Kolkata
T11171,U024,2023-06-18,Expense,Rent,8970,NO,NO,CASH,Kolkata
T12093,U130,2021-07-13,Expense,Food,19280,NO,NO,BANK TRANSFER,Hyderabad
T7524,U033,2023-12-29,Expense,Entertainment,2420,NO,NO,CASH,Jaipur
T12040,U131,2022-04-11,Expense,Rent,999999,NO,YES,UNKNOWN,Kolkata
T2933,U141,2024-01-08,Expense,Food,6054,NO,NO,BANK TRANSFER,Hyderabad
T3033,U121,2022-12-12,Expense,Food,2226,NO,NO,CARD,Unknown
T7819,U036,2024-06-24,Expense,Rent,9742,NO,NO,CARD,Kolkata
T9880,U042,2022-08-13,Expense,Food,41804,NO,NO,CARD,Kolkata
T8119,U061,2022-04-16,Income,Utilities,64163,NO,NO,CARD,Lucknow
T10214,U035,2021-07-16,Expense,Food,8816,NO,NO,CASH,Chennai
T0489,U007,2022-02-06,Income,Rent,59444,NO,NO,BANK TRANSFER,Ahmedabad
T5590,U139,2022-08-27,Expense,Others,8562,NO,NO,BANK TRANSFER,Kolkata
T6976,U019,2024-05-13,Expense,Entertainment,8903,NO,NO,CARD,Kolkata
T0004,U091,2022-01-07,Expense,Food,4110,NO,NO,CARD,Mumbai
T6645,U131,2022-09-13,Income,Salary,28507,NO,NO,CARD,Delhi
T1860,U053,2024-01-17,Expense,Food,1218,NO,NO,BANK TRANSFER,Lucknow
T1533,U095,2023-03-17,Expense,Entertainment,177,NO,NO,UPI,Chennai
T8654,U014,2021-12-27,Expense,Rent,3768,NO,NO,CASH,Hyderabad
T8402,U021,2024-06-23,Income,Rent,16637,NO,NO,UPI,Unknown
T1910,U088,2023-05-02,Expense,Entertainment,3657,NO,NO,UPI,Delhi
T6896,U089,2021-07-27,Expense,Utilities,6758,NO,NO,CASH,Hyderabad
T10436,U035,2024-08-28,Income,Education,808886,NO,YES,BANK TRANSFER,Pune
T13852,U143,2022-05-25,Expense,Food,8854,NO,NO,BANK TRANSFER,Ahmedabad
T9108,U079,2023-04-17,Income,Others,49389,NO,NO,CARD,Chennai
T3166,U105,2023-08-09,Expense,Food,8088,NO,NO,UNKNOWN,Hyderabad
T4829,U104,2022-12-28,Expense,Utilities,1281,NO,NO,UPI,Mumbai
T0447,U025,2024-09-22,Expense,Utilities,5386,NO,NO,BANK TRANSFER,Chennai
T12899,U108,2023-09-09,Expense,Food,6624,NO,NO,BANK TRANSFER,Chennai
T7499,U064,2023-09-30,Expense,Travel,6154,NO,NO,BANK TRANSFER,Mumbai
T9772,U110,2022-01-21,Expense,Entertainment,9518,NO,NO,CASH,Lucknow
T7720,U059,2021-10-07,Income,Rent,22403,NO,NO,BANK TRANSFER,Pune
T11912,U078,2023-11-01,Expense,Food,5584,NO,NO,CARD,Hyderabad
T12987,U085,2022-03-30,Expense,Food,8154,NO,NO,UPI,Mumbai
T0411,U130,2021-08-24,Expense,Travel,6776,NO,NO,UNKNOWN,Lucknow
T3961,U056,2021-07-02,Expense,Rent,2857,NO,NO,UNKNOWN,Jaipur
T7955,U055,2024-11-23,Expense,Freelance,7743,NO,NO,BANK TRANSFER,Jaipur
T4126,U021,2022-06-05,Income,Rent,17241,NO,NO,UPI,Pune
T1522,U068,2022-12-26,Expense,Health,2598,NO,NO,UPI,Kolkata
T6714,U116,2021-07-29,Expense,Entertainment,1248,NO,NO,CARD,Pune
T13651,U038,2024-03-01,Expense,Travel,7187,NO,NO,BANK TRANSFER,Jaipur
T7789,U040,2021-08-17,Expense,Entertainment,5814,NO,NO,BANK TRANSFER,Chennai
T8571,U007,2022-06-10,Income,Bonus,36756,NO,NO,UPI,Chennai
T2979,U147,2022-07-11,Expense,Travel,6011,NO,NO,UPI,Delhi
T4177,U078,2021-12-24,Expense,Travel,515,NO,NO,CASH,Jaipur
T9146,U131,2022-10-12,Expense,Entertainment,4399,NO,NO,CARD,Delhi
T11326,U079,2024-07-03,Income,Utilities,13166,NO,NO,CARD,Kolkata
T11426,U142,2022-11-17,Expense,Misc,763,NO,NO,CARD,Pune
T13057,U119,2023-05-09,Expense,Utilities,1175,NO,NO,UPI,Unknown
T11969,U072,2021-12-14,Expense,Rent,5648,NO,NO,UNKNOWN,Kolkata
T7242,U125,2024-01-21,Expense,Travel,793,NO,NO,CASH,Kolkata
T6126,U052,2021-10-27,Expense,Food,2305,NO,NO,BANK TRANSFER,Lucknow
T2186,U002,2023-02-22,Expense,Rent,10099,NO,NO,BANK TRANSFER,Chennai
T7080,U123,2021-08-18,Expense,Education,3777,NO,NO,CASH,Hyderabad
T3292,U084,2024-12-06,Expense,Travel,681,NO,NO,BANK TRANSFER,Pune
T8440,U075,2024-02-28,Expense,Freelance,7331,NO,NO,CARD,Pune
T9657,U097,2022-02-26,Expense,Rent,7561,NO,NO,UPI,Jaipur
T5789,U112,2023-05-05,Income,Education,25785,NO,NO,CASH,Delhi
T13384,U071,2021-12-20,Expense,Food,1759,NO,NO,CARD,Bangalore
T9058,U033,2021-04-01,Expense,Entertainment,9721,NO,NO,BANK TRANSFER,Delhi
T1517,U067,2021-11-02,Expense,Utilities,7661,NO,NO,CARD,Delhi
T9814,U079,2024-06-06,Expense,Rent,7753,NO,NO,CARD,Bangalore
T12914,U088,2024-07-03,Expense,Utilities,999999999,NO,YES,CARD,Kolkata
T8949,U116,2022-02-22,Expense,Bonus,25541,NO,NO,CARD,Hyderabad
T11582,U056,2023-06-10,Expense,Entertainment,7931,NO,NO,UNKNOWN,Bangalore
T11214,U085,2024-02-17,Expense,Utilities,5409,NO,NO,CARD,Lucknow
T13707,U020,2021-04-05,Expense,Others,3841,NO,NO,BANK TRANSFER,Hyderabad
T10496,U034,2024-03-23,Expense,Rent,2696,NO,NO,BANK TRANSFER,Chennai
T12715,U025,2023-10-12,Expense,Utilities,8479,NO,NO,CASH,Bangalore
T13805,U030,2021-06-21,Expense,Food,6848,NO,NO,CARD,Mumbai
T9112,U091,2023-12-22,Expense,Travel,8715,NO,NO,CASH,Bangalore
T13575,U035,2021-02-13,Expense,Food,6650,NO,NO,CASH,Chennai
T11057,U042,2021-12-13,Expense,Food,7718,NO,NO,CASH,Delhi
T12809,U031,2024-04-09,Expense,Uncategorised,140,NO,NO,CARD,Bangalore
T4380,U062,2022-06-05,Expense,Food,29435,NO,NO,CASH,Ahmedabad
T13574,U092,2023-11-01,Expense,Utilities,5452,NO,NO,UPI,Jaipur
T11217,U052,2022-09-17,Expense,Utilities,5081,NO,NO,CASH,Mumbai
T10740,U054,2021-03-03,Expense,Food,8302,NO,NO,CASH,Lucknow
T1889,U019,2022-12-05,Expense,Health,4869,NO,NO,CARD,Unknown
T2350,U085,2024-12-23,Expense,Food,8373,NO,NO,UPI,Chennai
T11103,U112,2024-06-13,Expense,Salary,4058,NO,NO,CARD,Lucknow
T7234,U040,2024-02-23,Income,Food,66825,NO,NO,UNKNOWN,Pune
T13807,U115,2024-10-15,Income,Savings,22787,NO,NO,CARD,Ahmedabad
T12060,U058,2024-10-07,Income,Investment,19568,NO,NO,CARD,Bangalore
T13013,U019,2022-08-10,Expense,Entertainment,3002,NO,NO,UPI,Ahmedabad
T0477,U054,2021-08-29,Expense,Rent,5249,NO,NO,CARD,Mumbai
T3781,U030,2023-11-18,Expense,Education,7123,NO,NO,CASH,Pune
T2434,U141,2021-12-03,Expense,Health,3872,NO,NO,CASH,Lucknow
T2838,U117,2023-08-16,Expense,Rent,1680,NO,NO,CARD,Mumbai
T9871,U108,2023-03-20,Income,Health,75222,NO,NO,BANK TRANSFER,Hyderabad
T13389,U025,2023-02-15,Expense,Travel,4329,NO,NO,BANK TRANSFER,Lucknow
T13237,U058,2023-08-03,Expense,Rent,4578,NO,NO,BANK TRANSFER,Hyderabad
T3448,U078,2022-12-22,Income,Savings,18566,NO,NO,CARD,Jaipur
T12377,U069,2024-11-23,Expense,Travel,3217,NO,NO,CARD,Chennai
T10079,U091,2021-04-23,Expense,Rent,8293,NO,NO,CASH,Delhi
T6724,U077,2021-06-01,Expense,Rent,1880,NO,NO,UPI,Jaipur
T2487,U101,2024-11-16,Expense,Uncategorised,8553,NO,NO,CASH,Lucknow
T6842,U141,2024-09-08,Expense,Others,8723,NO,NO,UPI,Pune
T12071,U028,2022-04-25,Expense,Food,8562,NO,NO,CASH,Delhi
T6415,U036,2023-11-01,Expense,Utilities,6408,NO,NO,CARD,Ahmedabad
T1237,U101,2023-12-30,Expense,Education,7478,NO,NO,CARD,Kolkata
T8590,U039,2023-10-26,Income,Rent,0,NO,NO,CARD,Jaipur
T7075,U114,2023-07-25,Expense,Utilities,2081,NO,NO,CASH,Pune
T10270,U132,2023-09-23,Income,Food,45748,NO,NO,BANK TRANSFER,Hyderabad
T7295,U058,2021-06-14,Expense,Utilities,4435,NO,NO,BANK TRANSFER,Chennai
T4305,U147,2023-12-17,Income,Rent,50177,NO,NO,UPI,Chennai
T12760,U045,2022-07-11,Expense,Entertainment,6318,NO,NO,CASH,Jaipur
T5648,U050,2023-08-30,Expense,Education,5072,NO,NO,UPI,Ahmedabad
T4616,U018,2022-08-01,Income,Food,20954,NO,NO,CASH,Mumbai
T10289,U078,2021-05-04,Expense,Investment,1644,NO,NO,CARD,Kolkata
T5233,U037,2022-07-25,Expense,Food,999999999,NO,YES,BANK TRANSFER,Hyderabad
T9730,U015,2022-05-09,Expense,Education,0,NO,NO,CASH,Bangalore
T12419,U076,2021-12-25,Expense,Freelance,2093,NO,NO,BANK TRANSFER,Unknown
T1580,U103,2021-07-30,Expense,Savings,499,NO,NO,CARD,Lucknow
T13821,U098,2024-12-25,Expense,Rent,6957,NO,NO,BANK TRANSFER,Hyderabad
T6217,U032,2022-01-20,Expense,Rent,1893,NO,NO,CARD,Kolkata
T3528,U108,2024-12-05,Expense,Food,7171,NO,NO,BANK TRANSFER,Ahmedabad
T0374,U064,2024-11-02,Expense,Travel,6613,NO,NO,UPI,Mumbai
T6304,U069,2024-03-25,Expense,Rent,9323,NO,NO,BANK TRANSFER,Unknown
T1970,U137,2022-08-18,Expense,Food,3387,NO,NO,CARD,Ahmedabad
T2585,U045,2021-04-14,Income,Rent,41355,NO,NO,BANK TRANSFER,Jaipur
T3948,U123,2024-02-03,Income,Bonus,54776,NO,NO,BANK TRANSFER,Jaipur
T1900,U114,2021-10-09,Expense,Bonus,999999,NO,YES,CARD,Unknown
T8330,U150,2022-08-23,Expense,Salary,5450,NO,NO,CASH,Ahmedabad
T3157,U064,2024-10-19,Income,Savings,20442,NO,NO,BANK TRANSFER,Ahmedabad
T0649,U011,2023-11-14,Expense,Utilities,4400,NO,NO,CARD,Hyderabad
T2717,U126,2021-02-01,Expense,Travel,5000,NO,NO,CASH,Hyderabad
T13241,U084,2023-11-21,Expense,Utilities,4996,NO,NO,CASH,Delhi
T12431,U036,2024-03-23,Expense,Travel,54,NO,NO,UPI,Delhi
T6928,U075,2021-08-07,Expense,Entertainment,7508,NO,NO,CASH,Hyderabad
T0574,U092,2024-02-19,Expense,Investment,9424,NO,NO,CASH,Lucknow
T3863,U063,2021-07-26,Expense,Education,3773,NO,NO,CARD,Unknown
T11373,U042,2024-02-23,Income,Salary,36907,NO,NO,UPI,Chennai
T10636,U067,2022-10-23,Income,Health,71792,NO,NO,CARD,Hyderabad
T12333,U055,2022-12-06,Expense,Travel,6264,NO,NO,UPI,Delhi
T8954,U045,2024-12-11,Expense,Health,920,NO,NO,BANK TRANSFER,Chennai
T7571,U060,2024-04-27,Expense,Travel,999999,NO,YES,UPI,Ahmedabad
T10235,U018,2022-01-16,Expense,Education,5176,NO,NO,CARD,Lucknow
T9775,U119,2023-10-10,Expense,Freelance,6971,NO,NO,CARD,Delhi
T9306,U054,2023-12-22,Expense,Utilities,9990,NO,NO,CASH,Jaipur
T6002,U013,2023-06-27,Expense,Food,2832,NO,NO,CARD,Jaipur
T13352,U086,2024-02-13,Expense,Freelance,1533,NO,NO,CASH,Hyderabad
T3557,U016,2021-06-02,Expense,Investment,2295,NO,NO,CARD,Chennai
T11760,U032,2022-10-06,Expense,Food,49634,NO,NO,CARD,Kolkata
T8147,U043,2023-07-13,Expense,Education,2492,NO,NO,CARD,Hyderabad
T1268,U141,2022-11-05,Expense,Rent,5832,NO,NO,CARD,Lucknow
T3144,U061,2024-12-23,Expense,Travel,9967,NO,NO,UPI,Pune
T12400,U079,2022-06-12,Expense,Utilities,4891,NO,NO,CARD,Mumbai
T13153,U070,2024-06-06,Income,Travel,52742,NO,NO,UNKNOWN,Lucknow
T7877,U035,2023-11-16,Income,Food,18073,NO,NO,CARD,Jaipur
T11993,U128,2022-03-11,Expense,Food,8821,NO,NO,CASH,Hyderabad
T3983,U084,2023-11-20,Expense,Entertainment,1398,NO,NO,CARD,Delhi
T8103,U037,2023-10-08,Expense,Others,41059,NO,NO,CASH,Ahmedabad
T10554,U025,2024-01-29,Expense,Travel,1014,NO,NO,CARD,Hyderabad
T13103,U069,2024-09-06,Expense,Travel,7086,NO,NO,CASH,Kolkata
T2968,U060,2023-08-14,Expense,Rent,5371,NO,NO,CASH,Pune
T11609,U107,2022-03-06,Expense,Travel,3003,NO,NO,BANK TRANSFER,Lucknow
T8645,U038,2021-11-30,Expense,Rent,4525,NO,NO,BANK TRANSFER,Kolkata
T4235,U004,2024-04-22,Expense,Others,4983,NO,NO,UPI,Kolkata
T6640,U062,2024-10-15,Expense,Education,1583,NO,NO,CASH,Delhi
T1692,U129,2024-09-24,Expense,Health,3624,NO,NO,CARD,Bangalore
T13724,U047,2021-10-13,Income,Investment,33248,NO,NO,BANK TRANSFER,Lucknow
T5073,U021,2021-07-19,Expense,Food,5123,NO,NO,UPI,Kolkata
T6186,U070,2024-11-11,Expense,Rent,5470,NO,NO,CARD,Delhi
T13806,U132,2023-03-15,Expense,Rent,3257,NO,NO,BANK TRANSFER,Lucknow
T12189,U096,2022-05-17,Expense,Entertainment,1271,NO,NO,CASH,Hyderabad
T1691,U088,2024-06-28,Income,Utilities,71695,NO,NO,UPI,Ahmedabad
T10012,U092,2022-09-19,Expense,Utilities,2475,NO,NO,CARD,Chennai
T2158,U123,2023-09-07,Expense,Travel,9474,NO,NO,UPI,Bangalore
T4735,U049,2024-03-08,Expense,Travel,5726,NO,NO,CASH,Hyderabad
T10012,U092,2022-09-19,Expense,Travel,2475,NO,NO,CARD,Chennai
T9209,U016,2022-03-11,Expense,Entertainment,5656,NO,NO,CARD,Delhi
T4259,U119,2023-08-29,Expense,Salary,493,NO,NO,BANK TRANSFER,Delhi
T3680,U042,2024-03-02,Expense,Rent,9010,NO,NO,BANK TRANSFER,Ahmedabad
T1175,U048,2023-06-08,Expense,Utilities,4220,NO,NO,CARD,Chennai
T2073,U083,2021-05-18,Expense,Utilities,7789,NO,NO,CARD,Pune
T6846,U076,2021-01-23,Expense,Food,3716,NO,NO,UPI,Jaipur
T9246,U078,2021-11-18,Expense,Utilities,227,NO,NO,CARD,Delhi
T6208,U019,2022-08-18,Expense,Travel,0,NO,NO,BANK TRANSFER,Unknown
T7756,U144,2022-09-23,Expense,Food,9400,NO,NO,BANK TRANSFER,Ahmedabad
T9509,U019,2023-04-17,Expense,Utilities,6808,NO,NO,UPI,Kolkata
T10811,U006,2024-04-19,Income,Freelance,26817,NO,NO,CARD,Pune
T9979,U072,2024-03-04,Expense,Utilities,5126,NO,NO,BANK TRANSFER,Lucknow
T4595,U098,2022-11-20,Expense,Food,9908,NO,NO,UPI,Hyderabad
T5390,U007,2023-07-14,Expense,Travel,6794,NO,NO,CASH,Jaipur
T3310,U083,2022-10-10,Expense,Food,9904,NO,NO,UNKNOWN,Ahmedabad
T4780,U067,2023-01-21,Income,Utilities,58797,NO,NO,UNKNOWN,Mumbai
T2087,U113,2022-12-31,Expense,Food,655,NO,NO,BANK TRANSFER,Lucknow
T7271,U025,2024-10-20,Expense,Entertainment,2723,NO,NO,BANK TRANSFER,Lucknow
T11301,U056,2023-11-02,Expense,Rent,-500,YES,NO,BANK TRANSFER,Ahmedabad
T13874,U045,2021-01-26,Expense,Travel,6092,NO,NO,CASH,Hyderabad
T13374,U107,2021-12-20,Expense,Health,5017,NO,NO,UPI,Lucknow
T4550,U112,2022-06-06,Expense,Savings,9837,NO,NO,BANK TRANSFER,Kolkata
T8262,U147,2023-06-03,Income,Utilities,37750,NO,NO,CASH,Mumbai
T12264,U035,2022-10-17,Expense,Travel,5333,NO,NO,BANK TRANSFER,Ahmedabad
T0559,U002,2024-09-14,Expense,Food,8324,NO,NO,CASH,Chennai
T9402,U007,2023-05-31,Expense,Entertainment,36864,NO,NO,CARD,Bangalore
T0307,U089,2022-06-26,Expense,Food,7903,NO,NO,BANK TRANSFER,Bangalore
T13359,U052,2022-05-04,Expense,Uncategorised,4039,NO,NO,CASH,Unknown
T10439,U047,2023-04-11,Expense,Uncategorised,604,NO,NO,UPI,Delhi
T10352,U108,2024-01-24,Expense,Food,1663,NO,NO,CARD,Hyderabad
T2413,U086,2024-04-15,Expense,Investment,2750,NO,NO,BANK TRANSFER,Kolkata
T12199,U048,2023-03-05,Expense,Education,6665,NO,NO,BANK TRANSFER,Kolkata
T3784,U132,2022-02-08,Expense,Food,0,NO,NO,CASH,Hyderabad
T9453,U020,2022-09-27,Income,Entertainment,75496,NO,NO,BANK TRANSFER,Kolkata
T9195,U022,2022-04-10,Income,Bonus,22891,NO,NO,CARD,Chennai
T9238,U112,2022-11-15,Income,Food,45145,NO,NO,CARD,Delhi
T12212,U115,2023-07-16,Expense,Others,3566,NO,NO,CASH,Pune
T4084,U120,2021-04-26,Income,Investment,72863,NO,NO,BANK TRANSFER,Unknown
T7989,U071,2023-06-07,Expense,Education,28559,NO,NO,UPI,Chennai
T10248,U066,2024-04-29,Income,Travel,46426,NO,NO,UNKNOWN,Lucknow
T13477,U149,2022-08-03,Expense,Investment,2334,NO,NO,CARD,Ahmedabad
T4151,U096,2023-09-12,Expense,Rent,2684,NO,NO,BANK TRANSFER,Ahmedabad
T11380,U074,2022-11-06,Expense,Bonus,3201,NO,NO,BANK TRANSFER,Ahmedabad
T10092,U044,2023-09-24,Expense,Entertainment,999999,NO,YES,UPI,Pune
T9369,U016,2024-11-10,Expense,Travel,2491,NO,NO,CASH,Ahmedabad
T8703,U074,2023-12-05,Expense,Investment,6888,NO,NO,UPI,Lucknow
T9736,U031,2024-09-21,Expense,Travel,8041,NO,NO,CARD,Chennai
T7050,U035,2023-08-18,Income,Utilities,659533,NO,YES,UPI,Ahmedabad
T0356,U091,2022-08-06,Expense,Rent,-1000,YES,NO,UPI,Chennai
T1667,U087,2022-02-05,Expense,Food,9131,NO,NO,CASH,Mumbai
T5383,U024,2023-09-18,Expense,Entertainment,5293,NO,NO,UPI,Unknown
T13021,U118,2022-05-06,Expense,Food,1341,NO,NO,UPI,Lucknow
T6868,U083,2021-07-04,Expense,Rent,8302,NO,NO,UPI,Delhi
T1948,U024,2023-10-26,Expense,Rent,6044,NO,NO,BANK TRANSFER,Mumbai
T7043,U066,2023-04-01,Expense,Rent,4122,NO,NO,UPI,Kolkata
T5564,U126,2024-10-12,Expense,Food,1145,NO,NO,UPI,Bangalore
T6622,U124,2021-10-12,Expense,Health,3142,NO,NO,UNKNOWN,Delhi
T5558,U088,2024-04-08,Expense,Rent,9175,NO,NO,UNKNOWN,Mumbai
T12684,U027,2023-11-11,Expense,Food,1659,NO,NO,CASH,Hyderabad
T8968,U068,2021-01-16,Expense,Education,8831,NO,NO,BANK TRANSFER,Lucknow
T3295,U077,2024-10-04,Expense,Rent,3822,NO,NO,BANK TRANSFER,Delhi
T12853,U017,2024-09-01,Expense,Food,1501,NO,NO,UNKNOWN,Ahmedabad
T2390,U125,2023-03-03,Income,Food,13881,NO,NO,CASH,Pune
T11007,U054,2023-02-24,Expense,Travel,3661,NO,NO,CARD,Pune
T13263,U094,2023-08-29,Expense,Entertainment,4419,NO,NO,CARD,Kolkata
T0110,U079,2023-03-22,Expense,Health,27579,NO,NO,CASH,Unknown
T6656,U007,2021-03-25,Expense,Rent,-500,YES,NO,BANK TRANSFER,Hyderabad
T11635,U050,2024-03-04,Expense,Bonus,2691,NO,NO,CASH,Ahmedabad
T1457,U124,2024-03-19,Expense,Rent,9004,NO,NO,UPI,Ahmedabad
T12474,U150,2022-06-09,Expense,Travel,840,NO,NO,UPI,Kolkata
T2926,U089,2023-10-02,Expense,Travel,999999999,NO,YES,CARD,Mumbai
T8696,U024,2021-02-20,Expense,Travel,-500,YES,NO,BANK TRANSFER,Delhi
T11393,U070,2024-10-28,Income,Food,18170,NO,NO,UPI,Hyderabad
T3116,U015,2022-09-01,Income,Food,60720,NO,NO,UNKNOWN,Chennai
T0054,U102,2024-05-03,Expense,Travel,4789,NO,NO,CARD,Bangalore
T7861,U101,2021-01-04,Expense,Travel,1228,NO,NO,CARD,Hyderabad
T5223,U103,2024-11-24,Income,Investment,63544,NO,NO,CARD,Jaipur
T1459,U085,2022-06-10,Expense,Investment,5390,NO,NO,CASH,Kolkata
T11996,U056,2021-07-12,Expense,Rent,7851,NO,NO,BANK TRANSFER,Bangalore
T7822,U058,2021-07-13,Expense,Travel,41599,NO,NO,CASH,Chennai
T9517,U015,2022-01-10,Expense,Food,7043,NO,NO,BANK TRANSFER,Mumbai
T5794,U082,2023-11-09,Expense,Rent,9225,NO,NO,CARD,Pune
T0084,U128,2023-01-23,Expense,Utilities,3577,NO,NO,UPI,Kolkata
T9886,U117,2021-11-29,Expense,Rent,5045,NO,NO,UPI,Pune
T8203,U067,2021-09-04,Expense,Utilities,4885,NO,NO,BANK TRANSFER,Kolkata
T7991,U079,2023-02-02,Expense,Rent,4796,NO,NO,CARD,Delhi
T2862,U002,2024-04-30,Expense,Rent,1443,NO,NO,CARD,Lucknow
T11904,U110,2021-03-22,Expense,Travel,999999999,NO,YES,CARD,Jaipur
T4858,U075,2023-06-28,Expense,Food,8508,NO,NO,CASH,Unknown
T1018,U150,2022-12-04,Expense,Health,2515,NO,NO,BANK TRANSFER,Delhi
T10484,U030,2022-10-22,Expense,Education,1906,NO,NO,BANK TRANSFER,Hyderabad
T7322,U032,2024-06-24,Expense,Travel,-1000,YES,NO,BANK TRANSFER,Hyderabad
T8553,U091,2021-08-21,Expense,Entertainment,7812,NO,NO,BANK TRANSFER,Lucknow
T9560,U030,2022-09-09,Expense,Education,1034,NO,NO,BANK TRANSFER,Ahmedabad
T13797,U079,2021-10-30,Income,Others,26214,NO,NO,BANK TRANSFER,Chennai
T8331,U053,2021-10-31,Expense,Travel,2764,NO,NO,BANK TRANSFER,Jaipur
T8376,U069,2022-09-26,Expense,Food,4317,NO,NO,CASH,Bangalore
T10036,U097,2024-08-13,Expense,Utilities,8371,NO,NO,CASH,Bangalore
T6691,U023,2024-03-01,Expense,Food,4946,NO,NO,CASH,Unknown
T13457,U090,2021-03-18,Expense,Entertainment,9787,NO,NO,UPI,Jaipur
T12836,U003,2024-07-09,Income,Travel,24470,NO,NO,CARD,Bangalore
T7885,U040,2021-02-24,Income,Food,69923,NO,NO,BANK TRANSFER,Hyderabad
T8287,U029,2021-11-02,Expense,Education,696,NO,NO,BANK TRANSFER,Hyderabad
T2627,U097,2022-06-20,Expense,Travel,10481,NO,NO,CASH,Pune
T4107,U015,2023-07-30,Expense,Education,2301,NO,NO,BANK TRANSFER,Jaipur
T12674,U143,2023-01-07,Expense,Entertainment,6267,NO,NO,CARD,Jaipur
T7670,U042,2023-05-13,Expense,Education,-1000,YES,NO,UNKNOWN,Chennai
T2064,U123,2022-09-28,Income,Rent,51950,NO,NO,BANK TRANSFER,Kolkata
T2122,U083,2022-10-13,Expense,Utilities,110,NO,NO,BANK TRANSFER,Delhi
T4704,U007,2024-01-05,Income,Food,22919,NO,NO,CARD,Mumbai
T9405,U010,2023-04-08,Expense,Rent,7264,NO,NO,UPI,Pune
T1686,U039,2021-09-17,Expense,Education,2506,NO,NO,CARD,Kolkata
T9685,U008,2022-06-20,Income,Freelance,27385,NO,NO,UPI,Kolkata
T2783,U068,2023-12-31,Expense,Bonus,30261,NO,NO,CASH,Lucknow
T13979,U092,2022-01-25,Income,Utilities,72870,NO,NO,UPI,Chennai
T8165,U059,2022-10-26,Expense,Rent,9999,NO,NO,CASH,Hyderabad
T6688,U150,2023-12-23,Income,Freelance,29447,NO,NO,BANK TRANSFER,Bangalore
T9366,U036,2024-10-03,Expense,Food,3656,NO,NO,BANK TRANSFER,Mumbai
T3197,U059,2023-05-09,Expense,Food,8312,NO,NO,BANK TRANSFER,Chennai
T0866,U050,2022-11-22,Expense,Travel,1797,NO,NO,CASH,Unknown
T11685,U121,2023-10-28,Expense,Utilities,4460,NO,NO,UPI,Pune
T8380,U022,2021-05-21,Income,Investment,23141,NO,NO,BANK TRANSFER,Jaipur
T1573,U047,2021-04-21,Expense,Food,9070,NO,NO,CARD,Mumbai
T6954,U091,2024-11-14,Expense,Others,47394,NO,NO,CARD,Bangalore
T3126,U024,2023-11-03,Income,Investment,73206,NO,NO,UPI,Jaipur
T10072,U037,2024-05-21,Expense,Food,23117,NO,NO,CASH,Pune
T9218,U002,2023-11-06,Expense,Entertainment,3203,NO,NO,CARD,Lucknow
T1135,U007,2024-08-01,Expense,Rent,1582,NO,NO,UPI,Lucknow
T1462,U109,2021-02-21,Expense,Rent,2419,NO,NO,UPI,Kolkata
T0979,U117,2024-12-29,Expense,Travel,6006,NO,NO,UPI,Lucknow
T8592,U111,2024-08-14,Expense,Food,539,NO,NO,CASH,Mumbai
T2522,U069,2023-03-25,Expense,Travel,1493,NO,NO,BANK TRANSFER,Bangalore
T2152,U142,2021-10-18,Expense,Health,1462,NO,NO,UPI,Jaipur
T3780,U074,2023-11-09,Expense,Rent,9580,NO,NO,UNKNOWN,Unknown
T4940,U089,2022-12-31,Expense,Entertainment,5439,NO,NO,CARD,Delhi
T5332,U092,2023-08-02,Expense,Travel,3236,NO,NO,UPI,Unknown
T12500,U063,2024-11-11,Expense,Travel,6588,NO,NO,CARD,Mumbai
T7211,U119,2022-01-02,Expense,Savings,433,NO,NO,CARD,Bangalore
T11507,U137,2022-05-06,Expense,Rent,2863,NO,NO,UPI,Delhi
T12347,U129,2024-03-31,Income,Food,38968,NO,NO,BANK TRANSFER,Chennai
T9254,U053,2024-12-13,Income,Food,70832,NO,NO,UPI,Jaipur
T10262,U056,2022-12-12,Income,Entertainment,26135,NO,NO,UPI,Mumbai
T3695,U027,2023-03-17,Expense,Health,1114,NO,NO,UPI,Kolkata
T12209,U017,2023-02-17,Expense,Savings,9671,NO,NO,UPI,Chennai
T11748,U081,2023-04-29,Expense,Salary,2137,NO,NO,CASH,Bangalore
T13187,U031,2023-09-23,Expense,Food,3383,NO,NO,CASH,Bangalore
T6648,U132,2024-03-12,Expense,Uncategorised,6503,NO,NO,CASH,Chennai
T2426,U020,2022-01-17,Expense,Utilities,7378,NO,NO,BANK TRANSFER,Bangalore
T13753,U078,2021-10-25,Expense,Bonus,6823,NO,NO,UNKNOWN,Pune
T1407,U115,2022-07-21,Expense,Bonus,1623,NO,NO,BANK TRANSFER,Ahmedabad
T12043,U142,2023-08-11,Expense,Rent,1596,NO,NO,BANK TRANSFER,Chennai
T7560,U077,2023-12-03,Income,Rent,0,NO,NO,UPI,Ahmedabad
T10637,U055,2021-04-25,Expense,Food,7687,NO,NO,CARD,Mumbai
T10530,U003,2024-06-19,Expense,Travel,3144,NO,NO,CASH,Hyderabad
T7139,U127,2022-04-22,Expense,Food,7310,NO,NO,CASH,Delhi
T6259,U134,2022-01-13,Income,Entertainment,24140,NO,NO,UPI,Pune
T6581,U004,2024-07-20,Income,Food,67091,NO,NO,UPI,Ahmedabad
T1406,U063,2024-12-04,Expense,Education,44180,NO,NO,UPI,Delhi
T3059,U067,2024-07-22,Income,Utilities,40041,NO,NO,CASH,Ahmedabad
T12098,U020,2024-07-20,Expense,Food,2027,NO,NO,BANK TRANSFER,Bangalore
T3885,U093,2021-11-22,Expense,Rent,705,NO,NO,BANK TRANSFER,Jaipur
T2518,U012,2023-07-26,Expense,Food,44154,NO,NO,BANK TRANSFER,Bangalore
T12935,U094,2022-03-28,Expense,Uncategorised,2517,NO,NO,UPI,Pune
T12360,U107,2023-05-17,Expense,Food,7750,NO,NO,CASH,Pune
T3074,U105,2021-04-13,Expense,Rent,2932,NO,NO,CASH,Chennai
T0090,U082,2023-07-11,Expense,Food,3081,NO,NO,CASH,Kolkata
T10411,U074,2021-06-16,Expense,Rent,1589,NO,NO,UPI,Bangalore
T7441,U131,2024-11-18,Expense,Utilities,6265,NO,NO,CARD,Ahmedabad
T1259,U069,2021-04-22,Expense,Health,7858,NO,NO,UPI,Chennai
T7099,U074,2023-09-06,Income,Others,32766,NO,NO,CASH,Kolkata
T6231,U039,2022-05-24,Expense,Utilities,7969,NO,NO,CASH,Kolkata
T2697,U054,2021-08-18,Expense,Education,8332,NO,NO,CASH,Lucknow
T5877,U061,2024-05-09,Income,Education,40770,NO,NO,BANK TRANSFER,Jaipur
T8179,U092,2023-01-10,Expense,Entertainment,1128,NO,NO,CARD,Kolkata
T6718,U042,2021-11-10,Expense,Travel,3185,NO,NO,UPI,Kolkata
T13734,U117,2022-09-01,Expense,Utilities,9459,NO,NO,CARD,Delhi
T8790,U105,2022-09-10,Expense,Rent,6636,NO,NO,BANK TRANSFER,Lucknow
T1291,U036,2021-02-24,Expense,Utilities,5984,NO,NO,BANK TRANSFER,Mumbai
T4937,U132,2024-09-25,Expense,Entertainment,3692,NO,NO,CASH,Delhi
T9399,U074,2024-02-12,Expense,Rent,3053,NO,NO,CARD,Delhi
T0919,U083,2024-05-05,Expense,Rent,8928,NO,NO,BANK TRANSFER,Bangalore
T12821,U055,2022-10-13,Income,Education,11411,NO,NO,CASH,Hyderabad
T3930,U020,2022-02-14,Expense,Health,4861,NO,NO,UPI,Ahmedabad
T5674,U056,2021-05-16,Expense,Bonus,5612,NO,NO,CASH,Chennai
T11593,U008,2022-06-06,Expense,Rent,869,NO,NO,CASH,Unknown
T4060,U083,2021-02-03,Expense,Freelance,2795,NO,NO,CASH,Bangalore
T8701,U086,2023-08-20,Expense,Freelance,1706,NO,NO,CASH,Pune
T7970,U149,2021-06-24,Expense,Utilities,4825,NO,NO,BANK TRANSFER,Unknown
T1220,U124,2024-08-12,Expense,Rent,1701,NO,NO,CASH,Ahmedabad
T4730,U091,2022-07-14,Expense,Entertainment,3015,NO,NO,UPI,Pune
T8327,U142,2021-03-27,Expense,Food,7589,NO,NO,UPI,Delhi
T0624,U121,2022-01-02,Expense,Others,8924,NO,NO,CARD,Kolkata
T5374,U052,2024-11-06,Expense,Travel,0,NO,NO,CARD,Delhi
T8189,U086,2023-02-25,Income,Food,36290,NO,NO,CASH,Lucknow
T3291,U121,2024-04-13,Expense,Travel,543,NO,NO,UPI,Chennai
T9441,U001,2023-06-25,Expense,Food,262,NO,NO,CASH,Kolkata
T9190,U114,2024-01-26,Expense,Education,3669,NO,NO,CASH,Mumbai
T5554,U147,2021-08-21,Expense,Entertainment,7807,NO,NO,UNKNOWN,Lucknow
T0800,U018,2022-10-04,Income,Rent,58348,NO,NO,UNKNOWN,Mumbai
T12903,U147,2024-10-31,Expense,Freelance,5121,NO,NO,BANK TRANSFER,Mumbai
T1499,U020,2022-05-26,Expense,Bonus,3757,NO,NO,CASH,Ahmedabad
T8066,U108,2023-02-01,Expense,Travel,7388,NO,NO,CASH,Delhi
T1739,U142,2021-06-10,Expense,Food,4770,NO,NO,CARD,Pune
T9865,U103,2021-03-06,Expense,Rent,2555,NO,NO,UPI,Pune
T1901,U019,2024-05-06,Expense,Others,1183,NO,NO,BANK TRANSFER,Ahmedabad
T1433,U134,2023-06-12,Expense,Food,-500,YES,NO,CASH,Hyderabad
T5372,U100,2023-10-26,Expense,Bonus,4512,NO,NO,CASH,Pune
T9520,U148,2022-03-02,Expense,Health,6528,NO,NO,CARD,Ahmedabad
T2342,U038,2023-11-26,Expense,Rent,9449,NO,NO,CARD,Lucknow
T8044,U047,2022-05-16,Expense,Investment,5521,NO,NO,UPI,Mumbai
T8008,U088,2023-09-16,Income,Uncategorised,56655,NO,NO,CASH,Pune
T7746,U139,2024-11-15,Expense,Rent,18962,NO,NO,UPI,Delhi
T8302,U061,2023-04-02,Expense,Food,8459,NO,NO,BANK TRANSFER,Hyderabad
T12112,U015,2021-08-28,Expense,Entertainment,3643,NO,NO,BANK TRANSFER,Pune
T0104,U010,2021-12-25,Expense,Bonus,6604,NO,NO,UPI,Unknown
T11733,U043,2021-01-05,Expense,Food,46192,NO,NO,UPI,Ahmedabad
T1745,U100,2024-09-29,Expense,Utilities,8910,NO,NO,CARD,Bangalore
T7854,U138,2022-01-06,Income,Rent,72181,NO,NO,CASH,Bangalore
T4412,U004,2024-10-25,Expense,Utilities,8765,NO,NO,BANK TRANSFER,Kolkata
T3471,U099,2024-08-12,Expense,Travel,2512,NO,NO,BANK TRANSFER,Lucknow
T10232,U068,2022-08-23,Income,Entertainment,55339,NO,NO,BANK TRANSFER,Ahmedabad
T13181,U049,2022-01-31,Expense,Savings,4203,NO,NO,CARD,Pune
T3217,U101,2021-04-16,Expense,Food,7022,NO,NO,UPI,Pune
T0725,U076,2023-11-04,Expense,Food,-1000,YES,NO,CASH,Mumbai
T13269,U101,2021-09-04,Expense,Travel,6342,NO,NO,UPI,Ahmedabad
T1951,U021,2023-11-21,Expense,Travel,0,NO,NO,UPI,Delhi
T7485,U134,2021-05-24,Expense,Education,4185,NO,NO,BANK TRANSFER,Lucknow
T7121,U018,2021-03-18,Expense,Food,9798,NO,NO,CASH,Chennai
T4168,U022,2023-08-04,Expense,Travel,1335,NO,NO,UPI,Jaipur
T10671,U097,2024-09-26,Expense,Food,1315,NO,NO,UPI,Mumbai
T3488,U103,2022-05-28,Expense,Education,1159,NO,NO,BANK TRANSFER,Jaipur
T13460,U029,2021-05-20,Expense,Entertainment,9628,NO,NO,UNKNOWN,Mumbai
T8183,U037,2024-03-13,Expense,Food,7170,NO,NO,CASH,Ahmedabad
T8697,U052,2023-04-09,Income,Bonus,37388,NO,NO,UPI,Delhi
T9994,U069,2022-03-29,Expense,Rent,1053,NO,NO,BANK TRANSFER,Lucknow
T11324,U073,2021-05-08,Expense,Rent,3802,NO,NO,BANK TRANSFER,Lucknow
T9070,U063,2022-10-25,Income,Food,14179,NO,NO,UPI,Hyderabad
T5760,U123,2024-07-30,Expense,Investment,4714,NO,NO,CARD,Unknown
T1318,U119,2023-02-26,Expense,Food,6178,NO,NO,CARD,Kolkata
T12972,U077,2021-01-02,Expense,Travel,5725,NO,NO,UPI,Lucknow
T3381,U124,2023-12-03,Expense,Savings,4680,NO,NO,CASH,Ahmedabad
T0158,U096,2021-06-23,Expense,Bonus,9403,NO,NO,UPI,Pune
T8944,U030,2022-08-28,Expense,Food,1204,NO,NO,BANK TRANSFER,Lucknow
T3071,U087,2021-02-12,Expense,Rent,6877,NO,NO,CARD,Mumbai
T2093,U113,2023-10-23,Expense,Rent,8262,NO,NO,BANK TRANSFER,Jaipur
T2374,U074,2024-07-28,Expense,Food,8965,NO,NO,UNKNOWN,Hyderabad
T4820,U043,2022-08-27,Expense,Rent,1206,NO,NO,CARD,Ahmedabad
T3110,U150,2024-09-13,Expense,Rent,5085,NO,NO,CASH,Chennai
T10962,U127,2022-08-25,Expense,Travel,49439,NO,NO,UNKNOWN,Pune
T9428,U013,2024-04-19,Expense,Travel,778,NO,NO,CASH,Kolkata
T0532,U107,2021-09-01,Expense,Rent,6234,NO,NO,UPI,Lucknow
T5281,U017,2022-12-02,Income,Rent,61240,NO,NO,UPI,Bangalore
T12034,U049,2024-08-07,Expense,Education,1917,NO,NO,UPI,Unknown
T8498,U105,2021-02-27,Expense,Food,8562,NO,NO,CASH,Chennai
T2719,U139,2021-10-14,Expense,Travel,9998,NO,NO,BANK TRANSFER,Mumbai
T13089,U019,2023-01-23,Expense,Entertainment,37094,NO,NO,UPI,Bangalore
T7749,U118,2024-03-20,Expense,Savings,7271,NO,NO,UPI,Chennai
T8422,U109,2021-10-06,Expense,Food,4968,NO,NO,UPI,Mumbai
T10414,U048,2024-05-03,Expense,Rent,2438,NO,NO,BANK TRANSFER,Delhi
T10070,U077,2024-09-24,Expense,Rent,9166,NO,NO,UPI,Kolkata
T8199,U022,2022-04-11,Expense,Travel,0,NO,NO,CASH,Chennai
T1833,U070,2024-07-03,Expense,Education,7584,NO,NO,CARD,Lucknow
T12167,U148,2022-05-25,Expense,Travel,3479,NO,NO,CARD,Lucknow
T1198,U036,2022-09-08,Income,Education,21870,NO,NO,UNKNOWN,Jaipur
T10840,U098,2023-11-11,Expense,Rent,2295,NO,NO,BANK TRANSFER,Kolkata
T11524,U138,2021-06-01,Expense,Rent,669,NO,NO,CASH,Unknown
T2666,U015,2022-03-23,Income,Travel,34009,NO,NO,BANK TRANSFER,Bangalore
T2550,U055,2022-12-03,Expense,Food,880,NO,NO,CARD,Pune
T6447,U017,2024-09-02,Expense,Entertainment,6243,NO,NO,CASH,Lucknow
T1506,U108,2023-08-13,Expense,Food,19545,NO,NO,UPI,Hyderabad
T0953,U100,2024-11-07,Expense,Travel,984,NO,NO,BANK TRANSFER,Chennai
T4264,U108,2024-04-11,Expense,Food,3797,NO,NO,CARD,Chennai
T12864,U060,2024-07-26,Expense,Food,32499,NO,NO,BANK TRANSFER,Delhi
T13579,U062,2021-08-17,Expense,Rent,913,NO,NO,CARD,Lucknow
T2967,U119,2023-04-09,Expense,Others,27404,NO,NO,CARD,Hyderabad
T2019,U120,2021-01-25,Income,Food,39406,NO,NO,BANK TRANSFER,Jaipur
T2267,U044,2022-08-23,Income,Food,55521,NO,NO,CARD,Unknown
T9527,U128,2024-06-11,Income,Food,11356,NO,NO,CARD,Jaipur
T3112,U111,2022-09-17,Expense,Entertainment,2533,NO,NO,CARD,Delhi
T9917,U048,2023-10-07,Expense,Salary,5633,NO,NO,UPI,Hyderabad
T1384,U044,2022-07-08,Expense,Food,1104,NO,NO,CARD,Mumbai
T2958,U031,2022-01-14,Expense,Utilities,9440,NO,NO,CARD,Hyderabad
T8142,U021,2023-12-06,Expense,Entertainment,5097,NO,NO,BANK TRANSFER,Hyderabad
T9587,U067,2021-01-02,Expense,Others,8117,NO,NO,CARD,Bangalore
T3550,U111,2023-11-13,Income,Education,30476,NO,NO,CASH,Kolkata
T11908,U131,2021-05-18,Expense,Rent,4093,NO,NO,CARD,Pune
T10162,U049,2022-04-19,Income,Rent,44695,NO,NO,CASH,Lucknow
T6320,U138,2023-01-31,Expense,Food,6719,NO,NO,UPI,Bangalore
T8226,U007,2022-10-13,Expense,Food,4042,NO,NO,BANK TRANSFER,Unknown
T5894,U104,2022-08-12,Expense,Travel,7670,NO,NO,UPI,Bangalore
T2333,U100,2024-01-24,Expense,Food,233,NO,NO,CASH,Chennai
T4957,U096,2022-02-19,Expense,Health,22666,NO,NO,CARD,Bangalore
T4805,U129,2022-11-04,Expense,Food,5020,NO,NO,UPI,Kolkata
T11367,U080,2024-04-03,Income,Education,44911,NO,NO,BANK TRANSFER,Lucknow
T2685,U103,2023-12-21,Expense,Food,7205,NO,NO,UPI,Chennai
T5348,U117,2022-04-03,Expense,Rent,2982,NO,NO,CASH,Kolkata
T0017,U027,2021-10-03,Income,Food,54942,NO,NO,UPI,Mumbai
T4684,U002,2021-12-22,Income,Rent,71558,NO,NO,UPI,Chennai
T10908,U062,2024-12-22,Expense,Rent,616,NO,NO,UPI,Mumbai
T0580,U053,2023-12-03,Expense,Food,2425,NO,NO,BANK TRANSFER,Unknown
T10787,U013,2021-10-26,Expense,Bonus,2310,NO,NO,BANK TRANSFER,Jaipur
T3992,U099,2024-08-31,Expense,Entertainment,9727,NO,NO,UPI,Ahmedabad
T3810,U119,2024-03-03,Expense,Rent,3815,NO,NO,BANK TRANSFER,Lucknow
T7320,U084,2024-01-03,Expense,Food,3106,NO,NO,BANK TRANSFER,Ahmedabad
T8158,U130,2024-12-21,Expense,Freelance,967,NO,NO,CARD,Bangalore
T10676,U132,2023-11-14,Expense,Utilities,5366,NO,NO,CASH,Mumbai
T1806,U094,2023-07-22,Expense,Food,2195,NO,NO,BANK TRANSFER,Ahmedabad
T13007,U026,2024-12-27,Expense,Utilities,767,NO,NO,CASH,Ahmedabad
T8973,U077,2023-10-26,Expense,Food,3557,NO,NO,CARD,Lucknow
T8206,U107,2021-01-31,Expense,Others,8791,NO,NO,UPI,Chennai
T2587,U071,2023-10-19,Expense,Rent,1667,NO,NO,UPI,Mumbai
T6345,U142,2023-01-11,Expense,Utilities,4409,NO,NO,UPI,Ahmedabad
T13216,U032,2024-11-12,Expense,Rent,3980,NO,NO,CARD,Mumbai
T8775,U059,2021-01-20,Expense,Rent,37161,NO,NO,CARD,Lucknow
T0605,U032,2023-02-13,Expense,Food,1353,NO,NO,BANK TRANSFER,Unknown
T0044,U127,2023-01-04,Expense,Uncategorised,1999,NO,NO,CASH,Mumbai
T2627,U059,2024-03-30,Expense,Education,6298,NO,NO,BANK TRANSFER,Lucknow
T4348,U041,2021-01-09,Income,Education,34601,NO,NO,CASH,Unknown
T6939,U014,2024-05-20,Expense,Entertainment,2946,NO,NO,CARD,Ahmedabad
T11050,U036,2022-09-10,Expense,Food,1418,NO,NO,CASH,Jaipur
T3828,U086,2024-05-13,Expense,Utilities,8925,NO,NO,CASH,Hyderabad
T3193,U137,2022-01-04,Expense,Others,4514,NO,NO,CARD,Lucknow
T4259,U031,2021-11-11,Expense,Travel,7863,NO,NO,UNKNOWN,Kolkata
T5423,U078,2023-11-24,Income,Rent,45035,NO,NO,CASH,Kolkata
T3119,U130,2022-10-01,Expense,Utilities,7605,NO,NO,UPI,Ahmedabad
T8198,U113,2022-06-30,Expense,Others,999999999,NO,YES,UNKNOWN,Hyderabad
T2773,U028,2023-04-04,Expense,Rent,2319,NO,NO,BANK TRANSFER,Jaipur
T6827,U142,2024-08-16,Expense,Education,6239,NO,NO,CARD,Unknown
T6005,U140,2023-05-31,Expense,Rent,3196,NO,NO,CARD,Jaipur
T4679,U015,2021-12-07,Income,Food,77377,NO,NO,CASH,Chennai
T12841,U113,2021-10-03,Expense,Investment,21432,NO,NO,CARD,Kolkata
T3131,U006,2023-12-07,Expense,Utilities,5789,NO,NO,BANK TRANSFER,Delhi
T12765,U142,2021-06-02,Expense,Travel,5777,NO,NO,CARD,Lucknow
T10270,U094,2022-12-29,Expense,Food,2122,NO,NO,CARD,Kolkata
T7835,U079,2021-10-29,Expense,Rent,6223,NO,NO,UPI,Delhi
T4263,U136,2022-08-26,Expense,Others,6135,NO,NO,CARD,Lucknow
T3378,U065,2021-03-23,Expense,Rent,8710,NO,NO,CARD,Jaipur
T1926,U058,2022-06-01,Expense,Travel,2892,NO,NO,UPI,Lucknow
T13748,U075,2023-01-05,Income,Health,76703,NO,NO,CARD,Bangalore
T2865,U089,2023-02-17,Expense,Freelance,9308,NO,NO,CASH,Hyderabad
T8833,U028,2021-09-29,Expense,Food,2703,NO,NO,BANK TRANSFER,Pune
T10271,U125,2022-11-03,Expense,Rent,3152,NO,NO,CARD,Delhi
T13043,U046,2023-07-05,Expense,Food,1547,NO,NO,UPI,Bangalore
T6416,U058,2021-07-21,Expense,Travel,5362,NO,NO,UPI,Bangalore
T7357,U114,2021-07-18,Expense,Freelance,7080,NO,NO,UPI,Lucknow
T9197,U091,2024-08-17,Expense,Utilities,9838,NO,NO,CARD,Mumbai
T1922,U026,2024-04-16,Expense,Food,23398,NO,NO,CARD,Pune
T2127,U012,2024-01-02,Expense,Others,976,NO,NO,CASH,Hyderabad
T1157,U129,2024-10-16,Expense,Food,3448,NO,NO,BANK TRANSFER,Unknown
T9387,U097,2024-04-18,Expense,Food,3928,NO,NO,UPI,Unknown
T3539,U097,2023-11-25,Expense,Travel,8706,NO,NO,CARD,Delhi
T9569,U003,2021-04-11,Expense,Rent,2586,NO,NO,UNKNOWN,Jaipur
T3629,U029,2021-05-08,Expense,Utilities,3970,NO,NO,CASH,Pune
T5221,U068,2024-02-28,Expense,Utilities,9449,NO,NO,CARD,Ahmedabad
T1477,U115,2021-02-26,Expense,Investment,2090,NO,NO,UNKNOWN,Lucknow
T6847,U088,2022-06-08,Expense,Travel,1656,NO,NO,CARD,Chennai
T7285,U032,2022-02-10,Income,Entertainment,44077,NO,NO,UPI,Bangalore
T2814,U069,2024-09-17,Expense,Freelance,268,NO,NO,BANK TRANSFER,Mumbai
T1399,U006,2021-06-20,Income,Rent,44024,NO,NO,BANK TRANSFER,Hyderabad
T10397,U029,2023-01-04,Expense,Food,1642,NO,NO,BANK TRANSFER,Jaipur
T5203,U137,2022-09-16,Expense,Education,4129,NO,NO,UPI,Unknown
T9616,U122,2022-08-09,Expense,Education,9971,NO,NO,CARD,Hyderabad
T10084,U089,2023-08-14,Income,Entertainment,12254,NO,NO,UPI,Lucknow
T8637,U083,2022-12-04,Expense,Rent,5485,NO,NO,UPI,Chennai
T13183,U149,2024-08-23,Expense,Education,7503,NO,NO,CARD,Pune
T8643,U072,2023-05-01,Income,Others,62410,NO,NO,CASH,Bangalore
T0085,U110,2023-06-29,Expense,Food,7226,NO,NO,CASH,Bangalore
T0359,U020,2024-01-03,Expense,Freelance,3800,NO,NO,CASH,Delhi
T8238,U050,2023-10-10,Income,Utilities,67247,NO,NO,UPI,Ahmedabad
T13377,U053,2024-12-04,Expense,Travel,18648,NO,NO,UNKNOWN,Kolkata
T8430,U102,2024-09-15,Income,Rent,45285,NO,NO,UPI,Mumbai
T13071,U099,2023-11-29,Expense,Salary,3069,NO,NO,CASH,Mumbai
T0694,U039,2022-02-10,Expense,Utilities,3212,NO,NO,CARD,Mumbai
T4710,U093,2021-11-14,Income,Food,52388,NO,NO,CARD,Jaipur
T0887,U011,2022-07-24,Expense,Travel,9501,NO,NO,CARD,Lucknow
T8606,U118,2023-11-29,Expense,Entertainment,8405,NO,NO,CARD,Bangalore
T4734,U019,2023-08-14,Expense,Food,40517,NO,NO,BANK TRANSFER,Delhi
T13206,U119,2021-01-16,Expense,Utilities,7714,NO,NO,CARD,Delhi
T5852,U117,2022-06-21,Expense,Rent,6701,NO,NO,BANK TRANSFER,Unknown
T11139,U144,2024-02-18,Expense,Rent,8407,NO,NO,CARD,Unknown
T10729,U128,2021-11-20,Expense,Travel,5021,NO,NO,CARD,Delhi
T4533,U002,2023-12-20,Expense,Travel,41360,NO,NO,CARD,Unknown
T9683,U060,2023-04-29,Expense,Entertainment,23271,NO,NO,CARD,Chennai
T8188,U145,2022-04-28,Expense,Entertainment,4822,NO,NO,CARD,Pune
T10988,U030,2022-08-26,Expense,Entertainment,7801,NO,NO,UPI,Unknown
T13570,U040,2024-05-15,Expense,Investment,1615,NO,NO,CARD,Pune
T4412,U051,2023-04-14,Expense,Investment,2612,NO,NO,CARD,Hyderabad
T11631,U034,2022-09-30,Expense,Utilities,43620,NO,NO,CASH,Lucknow
T10516,U145,2022-08-10,Expense,Entertainment,1348,NO,NO,CASH,Hyderabad
T0068,U114,2022-03-18,Expense,Education,9817,NO,NO,UNKNOWN,Lucknow
T1431,U112,2021-08-17,Expense,Rent,230,NO,NO,UPI,Unknown
T1630,U024,2023-04-28,Expense,Education,8663,NO,NO,CARD,Ahmedabad
T0660,U091,2021-10-14,Expense,Bonus,3517,NO,NO,CASH,Pune
T11876,U092,2024-10-27,Expense,Food,1574,NO,NO,CARD,Bangalore
T11519,U010,2024-06-26,Expense,Bonus,49647,NO,NO,CASH,Pune
T7652,U137,2024-12-16,Income,Health,71730,NO,NO,CARD,Pune
T9510,U022,2021-03-10,Expense,Travel,5202,NO,NO,UPI,Ahmedabad
T11766,U011,2021-08-07,Expense,Rent,6964,NO,NO,UPI,Mumbai
T0217,U143,2021-03-27,Expense,Savings,5733,NO,NO,CARD,Lucknow
T6310,U072,2024-03-01,Expense,Salary,0,NO,NO,CASH,Jaipur
T4447,U077,2021-05-26,Expense,Travel,2917,NO,NO,UPI,Hyderabad
T13829,U073,2022-10-27,Expense,Rent,2083,NO,NO,UPI,Hyderabad
T3069,U062,2021-12-29,Expense,Utilities,4428,NO,NO,BANK TRANSFER,Bangalore
T9390,U139,2022-11-19,Income,Food,77566,NO,NO,CARD,Delhi
T3198,U123,2023-12-14,Income,Travel,38153,NO,NO,CASH,Chennai
T4898,U082,2024-09-25,Expense,Rent,25936,NO,NO,BANK TRANSFER,Pune
T2183,U128,2021-08-26,Expense,Food,999999,NO,YES,UPI,Mumbai
T1636,U140,2022-04-20,Expense,Rent,5671,NO,NO,CASH,Kolkata
T12786,U055,2024-04-12,Expense,Travel,5736,NO,NO,CASH,Lucknow
T0366,U096,2021-08-20,Expense,Travel,2474,NO,NO,CASH,Unknown
T8329,U087,2022-06-12,Expense,Travel,25833,NO,NO,BANK TRANSFER,Mumbai
T0298,U148,2022-02-26,Expense,Misc,7222,NO,NO,CASH,Pune
T11675,U025,2022-08-03,Expense,Entertainment,21929,NO,NO,CASH,Chennai
T8782,U062,2022-02-06,Expense,Travel,47616,NO,NO,CASH,Hyderabad
T2640,U122,2022-10-21,Expense,Food,7311,NO,NO,CARD,Chennai
T9149,U035,2023-07-02,Expense,Food,3162,NO,NO,BANK TRANSFER,Ahmedabad
T1570,U106,2023-12-01,Expense,Utilities,2428,NO,NO,CASH,Bangalore
T7007,U127,2023-05-30,Expense,Travel,2381,NO,NO,CARD,Unknown
T4910,U131,2022-06-26,Expense,Education,7074,NO,NO,UPI,Chennai
T6538,U124,2022-08-15,Expense,Savings,1408,NO,NO,CASH,Kolkata
T2852,U142,2023-09-30,Expense,Food,9502,NO,NO,CARD,Pune
T1026,U045,2022-08-31,Income,Rent,77419,NO,NO,UPI,Delhi
T12288,U060,2023-09-02,Expense,Entertainment,7830,NO,NO,CASH,Kolkata
T6886,U096,2024-05-19,Expense,Travel,2174,NO,NO,BANK TRANSFER,Hyderabad
T6256,U104,2023-12-23,Expense,Utilities,3936,NO,NO,UPI,Chennai
T10425,U063,2021-12-16,Expense,Entertainment,3890,NO,NO,BANK TRANSFER,Hyderabad
T3773,U078,2024-06-25,Expense,Rent,9600,NO,NO,CARD,Unknown
T13121,U094,2021-09-16,Expense,Freelance,4390,NO,NO,CARD,Unknown
T8651,U140,2023-09-06,Expense,Travel,8116,NO,NO,CARD,Mumbai
T13479,U043,2022-09-15,Expense,Food,5389,NO,NO,UPI,Lucknow
T2382,U120,2024-08-19,Expense,Food,1210,NO,NO,CASH,Bangalore
T12457,U001,2024-12-06,Expense,Salary,252,NO,NO,CASH,Chennai
T11468,U067,2021-07-30,Expense,Food,1692,NO,NO,UPI,Bangalore
T2706,U142,2023-12-25,Expense,Food,6003,NO,NO,CARD,Ahmedabad
T0629,U048,2022-02-21,Expense,Education,0,NO,NO,CASH,Pune
T7259,U085,2021-01-04,Expense,Uncategorised,2288,NO,NO,BANK TRANSFER,Pune
T10159,U092,2021-09-19,Expense,Salary,43459,NO,NO,CASH,Unknown
T8325,U028,2023-04-14,Expense,Freelance,7166,NO,NO,UNKNOWN,Lucknow
T6319,U137,2022-05-19,Expense,Health,3897,NO,NO,UNKNOWN,Delhi
T6454,U109,2022-01-09,Expense,Food,8302,NO,NO,UPI,Hyderabad
T4361,U008,2023-03-19,Expense,Freelance,1002,NO,NO,BANK TRANSFER,Ahmedabad
T11913,U057,2024-04-15,Income,Investment,69466,NO,NO,UPI,Lucknow
T0916,U138,2022-05-25,Expense,Investment,38208,NO,NO,CASH,Kolkata
T5432,U150,2022-09-22,Income,Food,10325,NO,NO,BANK TRANSFER,Ahmedabad
T7064,U010,2024-01-03,Expense,Food,1426,NO,NO,CARD,Jaipur
T13028,U068,2021-12-21,Expense,Others,32339,NO,NO,CARD,Mumbai
T13635,U097,2023-01-05,Income,Travel,53893,NO,NO,CARD,Delhi
T0592,U091,2023-04-18,Expense,Education,3105,NO,NO,CASH,Lucknow
T12862,U068,2024-09-09,Expense,Food,3655,NO,NO,CASH,Pune
T3356,U079,2021-02-22,Expense,Food,2234,NO,NO,BANK TRANSFER,Bangalore
T4602,U019,2024-09-03,Expense,Entertainment,1509,NO,NO,UPI,Hyderabad
T5616,U107,2023-03-23,Income,Travel,77470,NO,NO,UPI,Ahmedabad
T5032,U014,2023-03-27,Expense,Rent,9553,NO,NO,CARD,Kolkata
T7490,U088,2023-08-29,Income,Food,73327,NO,NO,CARD,Mumbai
T11794,U051,2023-04-21,Income,Utilities,49033,NO,NO,UPI,Ahmedabad
T1853,U076,2024-01-28,Expense,Food,2590,NO,NO,BANK TRANSFER,Ahmedabad
T8027,U029,2022-01-16,Expense,Travel,4605,NO,NO,CASH,Kolkata
T9187,U138,2021-02-19,Expense,Food,28832,NO,NO,CASH,Delhi
T9006,U133,2022-08-17,Expense,Rent,3348,NO,NO,UPI,Chennai
T10832,U030,2023-11-17,Expense,Education,3367,NO,NO,UPI,Delhi
T7397,U056,2023-08-12,Expense,Travel,4030,NO,NO,UPI,Ahmedabad
T5812,U053,2022-10-05,Expense,Freelance,3462,NO,NO,UPI,Mumbai
T1903,U139,2023-12-04,Expense,Entertainment,5593,NO,NO,BANK TRANSFER,Delhi
T10506,U100,2023-01-13,Expense,Health,20865,NO,NO,UPI,Bangalore
T0222,U129,2023-03-24,Expense,Utilities,2399,NO,NO,CARD,Mumbai
T10612,U073,2021-01-07,Expense,Entertainment,5585,NO,NO,CASH,Lucknow
T6855,U046,2024-05-11,Expense,Others,2517,NO,NO,BANK TRANSFER,Hyderabad
T11823,U132,2022-09-09,Expense,Investment,5714,NO,NO,BANK TRANSFER,Kolkata
T1028,U138,2023-06-11,Expense,Uncategorised,1803,NO,NO,CASH,Kolkata
T11851,U110,2022-10-13,Expense,Food,6894,NO,NO,CARD,Lucknow
T10806,U149,2024-05-19,Expense,Rent,3802,NO,NO,UPI,Jaipur
T5548,U053,2022-09-07,Expense,Health,463,NO,NO,CARD,Hyderabad
T1188,U072,2024-11-21,Expense,Travel,5370,NO,NO,BANK TRANSFER,Lucknow
T5160,U090,2023-06-14,Expense,Rent,8738,NO,NO,UPI,Pune
T2355,U135,2021-07-05,Income,Health,19104,NO,NO,BANK TRANSFER,Mumbai
T4522,U085,2024-07-25,Expense,Rent,7385,NO,NO,UPI,Mumbai
T5588,U144,2024-03-26,Expense,Rent,4804,NO,NO,UPI,Bangalore
T3811,U026,2023-02-18,Expense,Entertainment,2305,NO,NO,BANK TRANSFER,Pune
T6029,U068,2023-06-12,Income,Utilities,563063,NO,YES,UNKNOWN,Unknown
T12355,U146,2022-06-01,Income,Uncategorised,48885,NO,NO,BANK TRANSFER,Delhi
T12569,U084,2022-01-06,Expense,Rent,7452,NO,NO,CARD,Delhi
T13484,U043,2022-11-09,Expense,Food,3135,NO,NO,BANK TRANSFER,Kolkata
T12294,U117,2023-01-14,Expense,Rent,3884,NO,NO,CARD,Mumbai
T7694,U058,2021-07-03,Expense,Investment,3974,NO,NO,CARD,Delhi
T8819,U054,2021-02-07,Expense,Travel,2121,NO,NO,UPI,Ahmedabad
T0416,U114,2022-12-24,Expense,Education,238,NO,NO,CASH,Kolkata
T6252,U091,2024-05-17,Expense,Travel,3385,NO,NO,UNKNOWN,Kolkata
T4269,U024,2021-03-22,Expense,Rent,1716,NO,NO,UPI,Kolkata
T6713,U057,2024-02-27,Expense,Entertainment,9275,NO,NO,CARD,Jaipur
T1440,U068,2024-12-21,Expense,Entertainment,8171,NO,NO,CARD,Lucknow
T13730,U027,2024-08-11,Expense,Food,32928,NO,NO,CARD,Delhi
T1907,U063,2023-04-02,Expense,Rent,6393,NO,NO,BANK TRANSFER,Chennai
T13418,U146,2022-04-20,Expense,Health,6139,NO,NO,CARD,Lucknow
T6952,U026,2024-02-16,Expense,Education,4545,NO,NO,CASH,Unknown
T0098,U082,2024-06-16,Expense,Rent,41891,NO,NO,CASH,Mumbai
T0847,U056,2022-04-13,Expense,Food,4097,NO,NO,CASH,Hyderabad
T0754,U066,2023-02-25,Expense,Food,28006,NO,NO,BANK TRANSFER,Delhi
T1852,U032,2021-10-11,Expense,Entertainment,5852,NO,NO,UPI,Ahmedabad
T7961,U074,2024-04-11,Expense,Freelance,999999,NO,YES,BANK TRANSFER,Ahmedabad
T2598,U118,2024-10-29,Income,Rent,21483,NO,NO,UPI,Jaipur
T3486,U050,2023-10-27,Expense,Food,260,NO,NO,CASH,Pune
T11506,U056,2023-02-20,Expense,Food,5968,NO,NO,UPI,Bangalore
T6832,U016,2022-03-02,Expense,Food,4880,NO,NO,CASH,Mumbai
T10356,U078,2024-06-24,Expense,Rent,7241,NO,NO,UNKNOWN,Mumbai
T4650,U047,2023-10-09,Expense,Rent,3071,NO,NO,CARD,Bangalore
T7210,U015,2023-12-14,Expense,Rent,8883,NO,NO,CARD,Kolkata
T8009,U090,2024-01-29,Expense,Food,8034,NO,NO,CASH,Unknown
T2599,U145,2024-03-30,Expense,Rent,9957,NO,NO,CARD,Mumbai
T0861,U023,2024-10-22,Expense,Bonus,4440,NO,NO,CARD,Bangalore
T9053,U021,2021-08-08,Expense,Others,15206,NO,NO,UPI,Unknown
T13033,U110,2024-08-26,Expense,Utilities,22146,NO,NO,CASH,Jaipur
T4956,U028,2023-02-28,Expense,Rent,2443,NO,NO,BANK TRANSFER,Bangalore
T4376,U078,2021-12-27,Expense,Food,707,NO,NO,CARD,Jaipur
T5793,U076,2023-09-18,Income,Food,38376,NO,NO,CARD,Mumbai
T9595,U104,2021-07-13,Expense,Rent,9321,NO,NO,UPI,Mumbai
T10923,U045,2022-09-04,Income,Entertainment,69740,NO,NO,CASH,Ahmedabad
T7084,U043,2024-04-08,Income,Education,29952,NO,NO,CARD,Chennai
T1355,U089,2021-07-05,Expense,Bonus,4069,NO,NO,CARD,Chennai
T3362,U026,2021-01-08,Expense,Travel,6970,NO,NO,CASH,Mumbai
T0868,U076,2022-05-21,Expense,Uncategorised,30649,NO,NO,CASH,Kolkata
T0763,U072,2022-12-01,Expense,Education,7799,NO,NO,CARD,Ahmedabad
T7995,U138,2023-02-28,Expense,Travel,2488,NO,NO,BANK TRANSFER,Bangalore
T8223,U136,2021-08-21,Expense,Rent,3353,NO,NO,CARD,Lucknow
T6336,U024,2022-12-14,Expense,Utilities,999999,NO,YES,BANK TRANSFER,Chennai
T9609,U023,2021-09-09,Expense,Travel,7719,NO,NO,CASH,Pune
T12712,U012,2022-12-02,Expense,Utilities,8580,NO,NO,CASH,Lucknow
T11153,U120,2021-04-30,Income,Food,28018,NO,NO,UPI,Ahmedabad
T7547,U058,2022-06-04,Expense,Salary,2499,NO,NO,CARD,Mumbai
T7032,U001,2021-06-14,Expense,Utilities,209,NO,NO,CARD,Lucknow
T13523,U057,2021-06-11,Expense,Freelance,8075,NO,NO,CARD,Lucknow
T12100,U137,2021-06-06,Expense,Travel,157,NO,NO,CASH,Bangalore
T1581,U098,2021-11-07,Expense,Rent,9415,NO,NO,CASH,Mumbai
T2033,U119,2021-08-29,Income,Utilities,32892,NO,NO,CASH,Chennai
T12408,U086,2021-05-09,Income,Entertainment,22487,NO,NO,CASH,Lucknow
T1088,U092,2022-12-20,Expense,Others,5337,NO,NO,CASH,Jaipur
T10917,U022,2021-11-09,Expense,Food,2979,NO,NO,CASH,Kolkata
T1019,U022,2021-04-07,Expense,Travel,9157,NO,NO,CASH,Ahmedabad
T3268,U099,2023-08-16,Income,Health,55020,NO,NO,BANK TRANSFER,Unknown
T2887,U005,2021-07-12,Expense,Utilities,1954,NO,NO,CARD,Bangalore
T6903,U129,2023-05-12,Income,Rent,40189,NO,NO,CASH,Jaipur
T6392,U004,2024-06-20,Expense,Travel,5012,NO,NO,BANK TRANSFER,Pune
T13244,U108,2023-12-16,Expense,Food,7489,NO,NO,UPI,Chennai
T4193,U145,2022-11-18,Expense,Rent,6540,NO,NO,CARD,Ahmedabad
T4192,U020,2023-07-28,Income,Others,26237,NO,NO,UPI,Pune
T4180,U033,2024-04-03,Expense,Travel,7489,NO,NO,CASH,Unknown
T2864,U065,2021-12-12,Expense,Food,0,NO,NO,UNKNOWN,Jaipur
T4940,U089,2022-12-31,Expense,Utilities,5439,NO,NO,CARD,Delhi
T13387,U018,2021-08-05,Expense,Education,2808,NO,NO,CASH,Mumbai
T11505,U073,2023-10-04,Expense,Food,8134,NO,NO,BANK TRANSFER,Ahmedabad
T1761,U096,2024-05-22,Income,Food,19068,NO,NO,UPI,Lucknow
T3859,U054,2023-06-06,Expense,Utilities,-1000,YES,NO,BANK TRANSFER,Lucknow
T10877,U050,2022-09-24,Expense,Education,2999,NO,NO,CARD,Lucknow
T10796,U085,2021-02-11,Expense,Utilities,1829,NO,NO,UPI,Ahmedabad
T2796,U084,2022-08-30,Expense,Utilities,6767,NO,NO,UPI,Delhi
T13991,U004,2021-12-15,Expense,Food,2408,NO,NO,UPI,Ahmedabad
T3476,U074,2022-03-15,Expense,Food,8496,NO,NO,BANK TRANSFER,Ahmedabad
T4630,U074,2021-12-20,Expense,Health,1827,NO,NO,CASH,Ahmedabad
T5862,U006,2023-06-03,Expense,Food,1121,NO,NO,CARD,Mumbai
T2143,U138,2022-10-26,Expense,Entertainment,4476,NO,NO,UPI,Pune
T3996,U012,2021-10-14,Expense,Travel,5187,NO,NO,BANK TRANSFER,Mumbai
T6479,U036,2024-08-27,Income,Travel,74820,NO,NO,UPI,Mumbai
T3080,U124,2024-04-04,Expense,Rent,8562,NO,NO,BANK TRANSFER,Unknown
T13219,U034,2024-02-11,Expense,Food,8778,NO,NO,UPI,Mumbai
T4169,U081,2024-11-27,Expense,Travel,9344,NO,NO,CASH,Jaipur
T4367,U076,2023-08-23,Expense,Entertainment,4217,NO,NO,CARD,Pune
T5505,U138,2022-12-17,Expense,Food,7840,NO,NO,BANK TRANSFER,Chennai
T3706,U026,2021-01-23,Expense,Health,6915,NO,NO,BANK TRANSFER,Mumbai
T5923,U077,2022-05-30,Expense,Rent,3745,NO,NO,CASH,Pune
T4095,U101,2021-07-10,Expense,Savings,9846,NO,NO,UPI,Delhi
T8884,U076,2024-06-22,Expense,Health,9268,NO,NO,CASH,Mumbai
T3929,U030,2021-05-09,Expense,Rent,173,NO,NO,CASH,Mumbai
T8874,U096,2024-12-29,Income,Food,58506,NO,NO,CASH,Ahmedabad
T1618,U131,2022-03-15,Expense,Entertainment,7954,NO,NO,BANK TRANSFER,Lucknow
T1343,U110,2024-01-04,Expense,Food,22541,NO,NO,CARD,Pune
T5141,U077,2023-04-01,Expense,Utilities,4471,NO,NO,CASH,Mumbai
T6274,U107,2022-01-18,Income,Utilities,75783,NO,NO,CARD,Mumbai
T2144,U060,2024-03-19,Expense,Travel,4885,NO,NO,UNKNOWN,Chennai
T3615,U143,2024-09-02,Expense,Freelance,1688,NO,NO,BANK TRANSFER,Delhi
T5128,U145,2024-02-29,Expense,Rent,7933,NO,NO,CARD,Jaipur
T2559,U137,2023-02-24,Income,Utilities,79217,NO,NO,CASH,Mumbai
T9521,U114,2024-07-09,Expense,Rent,3147,NO,NO,CARD,Unknown
T8167,U011,2022-12-24,Expense,Utilities,9496,NO,NO,UPI,Ahmedabad
T7936,U079,2023-10-22,Expense,Rent,46668,NO,NO,UPI,Bangalore
T8699,U023,2021-09-07,Expense,Food,2925,NO,NO,CARD,Jaipur
T0057,U068,2024-07-31,Expense,Education,41792,NO,NO,BANK TRANSFER,Delhi
T2459,U136,2024-08-15,Expense,Travel,37517,NO,NO,UPI,Mumbai
T4994,U076,2021-05-31,Expense,Others,6996,NO,NO,UPI,Pune
T9079,U016,2021-06-19,Expense,Rent,5645,NO,NO,CARD,Ahmedabad
T11452,U014,2024-01-21,Expense,Others,5072,NO,NO,BANK TRANSFER,Ahmedabad
T5056,U045,2022-04-29,Expense,Food,9753,NO,NO,CARD,Bangalore
T1277,U092,2024-05-23,Expense,Food,601,NO,NO,UPI,Pune
T1063,U116,2023-08-05,Expense,Education,4403,NO,NO,CARD,Bangalore
T5630,U147,2022-03-06,Expense,Others,2609,NO,NO,CASH,Hyderabad
T8837,U145,2023-07-23,Expense,Food,3898,NO,NO,CASH,Chennai
T0524,U034,2024-07-23,Expense,Rent,8872,NO,NO,BANK TRANSFER,Kolkata
T7566,U024,2022-01-31,Expense,Food,3937,NO,NO,BANK TRANSFER,Hyderabad
T11743,U042,2021-12-27,Expense,Entertainment,21814,NO,NO,UPI,Delhi
T3412,U078,2021-11-27,Expense,Education,38008,NO,NO,CARD,Mumbai
T12263,U055,2021-02-09,Expense,Food,6734,NO,NO,BANK TRANSFER,Kolkata
T3666,U124,2024-10-01,Expense,Food,6246,NO,NO,CASH,Jaipur
T11331,U002,2023-11-06,Expense,Travel,6273,NO,NO,CASH,Kolkata
T6425,U030,2024-12-24,Expense,Food,0,NO,NO,BANK TRANSFER,Unknown
T3406,U011,2021-12-03,Expense,Food,12686,NO,NO,CASH,Ahmedabad
T0834,U091,2023-12-14,Expense,Travel,2416,NO,NO,BANK TRANSFER,Delhi
T11951,U009,2022-11-29,Expense,Uncategorised,0,NO,NO,UPI,Unknown
T6779,U137,2021-10-29,Expense,Rent,1530,NO,NO,BANK TRANSFER,Lucknow
T12115,U024,2023-09-22,Expense,Education,8930,NO,NO,UPI,Kolkata
T11188,U026,2023-12-05,Expense,Entertainment,3191,NO,NO,CARD,Lucknow
T0521,U042,2024-03-26,Expense,Food,7853,NO,NO,CARD,Ahmedabad
T8419,U099,2023-01-26,Expense,Rent,3051,NO,NO,CASH,Delhi
T9297,U003,2024-10-15,Expense,Entertainment,4991,NO,NO,BANK TRANSFER,Bangalore
T3946,U032,2023-03-01,Expense,Travel,3445,NO,NO,UPI,Delhi
T1746,U126,2021-04-18,Expense,Entertainment,8488,NO,NO,BANK TRANSFER,Jaipur
T4509,U020,2024-11-22,Income,Utilities,42897,NO,NO,UPI,Chennai
T1197,U148,2022-01-18,Expense,Rent,2279,NO,NO,BANK TRANSFER,Kolkata
T3642,U116,2021-01-17,Expense,Others,4158,NO,NO,CASH,Pune
T11893,U115,2024-09-16,Expense,Education,6207,NO,NO,CASH,Hyderabad
T0701,U030,2021-05-15,Expense,Food,6723,NO,NO,BANK TRANSFER,Jaipur
T1991,U044,2024-05-14,Expense,Others,4715,NO,NO,CARD,Hyderabad
T6037,U089,2021-06-20,Income,Others,53725,NO,NO,BANK TRANSFER,Pune
T1323,U056,2023-12-26,Expense,Utilities,3593,NO,NO,UPI,Kolkata
T6292,U026,2021-07-30,Expense,Rent,8484,NO,NO,UPI,Mumbai
T12583,U135,2023-04-01,Expense,Travel,7204,NO,NO,CASH,Unknown
T13192,U041,2024-12-18,Income,Travel,73065,NO,NO,BANK TRANSFER,Pune
T12405,U021,2022-01-12,Expense,Rent,1133,NO,NO,UPI,Pune
T13614,U013,2024-04-14,Expense,Food,41024,NO,NO,CASH,Lucknow
T4675,U105,2024-09-24,Expense,Savings,47477,NO,NO,CASH,Delhi
T3520,U113,2022-03-10,Expense,Travel,2495,NO,NO,CASH,Kolkata
T2479,U092,2023-07-09,Expense,Entertainment,0,NO,NO,CARD,Bangalore
T13431,U042,2024-03-25,Expense,Food,174,NO,NO,CARD,Lucknow
T11187,U073,2023-12-28,Expense,Food,2362,NO,NO,UPI,Ahmedabad
T0900,U101,2021-11-01,Expense,Food,999999,NO,YES,BANK TRANSFER,Hyderabad
T2558,U075,2021-01-09,Expense,Rent,1720,NO,NO,CASH,Bangalore
T9461,U132,2022-05-25,Expense,Health,0,NO,NO,CASH,Mumbai
T2667,U003,2023-03-20,Expense,Entertainment,7880,NO,NO,BANK TRANSFER,Kolkata
T12519,U121,2024-05-18,Expense,Utilities,8471,NO,NO,CASH,Hyderabad
T6794,U105,2023-03-07,Expense,Investment,8875,NO,NO,UPI,Delhi
T8756,U126,2022-08-19,Expense,Travel,1572,NO,NO,UNKNOWN,Ahmedabad
T6574,U077,2022-07-17,Expense,Travel,1160,NO,NO,BANK TRANSFER,Delhi
T12057,U105,2021-08-08,Expense,Food,9865,NO,NO,UPI,Delhi
T11041,U071,2022-12-10,Income,Food,40907,NO,NO,UPI,Bangalore
T10066,U036,2024-01-18,Expense,Food,4892,NO,NO,UPI,Jaipur
T12126,U011,2022-02-09,Expense,Entertainment,9207,NO,NO,UPI,Mumbai
T0636,U005,2022-09-02,Expense,Travel,3295,NO,NO,CARD,Kolkata
T6586,U047,2021-04-23,Income,Food,30325,NO,NO,BANK TRANSFER,Chennai
T11360,U043,2022-11-20,Expense,Travel,7143,NO,NO,BANK TRANSFER,Ahmedabad
T12609,U060,2022-07-28,Expense,Education,6561,NO,NO,UPI,Pune
T11946,U081,2023-09-12,Expense,Utilities,4340,NO,NO,BANK TRANSFER,Hyderabad
T3583,U004,2023-12-09,Expense,Food,2419,NO,NO,CASH,Lucknow
T5134,U008,2022-09-05,Expense,Food,1060,NO,NO,CASH,Kolkata
T3793,U017,2023-06-24,Expense,Rent,1706,NO,NO,UPI,Jaipur
T12925,U099,2023-01-15,Expense,Investment,7206,NO,NO,UPI,Pune
T0339,U078,2023-12-12,Expense,Utilities,6808,NO,NO,BANK TRANSFER,Bangalore
T4285,U055,2023-11-02,Expense,Travel,43843,NO,NO,CASH,Delhi
T3098,U041,2021-08-04,Expense,Food,1900,NO,NO,UPI,Chennai
T7248,U078,2023-12-19,Expense,Utilities,6238,NO,NO,BANK TRANSFER,Ahmedabad
T13591,U065,2024-01-21,Income,Rent,63976,NO,NO,CARD,Bangalore
T6964,U111,2021-02-12,Expense,Utilities,6003,NO,NO,CASH,Hyderabad
T4185,U079,2024-09-05,Expense,Rent,5441,NO,NO,UPI,Bangalore
T6611,U110,2022-08-13,Expense,Salary,2745,NO,NO,UPI,Mumbai
T10268,U108,2024-04-14,Income,Rent,55221,NO,NO,UPI,Bangalore
T9042,U009,2022-01-22,Expense,Salary,2869,NO,NO,CASH,Jaipur
T10395,U124,2022-04-12,Expense,Rent,4442,NO,NO,CASH,Chennai
T2130,U006,2024-07-09,Expense,Entertainment,1204,NO,NO,BANK TRANSFER,Unknown
T5834,U148,2024-09-25,Income,Freelance,20252,NO,NO,UPI,Jaipur
T1986,U132,2022-05-08,Expense,Entertainment,7196,NO,NO,CARD,Delhi
T3523,U119,2023-09-22,Expense,Entertainment,557,NO,NO,UPI,Jaipur
T3617,U095,2023-12-22,Expense,Travel,1966,NO,NO,CARD,Hyderabad
T10888,U096,2024-01-05,Income,Education,56617,NO,NO,BANK TRANSFER,Delhi
T1635,U012,2023-07-01,Expense,Travel,4750,NO,NO,CASH,Unknown
T6593,U116,2023-04-05,Expense,Uncategorised,9969,NO,NO,BANK TRANSFER,Mumbai
T6497,U052,2024-07-13,Expense,Food,8986,NO,NO,CASH,Lucknow
T3233,U072,2024-12-16,Expense,Investment,4701,NO,NO,UPI,Pune
T8528,U138,2021-10-25,Income,Utilities,108891,NO,NO,CARD,Ahmedabad
T1273,U134,2024-09-03,Expense,Utilities,5000,NO,NO,CASH,Pune
T9419,U015,2023-09-19,Expense,Rent,5222,NO,NO,BANK TRANSFER,Unknown
T7876,U035,2021-10-10,Expense,Entertainment,6224,NO,NO,UPI,Pune
T4636,U111,2024-04-18,Expense,Rent,6684,NO,NO,UPI,Kolkata
T9759,U022,2024-11-30,Income,Food,45189,NO,NO,BANK TRANSFER,Pune
T7577,U121,2024-10-23,Expense,Investment,8540,NO,NO,CASH,Lucknow
T3980,U079,2021-03-11,Expense,Entertainment,5820,NO,NO,UPI,Lucknow
T10261,U093,2022-06-02,Expense,Food,3789,NO,NO,CARD,Lucknow
T4251,U048,2022-07-22,Income,Misc,36017,NO,NO,UPI,Chennai
T9600,U145,2021-09-04,Expense,Others,3754,NO,NO,BANK TRANSFER,Chennai
T9672,U038,2024-10-26,Expense,Salary,14320,NO,NO,CARD,Ahmedabad
T11680,U066,2021-03-29,Expense,Travel,8872,NO,NO,CASH,Ahmedabad
T7446,U137,2024-01-19,Expense,Food,4711,NO,NO,CARD,Lucknow
T12084,U066,2021-02-23,Income,Rent,34187,NO,NO,CASH,Delhi
T11674,U059,2022-02-26,Expense,Rent,8300,NO,NO,UPI,Bangalore
T12990,U049,2021-02-28,Expense,Rent,7982,NO,NO,BANK TRANSFER,Pune
T2273,U034,2024-08-11,Expense,Uncategorised,6261,NO,NO,CARD,Hyderabad
T10634,U080,2024-05-18,Expense,Investment,4088,NO,NO,BANK TRANSFER,Delhi
T2267,U148,2024-07-02,Expense,Education,7503,NO,NO,BANK TRANSFER,Pune
T5420,U070,2023-01-03,Income,Travel,41369,NO,NO,BANK TRANSFER,Chennai
T5350,U038,2023-02-14,Expense,Rent,1968,NO,NO,CARD,Jaipur
T1040,U058,2024-10-06,Expense,Education,9591,NO,NO,BANK TRANSFER,Pune
T10461,U022,2023-04-10,Expense,Freelance,646,NO,NO,CASH,Jaipur
T4723,U107,2022-07-19,Expense,Travel,7403,NO,NO,BANK TRANSFER,Pune
T2527,U128,2022-04-12,Expense,Rent,9448,NO,NO,CARD,Chennai
T12950,U119,2023-01-13,Income,Food,59520,NO,NO,CASH,Jaipur
T3202,U123,2021-05-24,Expense,Food,8352,NO,NO,CASH,Chennai
T10775,U077,2022-05-28,Expense,Investment,9354,NO,NO,UPI,Ahmedabad
T7723,U137,2023-02-24,Income,Travel,22802,NO,NO,CARD,Kolkata
T0208,U144,2024-08-18,Expense,Savings,869,NO,NO,UPI,Unknown
T0377,U073,2022-06-24,Expense,Education,2803,NO,NO,CARD,Ahmedabad
T9364,U142,2024-01-18,Expense,Utilities,3348,NO,NO,UNKNOWN,Jaipur
T6933,U083,2021-09-23,Expense,Freelance,9909,NO,NO,CASH,Mumbai
T8028,U061,2021-12-20,Expense,Education,751,NO,NO,BANK TRANSFER,Lucknow
T0347,U032,2022-02-25,Expense,Rent,23178,NO,NO,CARD,Delhi
T13455,U111,2024-11-17,Expense,Utilities,0,NO,NO,CARD,Jaipur
T12065,U031,2024-10-16,Expense,Travel,4973,NO,NO,UPI,Delhi
T11640,U019,2023-11-15,Income,Rent,51284,NO,NO,CASH,Jaipur
T11861,U136,2022-12-15,Expense,Rent,497,NO,NO,BANK TRANSFER,Delhi
T4343,U059,2021-01-09,Expense,Education,1437,NO,NO,BANK TRANSFER,Jaipur
T5049,U058,2022-06-13,Expense,Utilities,7397,NO,NO,UPI,Lucknow
T7664,U038,2021-07-29,Income,Education,71087,NO,NO,UPI,Lucknow
T0616,U144,2024-11-24,Expense,Food,-1000,YES,NO,UPI,Jaipur
T1294,U097,2024-10-18,Expense,Food,9925,NO,NO,CARD,Unknown
T4833,U001,2023-01-20,Expense,Uncategorised,9357,NO,NO,CASH,Lucknow
T6575,U136,2021-07-29,Expense,Health,6558,NO,NO,UPI,Jaipur
T8152,U058,2021-08-26,Expense,Travel,3477,NO,NO,BANK TRANSFER,Delhi
T7325,U057,2023-09-13,Expense,Travel,7229,NO,NO,CASH,Kolkata
T1210,U048,2023-05-06,Expense,Food,7758,NO,NO,CASH,Kolkata
T5609,U086,2021-09-02,Expense,Utilities,7003,NO,NO,BANK TRANSFER,Unknown
T12578,U093,2024-05-08,Expense,Rent,8108,NO,NO,CASH,Jaipur
T12146,U098,2023-02-09,Expense,Rent,3102,NO,NO,UPI,Pune
T3827,U144,2023-03-24,Expense,Travel,4734,NO,NO,BANK TRANSFER,Chennai
T11292,U030,2021-05-18,Expense,Food,141,NO,NO,CARD,Pune
T1233,U026,2021-02-10,Expense,Travel,6457,NO,NO,CASH,Bangalore
T6653,U147,2023-03-07,Income,Travel,39182,NO,NO,UNKNOWN,Pune
T3405,U053,2023-08-26,Income,Education,48969,NO,NO,CARD,Chennai
T13363,U086,2021-12-05,Expense,Investment,4088,NO,NO,UNKNOWN,Hyderabad
T6165,U105,2021-05-14,Expense,Travel,138,NO,NO,BANK TRANSFER,Hyderabad
T10802,U106,2024-10-26,Expense,Travel,5388,NO,NO,BANK TRANSFER,Bangalore
T6535,U075,2024-09-18,Expense,Rent,9069,NO,NO,CASH,Mumbai
T12593,U051,2023-06-05,Expense,Health,8010,NO,NO,UPI,Lucknow
T8834,U069,2024-05-03,Expense,Travel,8326,NO,NO,UPI,Hyderabad
T5470,U072,2021-07-06,Income,Health,77877,NO,NO,CARD,Delhi
T5213,U031,2021-03-31,Expense,Food,4266,NO,NO,UPI,Pune
T9219,U136,2023-11-02,Income,Travel,67640,NO,NO,UNKNOWN,Pune
T2290,U109,2022-06-05,Expense,Food,1621,NO,NO,UNKNOWN,Bangalore
T0646,U006,2024-09-01,Expense,Utilities,4020,NO,NO,UPI,Mumbai
T2414,U125,2022-08-09,Expense,Travel,7609,NO,NO,UPI,Mumbai
T12032,U054,2021-08-06,Expense,Education,8807,NO,NO,CASH,Kolkata
T4681,U099,2021-10-30,Expense,Bonus,8919,NO,NO,CARD,Delhi
T7228,U054,2022-12-11,Income,Health,62909,NO,NO,CASH,Mumbai
T4646,U081,2021-09-29,Expense,Salary,6999,NO,NO,CARD,Ahmedabad
T12412,U083,2022-10-21,Expense,Entertainment,27147,NO,NO,UPI,Hyderabad
T8475,U019,2023-03-21,Expense,Rent,2331,NO,NO,BANK TRANSFER,Hyderabad
T5238,U100,2021-06-16,Expense,Food,3045,NO,NO,CASH,Lucknow
T10171,U059,2022-09-05,Expense,Rent,7358,NO,NO,BANK TRANSFER,Delhi
T4045,U056,2021-10-05,Expense,Food,6126,NO,NO,CASH,Chennai
T12319,U111,2021-07-21,Expense,Food,3306,NO,NO,BANK TRANSFER,Hyderabad
T5178,U109,2021-06-08,Expense,Food,0,NO,NO,BANK TRANSFER,Kolkata
T11194,U087,2021-04-07,Expense,Rent,1799,NO,NO,CASH,Kolkata
T9832,U104,2021-10-10,Expense,Utilities,5435,NO,NO,UPI,Mumbai
T8823,U015,2022-07-02,Expense,Freelance,3802,NO,NO,UNKNOWN,Jaipur
T11701,U046,2021-04-05,Expense,Rent,7299,NO,NO,BANK TRANSFER,Hyderabad
T8100,U100,2021-07-23,Expense,Food,7411,NO,NO,UPI,Chennai
T13809,U079,2023-09-29,Expense,Others,1137,NO,NO,BANK TRANSFER,Unknown
T7896,U018,2024-07-04,Expense,Utilities,3801,NO,NO,CARD,Lucknow
T1217,U033,2023-12-13,Expense,Entertainment,2426,NO,NO,CASH,Kolkata
T0639,U048,2024-10-07,Expense,Education,6771,NO,NO,UPI,Hyderabad
T13864,U149,2023-03-21,Expense,Utilities,6114,NO,NO,UPI,Kolkata
T0820,U041,2024-05-02,Expense,Utilities,7392,NO,NO,CASH,Pune
T6964,U139,2023-06-02,Expense,Travel,9202,NO,NO,CARD,Hyderabad
T9463,U096,2021-11-22,Expense,Education,3515,NO,NO,CASH,Bangalore
T9278,U099,2023-02-09,Expense,Freelance,19655,NO,NO,CASH,Lucknow
T12243,U148,2022-08-30,Expense,Travel,4077,NO,NO,CASH,Delhi
T7371,U024,2021-06-02,Expense,Utilities,8405,NO,NO,CARD,Lucknow
T0769,U005,2021-07-06,Expense,Entertainment,4133,NO,NO,CARD,Kolkata
T7068,U047,2024-10-06,Expense,Food,589,NO,NO,UPI,Hyderabad
T13091,U052,2022-05-19,Expense,Others,6977,NO,NO,BANK TRANSFER,Pune
T1370,U138,2023-03-05,Income,Travel,40320,NO,NO,CARD,Chennai
T6819,U038,2022-07-18,Expense,Bonus,3203,NO,NO,CARD,Delhi
T9874,U004,2023-05-01,Expense,Rent,2238,NO,NO,CASH,Kolkata
T1972,U070,2023-10-29,Income,Food,559177,NO,YES,CARD,Ahmedabad
T1227,U114,2021-01-06,Expense,Rent,758,NO,NO,CASH,Bangalore
T13716,U101,2021-07-15,Expense,Travel,7799,NO,NO,UPI,Delhi
T12009,U048,2021-03-30,Expense,Education,3445,NO,NO,CASH,Delhi
T6391,U144,2022-03-29,Expense,Food,2411,NO,NO,CARD,Bangalore
T2410,U017,2021-03-18,Income,Savings,41742,NO,NO,CASH,Bangalore
T8809,U143,2022-06-21,Income,Investment,64688,NO,NO,CARD,Hyderabad
T5351,U090,2024-06-24,Expense,Food,7134,NO,NO,CARD,Lucknow
T12873,U030,2022-07-22,Expense,Savings,744,NO,NO,CARD,Jaipur
T13555,U132,2024-01-02,Income,Entertainment,39256,NO,NO,UNKNOWN,Pune
T2957,U103,2024-01-03,Income,Food,37602,NO,NO,CARD,Kolkata
T5828,U018,2024-05-18,Income,Rent,43742,NO,NO,BANK TRANSFER,Kolkata
T3798,U058,2021-03-08,Expense,Utilities,-1000,YES,NO,UPI,Chennai
T5254,U094,2024-05-13,Expense,Entertainment,5035,NO,NO,UPI,Unknown
T11914,U108,2024-02-03,Expense,Freelance,8929,NO,NO,UPI,Hyderabad
T13841,U037,2023-06-15,Expense,Food,9520,NO,NO,BANK TRANSFER,Mumbai
T3861,U062,2023-06-01,Expense,Travel,0,NO,NO,CARD,Delhi
T3142,U143,2023-09-29,Expense,Health,2505,NO,NO,CARD,Lucknow
T2560,U061,2024-02-15,Expense,Travel,2400,NO,NO,UPI,Pune
T8076,U069,2021-02-09,Income,Food,46810,NO,NO,UNKNOWN,Kolkata
T11257,U020,2022-12-05,Expense,Travel,7165,NO,NO,CARD,Mumbai
T12858,U062,2021-07-23,Expense,Travel,1809,NO,NO,BANK TRANSFER,Jaipur
T5929,U119,2024-10-27,Expense,Food,8007,NO,NO,UPI,Bangalore
T11737,U117,2023-05-01,Expense,Rent,2341,NO,NO,BANK TRANSFER,Mumbai
T4965,U030,2021-01-07,Expense,Entertainment,8361,NO,NO,CASH,Jaipur
T4247,U118,2021-08-12,Expense,Education,1582,NO,NO,CASH,Lucknow
T5447,U052,2021-10-11,Expense,Rent,2212,NO,NO,BANK TRANSFER,Lucknow
T1413,U133,2021-08-15,Expense,Education,1690,NO,NO,CASH,Mumbai
T7469,U107,2024-02-21,Expense,Rent,559,NO,NO,CASH,Lucknow
T9834,U099,2021-06-05,Expense,Health,37244,NO,NO,UPI,Hyderabad
T1313,U004,2023-04-06,Expense,Utilities,7485,NO,NO,CASH,Delhi
T5224,U035,2021-06-08,Expense,Others,1432,NO,NO,CASH,Hyderabad
T6874,U148,2021-02-28,Income,Rent,18437,NO,NO,BANK TRANSFER,Unknown
T10662,U086,2023-07-17,Expense,Travel,5602,NO,NO,CASH,Kolkata
T13436,U150,2022-05-13,Expense,Food,9279,NO,NO,CASH,Jaipur
T2805,U036,2023-11-06,Expense,Travel,1872,NO,NO,CARD,Unknown
T11148,U085,2021-02-13,Expense,Salary,5866,NO,NO,CARD,Delhi
T5468,U024,2024-04-11,Income,Utilities,44840,NO,NO,BANK TRANSFER,Ahmedabad
T13240,U115,2021-06-08,Income,Rent,45886,NO,NO,BANK TRANSFER,Bangalore
T11618,U011,2024-11-09,Expense,Rent,8800,NO,NO,UPI,Kolkata
T7401,U119,2024-06-21,Expense,Investment,1454,NO,NO,UPI,Delhi
T8782,U062,2022-02-06,Expense,Food,47616,NO,NO,CASH,Hyderabad
T12670,U045,2021-12-14,Expense,Utilities,506,NO,NO,CARD,Jaipur
T2176,U150,2021-11-08,Expense,Savings,9120,NO,NO,CARD,Mumbai
T10746,U055,2023-12-16,Expense,Food,239,NO,NO,BANK TRANSFER,Bangalore
T8594,U100,2022-10-10,Expense,Entertainment,1302,NO,NO,CARD,Hyderabad
T5711,U025,2022-10-26,Expense,Rent,8037,NO,NO,UPI,Pune
T7541,U117,2022-04-12,Expense,Rent,1729,NO,NO,UPI,Chennai
T11115,U053,2023-03-19,Expense,Travel,3964,NO,NO,CARD,Delhi
T12857,U021,2022-07-05,Expense,Education,2478,NO,NO,BANK TRANSFER,Mumbai
T4026,U087,2023-12-29,Expense,Entertainment,8191,NO,NO,CASH,Lucknow
T8987,U056,2024-01-27,Expense,Food,39552,NO,NO,BANK TRANSFER,Bangalore
T8105,U098,2024-10-21,Expense,Food,2128,NO,NO,CARD,Delhi
T13059,U103,2022-05-31,Expense,Savings,2128,NO,NO,BANK TRANSFER,Pune
T2690,U069,2022-10-04,Income,Rent,71232,NO,NO,BANK TRANSFER,Kolkata
T9553,U079,2024-06-20,Expense,Salary,1806,NO,NO,CASH,Lucknow
T1271,U010,2024-02-25,Expense,Savings,9017,NO,NO,CASH,Delhi
T12184,U089,2024-08-26,Expense,Rent,5134,NO,NO,BANK TRANSFER,Kolkata
T13652,U118,2023-11-28,Expense,Rent,1969,NO,NO,CASH,Pune
T7078,U106,2023-08-12,Expense,Uncategorised,3505,NO,NO,UPI,Hyderabad
T5931,U125,2023-04-18,Expense,Food,3462,NO,NO,CARD,Jaipur
T10633,U117,2022-12-20,Expense,Travel,999999,NO,YES,CASH,Jaipur
T2978,U005,2021-05-16,Expense,Food,49351,NO,NO,CARD,Chennai
T5469,U017,2021-07-26,Expense,Rent,3500,NO,NO,BANK TRANSFER,Pune
T10127,U119,2022-06-03,Expense,Travel,4130,NO,NO,UPI,Jaipur
T2045,U072,2023-10-10,Expense,Others,9658,NO,NO,BANK TRANSFER,Ahmedabad
T6122,U002,2022-11-23,Expense,Food,4312,NO,NO,CARD,Chennai
T1823,U047,2021-10-01,Expense,Bonus,3479,NO,NO,CARD,Hyderabad
T13481,U047,2023-10-28,Expense,Entertainment,1537,NO,NO,CARD,Jaipur
T0229,U010,2023-12-25,Expense,Savings,8935,NO,NO,BANK TRANSFER,Mumbai
T1877,U004,2024-04-08,Income,Food,33899,NO,NO,UPI,Delhi
T13537,U062,2022-08-25,Expense,Rent,13219,NO,NO,UPI,Chennai
T3605,U039,2023-03-15,Expense,Entertainment,4416,NO,NO,CARD,Kolkata
T12639,U119,2022-06-15,Expense,Savings,3650,NO,NO,BANK TRANSFER,Lucknow
T4826,U074,2024-04-07,Expense,Rent,805,NO,NO,CASH,Bangalore
T10690,U087,2023-08-26,Expense,Travel,999999999,NO,YES,CASH,Jaipur
T0399,U081,2021-01-17,Income,Uncategorised,36887,NO,NO,BANK TRANSFER,Pune
T13535,U116,2022-04-05,Expense,Rent,26977,NO,NO,UPI,Mumbai
T8432,U136,2022-04-16,Expense,Food,9179,NO,NO,BANK TRANSFER,Chennai
T7719,U082,2023-09-03,Expense,Utilities,4510,NO,NO,BANK TRANSFER,Lucknow
T13154,U107,2024-03-19,Expense,Food,44603,NO,NO,BANK TRANSFER,Bangalore
T12856,U046,2022-08-13,Income,Travel,68852,NO,NO,CARD,Mumbai
T5627,U094,2023-06-13,Income,Travel,21658,NO,NO,CASH,Mumbai
T12222,U149,2024-01-03,Expense,Rent,0,NO,NO,CASH,Kolkata
T2739,U134,2022-08-06,Expense,Freelance,2837,NO,NO,BANK TRANSFER,Mumbai
T0669,U054,2023-09-29,Expense,Rent,1587,NO,NO,CASH,Unknown
T0990,U084,2022-06-22,Expense,Utilities,1301,NO,NO,CASH,Kolkata
T0470,U038,2024-12-10,Expense,Food,42615,NO,NO,BANK TRANSFER,Hyderabad
T12924,U035,2021-01-25,Expense,Freelance,8065,NO,NO,CARD,Ahmedabad
T9466,U116,2023-01-30,Expense,Savings,7428,NO,NO,UPI,Delhi
T12035,U049,2024-11-04,Expense,Food,9674,NO,NO,UPI,Jaipur
T5557,U012,2024-07-10,Income,Entertainment,477966,NO,NO,BANK TRANSFER,Chennai
T8864,U068,2022-02-21,Expense,Utilities,2308,NO,NO,CASH,Lucknow
T2209,U018,2024-01-21,Expense,Food,6636,NO,NO,CASH,Mumbai
T13210,U031,2024-07-25,Expense,Rent,7448,NO,NO,CARD,Mumbai
T11454,U024,2022-11-08,Expense,Travel,2214,NO,NO,UPI,Mumbai
T5252,U035,2023-03-14,Expense,Rent,44708,NO,NO,BANK TRANSFER,Mumbai
T10727,U062,2023-06-07,Expense,Food,1419,NO,NO,CARD,Chennai
T6211,U068,2024-07-16,Expense,Food,2769,NO,NO,UPI,Bangalore
T4388,U082,2023-10-05,Expense,Food,7538,NO,NO,CARD,Jaipur
T6775,U069,2022-02-11,Expense,Utilities,9571,NO,NO,CASH,Chennai
T7518,U107,2023-07-06,Income,Education,77201,NO,NO,UPI,Jaipur
T12827,U045,2023-11-03,Expense,Uncategorised,8775,NO,NO,CARD,Delhi
T6381,U107,2023-10-29,Income,Uncategorised,13567,NO,NO,CARD,Kolkata
T12157,U058,2022-03-18,Expense,Food,5850,NO,NO,BANK TRANSFER,Jaipur
T0247,U075,2024-05-24,Expense,Travel,8635,NO,NO,CASH,Kolkata
T9239,U088,2024-08-28,Expense,Salary,1973,NO,NO,UPI,Lucknow
T0629,U048,2022-02-21,Expense,Travel,0,NO,NO,CASH,Pune
T0077,U121,2022-02-02,Income,Rent,75916,NO,NO,CARD,Kolkata
T0319,U005,2021-06-15,Expense,Rent,2374,NO,NO,CARD,Kolkata
T0954,U069,2021-06-20,Income,Savings,56837,NO,NO,CARD,Mumbai
T12636,U028,2021-01-05,Expense,Education,4868,NO,NO,CASH,Hyderabad
T2231,U131,2022-08-29,Expense,Education,9872,NO,NO,CARD,Lucknow
T13701,U096,2024-10-01,Expense,Utilities,5920,NO,NO,BANK TRANSFER,Mumbai
T8274,U131,2022-03-23,Expense,Travel,3366,NO,NO,CASH,Jaipur
T8927,U010,2023-09-05,Expense,Food,3308,NO,NO,UPI,Pune
T10993,U066,2024-10-25,Expense,Utilities,6534,NO,NO,UNKNOWN,Ahmedabad
T12904,U085,2021-06-26,Expense,Rent,4395,NO,NO,BANK TRANSFER,Pune
T9050,U046,2021-03-28,Income,Rent,42834,NO,NO,UPI,Delhi
T6163,U098,2021-10-04,Expense,Food,7802,NO,NO,UPI,Hyderabad
T5059,U077,2023-09-16,Expense,Travel,1200,NO,NO,BANK TRANSFER,Pune
T9092,U102,2023-09-14,Expense,Food,5358,NO,NO,CARD,Ahmedabad
T3964,U136,2023-04-18,Expense,Travel,7292,NO,NO,CARD,Delhi
T1070,U127,2024-03-02,Expense,Travel,1845,NO,NO,BANK TRANSFER,Hyderabad
T4799,U115,2024-08-21,Expense,Freelance,6796,NO,NO,CASH,Pune
T7190,U014,2023-01-20,Expense,Food,1191,NO,NO,CARD,Chennai
T0609,U124,2021-06-16,Expense,Bonus,2755,NO,NO,CASH,Ahmedabad
T4392,U041,2024-10-12,Expense,Travel,3702,NO,NO,CARD,Delhi
T1716,U135,2022-07-21,Expense,Travel,4602,NO,NO,CARD,Kolkata
T4709,U083,2022-02-08,Expense,Education,6089,NO,NO,BANK TRANSFER,Hyderabad
T7197,U107,2023-08-14,Expense,Rent,20647,NO,NO,CARD,Jaipur
T6822,U091,2024-02-02,Expense,Education,4851,NO,NO,BANK TRANSFER,Hyderabad
T10166,U136,2021-11-25,Expense,Entertainment,3884,NO,NO,CARD,Kolkata
T9184,U122,2022-03-08,Expense,Food,1899,NO,NO,UPI,Mumbai
T7172,U120,2023-06-23,Expense,Rent,3858,NO,NO,CARD,Lucknow
T4786,U009,2021-02-21,Expense,Education,4085,NO,NO,UNKNOWN,Lucknow
T9458,U130,2022-03-14,Expense,Food,4731,NO,NO,CARD,Pune
T3350,U076,2022-01-31,Expense,Rent,-1000,YES,NO,BANK TRANSFER,Delhi
T3453,U074,2023-12-19,Expense,Travel,45898,NO,NO,BANK TRANSFER,Jaipur
T4497,U115,2024-03-01,Expense,Travel,2706,NO,NO,BANK TRANSFER,Chennai
T0323,U084,2024-10-18,Expense,Rent,6859,NO,NO,BANK TRANSFER,Pune
T10732,U096,2023-03-27,Expense,Rent,2985,NO,NO,UNKNOWN,Mumbai
T3716,U080,2024-03-31,Expense,Entertainment,2392,NO,NO,UPI,Pune
T6946,U112,2023-01-15,Expense,Entertainment,8336,NO,NO,CASH,Lucknow
T12373,U001,2023-12-02,Expense,Food,2100,NO,NO,UNKNOWN,Pune
T5204,U058,2023-09-12,Expense,Freelance,1437,NO,NO,CASH,Jaipur
T3154,U096,2022-10-10,Expense,Food,9525,NO,NO,BANK TRANSFER,Lucknow
T6456,U108,2023-11-24,Expense,Others,4259,NO,NO,UPI,Mumbai
T12627,U039,2023-02-16,Expense,Food,8176,NO,NO,UPI,Mumbai
T10921,U080,2021-10-02,Expense,Investment,4042,NO,NO,BANK TRANSFER,Pune
T12892,U092,2024-04-09,Expense,Bonus,2610,NO,NO,CASH,Lucknow
T11529,U130,2022-04-13,Expense,Food,0,NO,NO,UPI,Kolkata
T3285,U001,2024-07-14,Expense,Rent,8396,NO,NO,CARD,Chennai
T12318,U094,2022-06-01,Expense,Entertainment,882,NO,NO,UPI,Bangalore
T7975,U117,2023-03-04,Income,Food,79476,NO,NO,BANK TRANSFER,Chennai
T13866,U008,2021-12-14,Expense,Salary,26709,NO,NO,UPI,Jaipur
T13503,U140,2023-10-18,Expense,Food,9910,NO,NO,CASH,Mumbai
T12704,U123,2022-09-30,Expense,Rent,4125,NO,NO,CASH,Ahmedabad
T10119,U030,2022-06-21,Expense,Others,4413,NO,NO,UPI,Bangalore
T13404,U125,2024-10-09,Expense,Education,35757,NO,NO,CASH,Jaipur
T2137,U019,2021-11-01,Expense,Food,1749,NO,NO,UPI,Kolkata
T9825,U139,2021-05-01,Expense,Food,999999,NO,YES,UPI,Chennai
T13991,U004,2021-12-15,Expense,Rent,2408,NO,NO,UPI,Ahmedabad
T13345,U093,2023-02-06,Expense,Bonus,6358,NO,NO,UNKNOWN,Hyderabad
T1540,U059,2022-12-05,Income,Entertainment,32912,NO,NO,BANK TRANSFER,Lucknow
T12746,U044,2023-12-17,Expense,Utilities,7834,NO,NO,UPI,Chennai
T9416,U070,2022-03-16,Expense,Others,8236,NO,NO,CASH,Ahmedabad
T8734,U055,2021-12-30,Expense,Bonus,2700,NO,NO,BANK TRANSFER,Chennai
T13333,U024,2022-06-02,Expense,Entertainment,4453,NO,NO,CASH,Pune
T10615,U072,2023-01-22,Expense,Food,5245,NO,NO,UNKNOWN,Pune
T13171,U091,2021-12-04,Expense,Food,3775,NO,NO,CARD,Kolkata
T7003,U085,2021-01-18,Expense,Travel,41499,NO,NO,CASH,Hyderabad
T5580,U120,2021-05-14,Expense,Entertainment,7366,NO,NO,CASH,Kolkata
T8236,U125,2021-07-09,Expense,Salary,8567,NO,NO,CARD,Hyderabad
T12781,U116,2023-12-29,Expense,Food,556,NO,NO,CARD,Delhi
T2144,U060,2024-03-19,Expense,Entertainment,4885,NO,NO,UNKNOWN,Chennai
T3056,U126,2024-04-26,Expense,Education,3356,NO,NO,UPI,Hyderabad
T2315,U100,2021-03-02,Expense,Savings,2318,NO,NO,CASH,Delhi
T12546,U123,2024-09-21,Expense,Travel,4028,NO,NO,UPI,Delhi
T2660,U024,2022-02-04,Expense,Food,0,NO,NO,BANK TRANSFER,Kolkata
T0878,U113,2022-08-23,Expense,Rent,8542,NO,NO,UPI,Delhi
T6901,U097,2022-10-02,Expense,Education,2815,NO,NO,UPI,Ahmedabad
T12130,U069,2022-11-24,Expense,Rent,9948,NO,NO,UPI,Delhi
T13536,U038,2022-05-16,Expense,Travel,2027,NO,NO,UPI,Hyderabad
T2121,U075,2023-10-23,Expense,Rent,1318,NO,NO,BANK TRANSFER,Mumbai
T3745,U034,2024-09-21,Expense,Utilities,3551,NO,NO,UPI,Bangalore
T4313,U129,2021-02-15,Expense,Savings,7725,NO,NO,CARD,Pune
T8227,U072,2023-11-24,Expense,Investment,-1000,YES,NO,BANK TRANSFER,Mumbai
T7261,U109,2024-12-01,Expense,Education,713,NO,NO,UPI,Mumbai
T5194,U147,2022-11-01,Expense,Food,7566,NO,NO,UPI,Hyderabad
T5589,U078,2022-06-23,Expense,Salary,3347,NO,NO,CARD,Delhi
T6200,U086,2024-10-27,Expense,Health,9188,NO,NO,BANK TRANSFER,Lucknow
T12653,U029,2022-04-08,Expense,Travel,8225,NO,NO,BANK TRANSFER,Bangalore
T4206,U115,2021-07-30,Expense,Investment,6511,NO,NO,CASH,Kolkata
T7990,U056,2021-03-26,Expense,Rent,3307,NO,NO,UPI,Mumbai
T1349,U026,2022-05-05,Expense,Rent,3125,NO,NO,BANK TRANSFER,Hyderabad
T10614,U129,2024-08-19,Income,Utilities,31314,NO,NO,CARD,Bangalore
T1450,U146,2021-09-05,Expense,Others,280,NO,NO,CARD,Pune
T3143,U025,2023-05-01,Expense,Uncategorised,6779,NO,NO,CASH,Delhi
T1592,U021,2023-10-20,Expense,Health,3064,NO,NO,BANK TRANSFER,Jaipur
T9514,U085,2021-07-02,Expense,Investment,2717,NO,NO,BANK TRANSFER,Delhi
T1115,U121,2021-09-04,Expense,Entertainment,7888,NO,NO,CASH,Jaipur
T0510,U128,2023-10-06,Expense,Education,8733,NO,NO,CASH,Chennai
T10060,U076,2023-09-11,Expense,Others,5507,NO,NO,CASH,Jaipur
T11195,U129,2023-03-06,Expense,Rent,6960,NO,NO,BANK TRANSFER,Kolkata
T12393,U004,2024-06-17,Expense,Others,2083,NO,NO,BANK TRANSFER,Lucknow
T5452,U003,2024-05-09,Expense,Investment,6829,NO,NO,CARD,Pune
T2975,U030,2022-10-25,Expense,Health,1131,NO,NO,CARD,Pune
T4900,U093,2023-03-27,Expense,Travel,2147,NO,NO,BANK TRANSFER,Mumbai
T9848,U009,2023-04-25,Expense,Travel,2800,NO,NO,UPI,Lucknow
T3129,U095,2023-08-10,Expense,Food,40709,NO,NO,CASH,Ahmedabad
T13236,U131,2024-12-15,Expense,Food,8102,NO,NO,BANK TRANSFER,Delhi
T10331,U138,2024-05-12,Expense,Travel,8867,NO,NO,BANK TRANSFER,Bangalore
T8197,U090,2021-09-09,Expense,Freelance,6506,NO,NO,CASH,Delhi
T12006,U022,2021-08-30,Income,Food,57002,NO,NO,CASH,Unknown
T11591,U103,2022-02-13,Expense,Travel,2615,NO,NO,CARD,Kolkata
T6563,U033,2022-09-11,Expense,Food,9307,NO,NO,UPI,Mumbai
T5411,U129,2022-01-28,Expense,Food,4240,NO,NO,CARD,Kolkata
T8942,U088,2022-08-21,Expense,Others,6824,NO,NO,CARD,Pune
T5534,U062,2024-10-08,Expense,Travel,7480,NO,NO,CARD,Ahmedabad
T4067,U069,2024-11-18,Expense,Utilities,1807,NO,NO,BANK TRANSFER,Chennai
T2999,U082,2022-08-28,Expense,Freelance,1267,NO,NO,UNKNOWN,Lucknow
T0542,U135,2024-02-23,Expense,Food,7009,NO,NO,CARD,Unknown
T0167,U049,2023-10-06,Expense,Food,0,NO,NO,CARD,Bangalore
T6258,U121,2022-12-23,Expense,Rent,3930,NO,NO,CASH,Jaipur
T10158,U122,2024-12-24,Expense,Savings,8744,NO,NO,CARD,Delhi
T2736,U022,2024-09-18,Expense,Rent,5455,NO,NO,BANK TRANSFER,Chennai
T3277,U135,2021-09-29,Expense,Health,279,NO,NO,BANK TRANSFER,Delhi
T11072,U069,2024-02-16,Expense,Rent,9091,NO,NO,CASH,Lucknow
T0707,U088,2022-05-29,Expense,Travel,15033,NO,NO,CARD,Ahmedabad
T8481,U136,2023-06-19,Income,Misc,64871,NO,NO,CASH,Ahmedabad
T5988,U061,2022-01-27,Expense,Investment,9649,NO,NO,BANK TRANSFER,Kolkata
T7184,U131,2024-05-13,Expense,Investment,6755,NO,NO,BANK TRANSFER,Mumbai
T13285,U026,2023-06-05,Expense,Travel,0,NO,NO,CARD,Jaipur
T12813,U068,2024-05-09,Expense,Food,780,NO,NO,CASH,Unknown
T10392,U106,2024-02-21,Expense,Health,1780,NO,NO,BANK TRANSFER,Ahmedabad
T2407,U145,2022-09-01,Expense,Uncategorised,5991,NO,NO,CARD,Unknown
T7384,U005,2023-12-04,Expense,Bonus,16966,NO,NO,BANK TRANSFER,Mumbai
T2360,U045,2022-04-07,Income,Bonus,43847,NO,NO,CASH,Jaipur
T10597,U086,2021-11-23,Expense,Salary,8937,NO,NO,CARD,Hyderabad
T4717,U084,2024-07-04,Income,Food,41028,NO,NO,CARD,Mumbai
T4609,U027,2023-06-30,Expense,Food,717,NO,NO,CARD,Jaipur
T6201,U110,2023-04-11,Expense,Rent,8581,NO,NO,BANK TRANSFER,Mumbai
T8011,U126,2023-03-09,Income,Rent,28322,NO,NO,BANK TRANSFER,Jaipur
T0994,U122,2023-03-02,Expense,Others,4219,NO,NO,CASH,Kolkata
T11473,U099,2022-09-26,Expense,Entertainment,3246,NO,NO,BANK TRANSFER,Lucknow
T7200,U104,2024-03-23,Expense,Food,2796,NO,NO,CASH,Hyderabad
T6620,U092,2022-10-25,Expense,Rent,7823,NO,NO,CASH,Lucknow
T13540,U136,2023-12-18,Expense,Food,5632,NO,NO,BANK TRANSFER,Hyderabad
T9731,U143,2024-12-11,Expense,Investment,2736,NO,NO,BANK TRANSFER,Lucknow
T1478,U107,2024-04-27,Expense,Others,8030,NO,NO,CASH,Kolkata
T8903,U007,2023-09-24,Income,Travel,978324,NO,YES,CARD,Pune
T13496,U020,2024-11-08,Expense,Uncategorised,1944,NO,NO,BANK TRANSFER,Pune
T0898,U059,2021-08-04,Expense,Travel,3368,NO,NO,CASH,Bangalore
T4662,U014,2023-01-01,Expense,Investment,8863,NO,NO,UPI,Mumbai
T5713,U045,2022-12-26,Expense,Rent,801,NO,NO,CARD,Chennai
T3005,U089,2022-01-15,Expense,Food,9365,NO,NO,BANK TRANSFER,Jaipur
T5127,U066,2023-03-30,Expense,Rent,2746,NO,NO,CASH,Ahmedabad
T7893,U060,2023-10-10,Income,Travel,75940,NO,NO,UPI,Chennai
T4596,U051,2024-06-25,Expense,Others,8402,NO,NO,BANK TRANSFER,Kolkata
T10276,U020,2023-03-15,Expense,Education,835,NO,NO,CASH,Hyderabad
T1807,U020,2024-05-13,Expense,Investment,7537,NO,NO,UPI,Ahmedabad
T11543,U090,2021-10-09,Expense,Education,9794,NO,NO,BANK TRANSFER,Lucknow
T6484,U124,2021-07-31,Income,Education,41568,NO,NO,UPI,Ahmedabad
T7649,U119,2022-12-21,Income,Entertainment,51853,NO,NO,CARD,Chennai
T4191,U045,2024-05-25,Expense,Freelance,3204,NO,NO,UPI,Hyderabad
T10363,U009,2022-11-16,Expense,Others,1614,NO,NO,CARD,Jaipur
T12677,U034,2024-01-20,Expense,Food,15116,NO,NO,BANK TRANSFER,Bangalore
T9130,U141,2021-09-29,Expense,Travel,5804,NO,NO,BANK TRANSFER,Kolkata
T7520,U132,2021-02-21,Expense,Food,3727,NO,NO,CASH,Chennai
T9793,U084,2022-12-04,Income,Investment,56773,NO,NO,BANK TRANSFER,Bangalore
T1726,U032,2021-03-08,Income,Rent,68757,NO,NO,BANK TRANSFER,Chennai
T5307,U098,2023-03-07,Expense,Utilities,4717,NO,NO,CARD,Bangalore
T12114,U043,2023-09-30,Expense,Travel,2592,NO,NO,CASH,Jaipur
T1908,U124,2022-06-11,Expense,Travel,36747,NO,NO,UNKNOWN,Kolkata
T11391,U106,2023-09-09,Expense,Salary,3631,NO,NO,CASH,Jaipur
T7723,U137,2023-02-24,Income,Food,22802,NO,NO,CARD,Kolkata
T7270,U103,2024-03-09,Expense,Others,0,NO,NO,CASH,Pune
T13474,U117,2021-09-24,Expense,Travel,9225,NO,NO,CASH,Bangalore
T7423,U013,2023-09-26,Expense,Bonus,2753,NO,NO,CARD,Unknown
T1477,U080,2023-07-14,Expense,Freelance,960,NO,NO,CASH,Lucknow
T8133,U009,2021-09-17,Income,Rent,65628,NO,NO,CASH,Jaipur
T5908,U044,2023-04-25,Expense,Food,8853,NO,NO,CARD,Chennai
T3026,U133,2023-12-30,Expense,Travel,8405,NO,NO,BANK TRANSFER,Mumbai
T5541,U150,2024-10-25,Expense,Food,7036,NO,NO,UPI,Unknown
T4621,U027,2021-05-10,Expense,Food,4118,NO,NO,BANK TRANSFER,Chennai
T11459,U148,2021-06-19,Expense,Food,7816,NO,NO,CARD,Kolkata
T1779,U095,2024-08-09,Income,Travel,53820,NO,NO,CARD,Delhi
T13464,U080,2023-11-29,Expense,Food,9403,NO,NO,BANK TRANSFER,Delhi
T4524,U131,2021-07-03,Expense,Rent,5743,NO,NO,UPI,Ahmedabad
T11429,U041,2022-11-15,Expense,Rent,3790,NO,NO,CASH,Jaipur
T9027,U049,2021-08-26,Expense,Education,5462,NO,NO,CASH,Chennai
T3694,U099,2022-06-12,Expense,Uncategorised,3678,NO,NO,CASH,Mumbai
T5002,U113,2023-10-03,Expense,Utilities,7110,NO,NO,CARD,Pune
T0787,U096,2023-02-05,Expense,Savings,1672,NO,NO,CARD,Jaipur
T11486,U066,2021-04-14,Expense,Entertainment,44446,NO,NO,BANK TRANSFER,Delhi
T9357,U127,2024-11-18,Expense,Rent,1242,NO,NO,UPI,Ahmedabad
T13594,U118,2021-08-08,Expense,Others,1916,NO,NO,UPI,Delhi
T11661,U005,2024-10-13,Expense,Utilities,7263,NO,NO,UPI,Pune
T0125,U076,2024-12-31,Expense,Rent,3241,NO,NO,UNKNOWN,Hyderabad
T7498,U084,2024-11-16,Expense,Rent,4737,NO,NO,BANK TRANSFER,Chennai
T1183,U069,2024-11-07,Expense,Utilities,2215,NO,NO,BANK TRANSFER,Kolkata
T2816,U004,2022-08-09,Expense,Food,9361,NO,NO,BANK TRANSFER,Pune
T8180,U124,2022-05-26,Expense,Travel,0,NO,NO,CARD,Chennai
T11338,U036,2023-11-12,Expense,Utilities,8112,NO,NO,BANK TRANSFER,Bangalore
T1158,U078,2021-12-10,Expense,Rent,3511,NO,NO,BANK TRANSFER,Unknown
T6313,U118,2023-02-08,Expense,Health,1136,NO,NO,UPI,Kolkata
T7207,U004,2021-06-11,Expense,Salary,23537,NO,NO,CASH,Delhi
T1379,U072,2022-03-23,Expense,Food,4561,NO,NO,UPI,Kolkata
T12716,U114,2021-10-12,Expense,Utilities,4280,NO,NO,CARD,Delhi
T1117,U038,2021-01-10,Expense,Others,4331,NO,NO,CARD,Chennai
T11928,U084,2023-09-13,Expense,Food,6207,NO,NO,CASH,Lucknow
T0407,U130,2023-07-11,Expense,Education,6811,NO,NO,CASH,Delhi
T0475,U098,2024-08-30,Expense,Utilities,8451,NO,NO,BANK TRANSFER,Delhi
T11960,U072,2022-03-31,Income,Salary,335656,NO,NO,BANK TRANSFER,Jaipur
T3846,U050,2023-01-05,Expense,Food,9889,NO,NO,UPI,Unknown
T10442,U131,2021-10-30,Expense,Travel,8923,NO,NO,CASH,Bangalore
T0699,U066,2023-07-21,Expense,Entertainment,18054,NO,NO,BANK TRANSFER,Pune
T7363,U046,2023-06-08,Expense,Entertainment,9966,NO,NO,BANK TRANSFER,Jaipur
T4992,U145,2023-09-16,Expense,Salary,9011,NO,NO,CARD,Delhi
T12747,U033,2021-09-28,Expense,Rent,5420,NO,NO,CARD,Lucknow
T11250,U145,2024-10-07,Expense,Savings,9053,NO,NO,UPI,Pune
T3115,U101,2024-05-12,Expense,Education,2510,NO,NO,BANK TRANSFER,Pune
T10515,U119,2021-05-06,Expense,Travel,4562,NO,NO,CASH,Bangalore
T1716,U135,2022-07-21,Expense,Utilities,4602,NO,NO,CARD,Kolkata
T0036,U136,2024-02-02,Expense,Travel,3255,NO,NO,CARD,Ahmedabad
T10576,U046,2024-03-22,Expense,Rent,5995,NO,NO,UPI,Delhi
T12887,U036,2021-07-14,Income,Travel,59053,NO,NO,CARD,Jaipur
T10470,U003,2022-10-05,Expense,Rent,9087,NO,NO,CARD,Delhi
T11365,U117,2021-05-10,Income,Rent,68725,NO,NO,BANK TRANSFER,Bangalore
T2914,U131,2021-07-25,Expense,Utilities,2896,NO,NO,UPI,Kolkata
T1296,U091,2024-06-12,Expense,Rent,7110,NO,NO,UPI,Pune
T5624,U140,2022-08-10,Expense,Food,6319,NO,NO,BANK TRANSFER,Delhi
T10389,U054,2022-07-12,Expense,Freelance,1011,NO,NO,CASH,Delhi
T8952,U119,2024-04-04,Expense,Bonus,7273,NO,NO,CASH,Mumbai
T0682,U018,2023-04-21,Expense,Food,1356,NO,NO,UPI,Kolkata
T7419,U009,2024-11-24,Expense,Rent,2166,NO,NO,UPI,Kolkata
T10667,U128,2022-03-23,Expense,Salary,3148,NO,NO,BANK TRANSFER,Mumbai
T10865,U115,2022-01-05,Expense,Rent,8518,NO,NO,CASH,Delhi
T11154,U006,2024-04-14,Expense,Food,-1000,YES,NO,BANK TRANSFER,Mumbai
T2387,U006,2021-02-12,Income,Entertainment,52179,NO,NO,CARD,Hyderabad
T1809,U129,2023-11-11,Expense,Rent,3759,NO,NO,CASH,Lucknow
T3897,U105,2024-07-05,Expense,Freelance,3130,NO,NO,UPI,Lucknow
T7246,U149,2024-01-19,Expense,Food,3804,NO,NO,CARD,Kolkata
T13606,U126,2021-12-14,Expense,Rent,6523,NO,NO,UPI,Delhi
T12687,U031,2021-06-11,Expense,Bonus,840,NO,NO,CASH,Kolkata
T4487,U117,2021-07-30,Expense,Rent,0,NO,NO,UPI,Hyderabad
T9922,U033,2024-10-13,Expense,Utilities,489,NO,NO,BANK TRANSFER,Mumbai
T8923,U130,2023-04-17,Expense,Utilities,4971,NO,NO,UNKNOWN,Kolkata
T11080,U093,2021-11-20,Expense,Rent,2302,NO,NO,UPI,Lucknow
T2443,U080,2024-04-13,Expense,Education,6944,NO,NO,UNKNOWN,Lucknow
T7483,U077,2023-06-09,Income,Utilities,42030,NO,NO,UPI,Jaipur
T5317,U115,2021-03-04,Expense,Investment,2005,NO,NO,CARD,Chennai
T8572,U108,2021-07-15,Expense,Salary,1186,NO,NO,BANK TRANSFER,Bangalore
T2083,U109,2023-11-23,Expense,Freelance,6879,NO,NO,UPI,Chennai
T8116,U134,2022-10-02,Expense,Travel,903,NO,NO,CASH,Ahmedabad
T10579,U128,2022-01-09,Income,Utilities,43218,NO,NO,UPI,Delhi
T12335,U106,2021-02-20,Expense,Rent,3157,NO,NO,BANK TRANSFER,Mumbai
T6081,U128,2021-10-19,Income,Travel,435842,NO,NO,CASH,Hyderabad
T12471,U125,2022-07-21,Expense,Food,116,NO,NO,BANK TRANSFER,Lucknow
T11110,U075,2021-12-14,Expense,Travel,999999999,NO,YES,UPI,Lucknow
T4267,U004,2024-07-06,Expense,Freelance,3986,NO,NO,UPI,Hyderabad
T11161,U022,2022-12-02,Expense,Travel,4320,NO,NO,UPI,Bangalore
T12629,U088,2021-08-09,Expense,Entertainment,8423,NO,NO,CASH,Pune
T1851,U054,2024-11-06,Expense,Travel,9541,NO,NO,CARD,Mumbai
T6157,U049,2022-07-22,Expense,Utilities,2862,NO,NO,CASH,Jaipur
T1731,U086,2021-09-06,Expense,Health,5502,NO,NO,BANK TRANSFER,Lucknow
T0831,U080,2022-05-31,Income,Entertainment,30535,NO,NO,UPI,Chennai
T5653,U147,2021-11-27,Expense,Utilities,133,NO,NO,CASH,Kolkata
T2055,U102,2023-06-23,Expense,Others,1142,NO,NO,BANK TRANSFER,Mumbai
T2269,U126,2022-03-27,Expense,Rent,508,NO,NO,CARD,Delhi
T4754,U088,2023-03-08,Expense,Utilities,4525,NO,NO,CASH,Jaipur
T8854,U092,2023-07-16,Expense,Uncategorised,5875,NO,NO,CASH,Delhi
T4905,U019,2022-11-24,Expense,Freelance,555,NO,NO,UPI,Ahmedabad
T0890,U003,2022-10-31,Expense,Utilities,0,NO,NO,CARD,Hyderabad
T2600,U052,2024-04-19,Income,Travel,47197,NO,NO,CASH,Mumbai
T8831,U104,2022-01-29,Expense,Savings,9723,NO,NO,CASH,Ahmedabad
T11975,U039,2024-03-20,Expense,Food,7852,NO,NO,UPI,Mumbai
T7187,U071,2022-12-30,Expense,Food,628,NO,NO,BANK TRANSFER,Kolkata
T4760,U084,2021-10-26,Expense,Travel,5427,NO,NO,CASH,Mumbai
T13273,U064,2021-10-15,Expense,Food,6390,NO,NO,UPI,Bangalore
T2399,U049,2024-06-20,Expense,Education,694,NO,NO,CASH,Mumbai
T13020,U019,2021-04-02,Expense,Food,9013,NO,NO,CASH,Bangalore
T8912,U096,2022-10-19,Expense,Salary,6693,NO,NO,UPI,Ahmedabad
T0509,U110,2022-07-25,Expense,Rent,8197,NO,NO,UPI,Chennai
T10168,U091,2024-02-27,Expense,Travel,2513,NO,NO,CASH,Pune
T3022,U092,2024-09-02,Expense,Travel,6659,NO,NO,CASH,Unknown
T5234,U081,2022-05-01,Expense,Investment,32153,NO,NO,BANK TRANSFER,Ahmedabad
T6192,U115,2022-05-23,Expense,Savings,6738,NO,NO,CASH,Bangalore
T0723,U096,2024-03-17,Expense,Others,27356,NO,NO,BANK TRANSFER,Delhi
T0857,U014,2022-02-24,Expense,Food,7689,NO,NO,CARD,Unknown
T1652,U125,2024-05-07,Expense,Savings,6189,NO,NO,BANK TRANSFER,Jaipur
T9319,U100,2021-02-15,Income,Food,74183,NO,NO,BANK TRANSFER,Hyderabad
T1881,U014,2023-08-17,Expense,Investment,6700,NO,NO,BANK TRANSFER,Kolkata
T11511,U084,2021-08-22,Expense,Rent,37645,NO,NO,CASH,Delhi
T10620,U018,2021-08-10,Expense,Utilities,941,NO,NO,BANK TRANSFER,Delhi
T2256,U017,2023-11-16,Expense,Travel,531,NO,NO,UNKNOWN,Kolkata
T9282,U150,2023-02-20,Expense,Others,6688,NO,NO,CARD,Chennai
T11978,U074,2021-01-03,Income,Uncategorised,70569,NO,NO,CARD,Bangalore
T8992,U072,2022-01-20,Expense,Utilities,3143,NO,NO,UPI,Hyderabad
T9854,U035,2024-11-09,Expense,Salary,8721,NO,NO,CASH,Delhi
T11512,U037,2023-03-25,Expense,Entertainment,4841,NO,NO,CARD,Mumbai
T6769,U073,2022-03-05,Income,Education,162795,NO,NO,CASH,Hyderabad
T0704,U067,2023-05-16,Expense,Utilities,4566,NO,NO,BANK TRANSFER,Chennai
T6357,U097,2024-10-18,Expense,Rent,7928,NO,NO,CARD,Unknown
T12980,U036,2021-03-21,Expense,Rent,1522,NO,NO,CASH,Chennai
T5527,U145,2022-02-17,Expense,Food,995,NO,NO,CASH,Unknown
T4438,U057,2021-12-26,Expense,Investment,1777,NO,NO,CASH,Hyderabad
T13284,U045,2021-02-19,Expense,Utilities,28005,NO,NO,BANK TRANSFER,Ahmedabad
T10962,U127,2022-08-25,Expense,Savings,49439,NO,NO,UNKNOWN,Pune
T10431,U117,2022-11-20,Expense,Utilities,8510,NO,NO,BANK TRANSFER,Kolkata
T4542,U129,2024-08-15,Income,Entertainment,23498,NO,NO,CASH,Hyderabad
T9876,U145,2024-07-02,Expense,Rent,7630,NO,NO,CASH,Pune
T1383,U017,2022-02-27,Expense,Food,7935,NO,NO,UPI,Bangalore
T3015,U088,2023-07-06,Expense,Entertainment,4575,NO,NO,UPI,Pune
T6193,U103,2023-08-27,Expense,Savings,2141,NO,NO,CARD,Ahmedabad
T3319,U085,2021-11-24,Expense,Utilities,431,NO,NO,UPI,Pune
T11717,U068,2024-07-05,Expense,Rent,1475,NO,NO,CASH,Mumbai
T1107,U087,2022-08-12,Income,Rent,65020,NO,NO,BANK TRANSFER,Mumbai
T8278,U007,2021-08-16,Expense,Freelance,2204,NO,NO,BANK TRANSFER,Delhi
T10583,U030,2021-08-20,Expense,Entertainment,5352,NO,NO,CARD,Hyderabad
T7114,U098,2022-01-30,Expense,Travel,5649,NO,NO,CASH,Mumbai
T1285,U092,2023-12-01,Expense,Utilities,894,NO,NO,BANK TRANSFER,Mumbai
T11530,U047,2022-12-14,Expense,Rent,3622,NO,NO,UPI,Unknown
T2307,U134,2022-07-04,Expense,Education,7864,NO,NO,UPI,Unknown
T13840,U009,2022-09-03,Expense,Education,1260,NO,NO,CARD,Pune
T8371,U033,2021-04-01,Expense,Food,3890,NO,NO,CASH,Bangalore
T10893,U014,2021-01-12,Expense,Education,1673,NO,NO,CASH,Mumbai
T3386,U063,2023-03-10,Expense,Rent,8953,NO,NO,CARD,Lucknow
T11828,U027,2022-01-21,Expense,Investment,1250,NO,NO,CASH,Hyderabad
T5129,U075,2024-02-10,Income,Food,38623,NO,NO,CASH,Hyderabad
T8693,U113,2023-11-04,Expense,Utilities,2610,NO,NO,CASH,Ahmedabad
T12888,U105,2021-09-18,Expense,Rent,0,NO,NO,CASH,Ahmedabad
T1911,U075,2021-06-22,Expense,Utilities,9400,NO,NO,CASH,Kolkata
T11527,U077,2024-12-22,Expense,Travel,5116,NO,NO,CASH,Kolkata
T5425,U032,2021-02-11,Expense,Food,8085,NO,NO,CASH,Jaipur
T7594,U131,2024-10-09,Expense,Investment,6095,NO,NO,BANK TRANSFER,Mumbai
T13101,U110,2023-02-10,Expense,Travel,1938,NO,NO,CARD,Jaipur
T8171,U132,2024-06-14,Expense,Uncategorised,4334,NO,NO,UPI,Bangalore
T8541,U116,2023-06-05,Expense,Rent,6008,NO,NO,BANK TRANSFER,Bangalore
T4837,U003,2021-06-04,Expense,Health,42507,NO,NO,BANK TRANSFER,Lucknow
T1352,U036,2024-09-29,Expense,Freelance,1416,NO,NO,BANK TRANSFER,Jaipur
T11637,U064,2022-09-02,Expense,Others,2138,NO,NO,CASH,Pune
T1134,U149,2024-10-02,Expense,Food,4123,NO,NO,BANK TRANSFER,Bangalore
T11178,U004,2023-02-13,Expense,Travel,4330,NO,NO,BANK TRANSFER,Ahmedabad
T9020,U007,2023-03-30,Expense,Utilities,7371,NO,NO,CASH,Chennai
T4477,U015,2022-06-03,Expense,Rent,1185,NO,NO,UPI,Ahmedabad
T12443,U072,2022-06-30,Income,Rent,14593,NO,NO,CASH,Mumbai
T0253,U113,2022-04-22,Expense,Food,8265,NO,NO,UPI,Bangalore
T8959,U097,2024-03-06,Expense,Utilities,4574,NO,NO,CASH,Ahmedabad
T3905,U128,2022-02-12,Expense,Rent,1242,NO,NO,UPI,Mumbai
T10243,U086,2022-06-24,Income,Education,44317,NO,NO,UPI,Delhi
T10138,U030,2022-06-06,Expense,Utilities,8107,NO,NO,CASH,Kolkata
T10786,U150,2023-05-08,Expense,Entertainment,2159,NO,NO,BANK TRANSFER,Pune
T5673,U107,2021-03-26,Expense,Health,7235,NO,NO,BANK TRANSFER,Mumbai
T11941,U145,2022-06-18,Expense,Travel,3954,NO,NO,UNKNOWN,Chennai
T6245,U141,2021-06-21,Expense,Food,5826,NO,NO,BANK TRANSFER,Bangalore
T11169,U100,2022-11-05,Expense,Food,5693,NO,NO,CARD,Mumbai
T9525,U092,2023-04-01,Expense,Misc,3178,NO,NO,CASH,Mumbai
T5440,U006,2024-03-30,Expense,Food,32666,NO,NO,CARD,Delhi
T9114,U135,2023-07-19,Expense,Entertainment,2474,NO,NO,CASH,Bangalore
T6870,U071,2023-05-17,Expense,Utilities,1200,NO,NO,CASH,Ahmedabad
T3919,U014,2022-06-17,Expense,Investment,1838,NO,NO,CARD,Pune
T13597,U095,2023-06-11,Expense,Salary,4076,NO,NO,CASH,Pune
T2050,U055,2021-09-24,Expense,Salary,3488,NO,NO,BANK TRANSFER,Mumbai
T0081,U121,2023-04-03,Expense,Investment,5749,NO,NO,UPI,Unknown
T12476,U067,2024-08-08,Expense,Utilities,6485,NO,NO,BANK TRANSFER,Chennai
T2297,U145,2021-08-09,Expense,Food,1571,NO,NO,CASH,Pune
T7752,U051,2023-12-23,Expense,Utilities,-1000,YES,NO,BANK TRANSFER,Hyderabad
T0394,U059,2022-04-04,Income,Bonus,29815,NO,NO,CASH,Ahmedabad
T8418,U134,2023-09-20,Expense,Utilities,999999999,NO,YES,UPI,Ahmedabad
T3930,U040,2023-09-18,Expense,Utilities,5541,NO,NO,UPI,Chennai
T4747,U120,2024-05-30,Expense,Food,1639,NO,NO,BANK TRANSFER,Mumbai
T13851,U067,2021-08-05,Expense,Food,3262,NO,NO,BANK TRANSFER,Jaipur
T12455,U125,2021-04-26,Expense,Utilities,1738,NO,NO,CASH,Jaipur
T8344,U025,2023-08-07,Expense,Food,723,NO,NO,UPI,Ahmedabad
T2872,U086,2022-02-25,Expense,Travel,3754,NO,NO,CASH,Lucknow
T12417,U070,2021-05-15,Expense,Investment,5604,NO,NO,BANK TRANSFER,Chennai
T11090,U010,2024-12-15,Expense,Travel,8272,NO,NO,CASH,Bangalore
T0842,U092,2023-05-31,Expense,Travel,8050,NO,NO,CARD,Kolkata
T1236,U056,2022-11-06,Expense,Travel,636,NO,NO,CARD,Kolkata
T3066,U110,2021-10-07,Expense,Rent,101,NO,NO,BANK TRANSFER,Ahmedabad
T8613,U128,2022-05-06,Expense,Utilities,8945,NO,NO,UPI,Jaipur
T7534,U095,2021-01-18,Expense,Travel,2171,NO,NO,CARD,Lucknow
T5983,U035,2022-10-29,Expense,Entertainment,1709,NO,NO,UPI,Ahmedabad
T1109,U136,2022-05-06,Expense,Health,1057,NO,NO,CASH,Lucknow
T6738,U034,2022-07-28,Expense,Entertainment,2842,NO,NO,BANK TRANSFER,Bangalore
T11588,U003,2022-03-20,Expense,Utilities,8443,NO,NO,UPI,Mumbai
T2032,U142,2023-03-01,Income,Food,57584,NO,NO,BANK TRANSFER,Mumbai
T6516,U088,2021-12-02,Expense,Rent,8764,NO,NO,CARD,Pune
T0983,U054,2024-09-09,Income,Food,75281,NO,NO,CARD,Pune
T1488,U067,2024-07-25,Expense,Travel,7676,NO,NO,BANK TRANSFER,Hyderabad
T6579,U058,2024-02-19,Expense,Utilities,9234,NO,NO,CARD,Ahmedabad
T8974,U101,2021-01-27,Expense,Utilities,6894,NO,NO,CASH,Mumbai
T9783,U091,2022-07-26,Expense,Food,7273,NO,NO,CASH,Hyderabad
T13342,U075,2023-04-15,Expense,Food,8795,NO,NO,CASH,Mumbai
T6729,U114,2022-06-17,Expense,Salary,8822,NO,NO,BANK TRANSFER,Chennai
T2924,U150,2023-08-01,Expense,Food,1697,NO,NO,CASH,Kolkata
T5782,U067,2021-07-15,Expense,Utilities,0,NO,NO,CASH,Unknown
T5340,U112,2022-01-07,Expense,Entertainment,9846,NO,NO,CASH,Hyderabad
T3638,U005,2022-09-04,Expense,Savings,3489,NO,NO,CARD,Bangalore
T1662,U072,2023-02-06,Expense,Travel,37482,NO,NO,UPI,Unknown
T4463,U050,2023-04-13,Expense,Food,3465,NO,NO,CARD,Mumbai
T6565,U028,2021-04-22,Expense,Rent,0,NO,NO,UPI,Pune
T7012,U141,2023-07-23,Expense,Bonus,4733,NO,NO,UNKNOWN,Pune
T5003,U115,2021-10-20,Expense,Others,49129,NO,NO,UPI,Mumbai
T1211,U127,2024-10-15,Expense,Travel,7112,NO,NO,CASH,Mumbai
T13029,U087,2022-01-12,Expense,Food,7550,NO,NO,UPI,Kolkata
T11299,U038,2022-10-18,Expense,Rent,7468,NO,NO,CASH,Delhi
T12009,U025,2022-04-06,Income,Rent,23778,NO,NO,UNKNOWN,Pune
T7691,U021,2021-09-05,Expense,Education,7659,NO,NO,CARD,Ahmedabad
T7538,U072,2021-12-08,Income,Food,75601,NO,NO,CASH,Chennai
T8496,U069,2021-12-18,Expense,Food,1379,NO,NO,UPI,Lucknow
T6158,U049,2021-11-02,Income,Utilities,60074,NO,NO,CASH,Hyderabad
T6808,U100,2023-05-23,Income,Others,43616,NO,NO,UNKNOWN,Ahmedabad
T0717,U142,2024-04-12,Expense,Travel,1251,NO,NO,UNKNOWN,Ahmedabad
T0010,U081,2024-03-20,Expense,Health,5421,NO,NO,UPI,Delhi
T11434,U137,2024-05-05,Expense,Uncategorised,5452,NO,NO,CASH,Delhi
T4890,U133,2021-11-27,Expense,Education,659,NO,NO,BANK TRANSFER,Ahmedabad
T1095,U022,2024-01-27,Income,Utilities,77508,NO,NO,BANK TRANSFER,Chennai
T2104,U057,2024-11-20,Expense,Food,2946,NO,NO,BANK TRANSFER,Hyderabad
T11868,U023,2024-01-08,Expense,Savings,22725,NO,NO,UPI,Hyderabad
T4354,U131,2022-10-10,Income,Travel,45451,NO,NO,CARD,Hyderabad
T6917,U113,2022-03-31,Expense,Rent,6459,NO,NO,UPI,Delhi
T7567,U148,2023-09-11,Expense,Rent,0,NO,NO,CASH,Lucknow
T12877,U063,2021-08-09,Expense,Utilities,3616,NO,NO,BANK TRANSFER,Lucknow
T10055,U129,2022-08-23,Expense,Education,6861,NO,NO,UPI,Ahmedabad
T0503,U047,2021-02-13,Income,Utilities,65888,NO,NO,BANK TRANSFER,Bangalore
T8893,U077,2024-04-17,Expense,Entertainment,3091,NO,NO,CASH,Delhi
T8094,U104,2023-04-21,Expense,Education,0,NO,NO,BANK TRANSFER,Bangalore
T13454,U095,2023-04-27,Expense,Health,896,NO,NO,CASH,Kolkata
T8550,U028,2022-11-02,Income,Food,73222,NO,NO,CARD,Mumbai
T11065,U050,2022-06-14,Income,Entertainment,42605,NO,NO,UPI,Jaipur
T13224,U104,2023-05-14,Expense,Travel,601,NO,NO,BANK TRANSFER,Delhi
T11269,U048,2022-07-06,Expense,Rent,6940,NO,NO,CARD,Pune
T5797,U026,2023-08-17,Expense,Freelance,2748,NO,NO,CASH,Hyderabad
T13771,U018,2022-11-10,Expense,Health,9372,NO,NO,UPI,Lucknow
T11370,U061,2021-10-26,Expense,Utilities,8231,NO,NO,CASH,Lucknow
T13097,U060,2024-11-27,Expense,Entertainment,5689,NO,NO,CASH,Unknown
T8846,U120,2022-09-19,Income,Food,67978,NO,NO,CARD,Ahmedabad
T6315,U146,2023-03-16,Expense,Investment,-500,YES,NO,CARD,Jaipur
T12421,U126,2022-07-28,Expense,Others,129,NO,NO,CASH,Mumbai
T4174,U022,2024-04-07,Expense,Investment,8304,NO,NO,CARD,Jaipur
T9337,U103,2024-08-27,Expense,Rent,7729,NO,NO,BANK TRANSFER,Chennai
T1144,U041,2022-12-19,Expense,Salary,5013,NO,NO,UPI,Delhi
T3567,U021,2021-09-29,Expense,Rent,1029,NO,NO,UPI,Bangalore
T4622,U047,2022-12-17,Expense,Food,3123,NO,NO,CASH,Chennai
T11496,U047,2022-06-13,Expense,Food,4522,NO,NO,CARD,Lucknow
T7781,U116,2021-10-13,Expense,Investment,2662,NO,NO,UPI,Ahmedabad
T9091,U059,2023-05-08,Expense,Travel,1646,NO,NO,CASH,Kolkata
T0770,U126,2023-12-10,Expense,Rent,3466,NO,NO,BANK TRANSFER,Chennai
T8538,U147,2022-08-12,Expense,Food,37714,NO,NO,CARD,Bangalore
T6707,U059,2022-11-11,Expense,Utilities,8191,NO,NO,BANK TRANSFER,Ahmedabad
T4574,U048,2023-02-09,Expense,Travel,4041,NO,NO,CARD,Delhi
T12383,U040,2023-11-25,Income,Rent,22841,NO,NO,CASH,Mumbai
T9347,U017,2022-09-12,Expense,Food,8324,NO,NO,BANK TRANSFER,Unknown
T12271,U054,2023-06-21,Expense,Rent,338,NO,NO,UPI,Ahmedabad
T7164,U078,2023-05-17,Income,Food,0,NO,NO,UNKNOWN,Jaipur
T4773,U118,2022-05-19,Expense,Health,392,NO,NO,CARD,Jaipur
T0397,U063,2023-12-21,Expense,Rent,7616,NO,NO,CASH,Mumbai
T7965,U069,2023-12-23,Income,Entertainment,67693,NO,NO,CASH,Pune
T8075,U087,2024-08-11,Expense,Education,2970,NO,NO,CASH,Mumbai
T2847,U132,2022-09-23,Expense,Rent,5434,NO,NO,CASH,Delhi
T10919,U131,2023-05-23,Expense,Rent,9268,NO,NO,CASH,Lucknow
T6451,U119,2024-08-01,Income,Travel,816412,NO,YES,CASH,Ahmedabad
T0814,U062,2023-10-07,Income,Investment,27956,NO,NO,CARD,Delhi
T0835,U051,2021-07-07,Expense,Travel,3798,NO,NO,UNKNOWN,Unknown
T5901,U023,2024-12-22,Income,Utilities,571352,NO,YES,UPI,Hyderabad
T5865,U110,2021-06-27,Expense,Travel,9947,NO,NO,UPI,Kolkata
T2082,U147,2021-06-22,Expense,Food,9379,NO,NO,CARD,Kolkata
T1961,U058,2022-05-28,Income,Education,23191,NO,NO,UPI,Hyderabad
T3013,U025,2023-05-19,Expense,Food,387,NO,NO,CARD,Hyderabad
T4922,U126,2023-01-08,Income,Freelance,75854,NO,NO,CASH,Delhi
T7401,U018,2024-05-13,Income,Food,47205,NO,NO,CASH,Bangalore
T2194,U007,2021-02-11,Expense,Salary,4891,NO,NO,UPI,Ahmedabad
T5663,U104,2021-12-15,Expense,Utilities,9135,NO,NO,UPI,Delhi
T10873,U074,2024-03-20,Expense,Utilities,2946,NO,NO,CARD,Pune
T1598,U142,2021-12-27,Expense,Food,4476,NO,NO,UPI,Lucknow
T5371,U139,2022-11-20,Expense,Food,3061,NO,NO,UPI,Pune
T3324,U065,2023-04-23,Expense,Rent,-1000,YES,NO,UPI,Hyderabad
T7238,U092,2024-03-17,Income,Food,56456,NO,NO,BANK TRANSFER,Bangalore
T2845,U147,2021-11-22,Expense,Bonus,9116,NO,NO,CASH,Jaipur
T12859,U094,2021-08-07,Expense,Utilities,1039,NO,NO,UPI,Chennai
T5208,U149,2024-06-28,Expense,Travel,880,NO,NO,BANK TRANSFER,Kolkata
T2212,U012,2022-11-07,Expense,Travel,5315,NO,NO,CARD,Unknown
T3206,U137,2022-02-05,Income,Utilities,32684,NO,NO,UPI,Unknown
T6760,U013,2021-11-19,Expense,Travel,9183,NO,NO,BANK TRANSFER,Ahmedabad
T3754,U075,2022-03-22,Expense,Education,1104,NO,NO,UPI,Unknown
T0659,U069,2022-06-23,Income,Food,51333,NO,NO,BANK TRANSFER,Unknown
T1199,U090,2022-04-08,Expense,Travel,2670,NO,NO,CARD,Ahmedabad
T8320,U046,2022-10-10,Expense,Food,4099,NO,NO,CASH,Chennai
T9389,U059,2023-05-12,Expense,Travel,1304,NO,NO,UPI,Ahmedabad
T5991,U143,2022-06-13,Expense,Utilities,0,NO,NO,UPI,Chennai
T3708,U106,2021-10-02,Expense,Food,5011,NO,NO,CASH,Bangalore
T12920,U009,2023-10-14,Expense,Travel,15313,NO,NO,CARD,Jaipur
T5791,U143,2022-03-28,Expense,Investment,9058,NO,NO,UPI,Jaipur
T13754,U073,2021-03-21,Expense,Entertainment,484,NO,NO,UPI,Hyderabad
T0477,U054,2021-08-29,Expense,Bonus,5249,NO,NO,CARD,Mumbai
T6601,U014,2024-12-01,Expense,Travel,3868,NO,NO,CASH,Delhi
T8725,U093,2023-02-12,Income,Utilities,22123,NO,NO,UNKNOWN,Chennai
T4442,U057,2024-08-24,Income,Rent,31531,NO,NO,BANK TRANSFER,Mumbai
T9966,U036,2024-11-06,Expense,Utilities,6950,NO,NO,BANK TRANSFER,Hyderabad
T7698,U080,2023-01-03,Expense,Savings,7859,NO,NO,BANK TRANSFER,Jaipur
T2136,U141,2024-05-29,Expense,Food,3084,NO,NO,CARD,Delhi
T5618,U048,2024-12-08,Expense,Others,1357,NO,NO,CARD,Delhi
T3454,U122,2023-03-14,Income,Savings,23255,NO,NO,UPI,Jaipur
T8405,U110,2023-05-07,Income,Travel,48709,NO,NO,CASH,Bangalore
T8079,U085,2023-01-10,Income,Entertainment,40318,NO,NO,CARD,Hyderabad
T0374,U064,2024-11-02,Expense,Food,6613,NO,NO,UPI,Mumbai
T1249,U068,2022-09-04,Expense,Food,3031,NO,NO,CARD,Kolkata
T13516,U081,2023-08-19,Expense,Food,36791,NO,NO,BANK TRANSFER,Chennai
T12550,U128,2024-02-05,Expense,Rent,2838,NO,NO,CARD,Jaipur
T4822,U049,2022-05-01,Expense,Education,4569,NO,NO,UNKNOWN,Chennai
T6244,U115,2021-09-16,Expense,Entertainment,1504,NO,NO,CASH,Unknown
T10876,U141,2024-11-14,Expense,Food,299,NO,NO,UPI,Chennai
T4782,U068,2022-10-04,Expense,Food,47930,NO,NO,CASH,Mumbai
T1475,U130,2023-09-15,Expense,Freelance,9204,NO,NO,UPI,Lucknow
T8501,U086,2021-05-23,Income,Utilities,19094,NO,NO,BANK TRANSFER,Hyderabad
T1973,U088,2023-08-12,Income,Food,57643,NO,NO,UPI,Bangalore
T10531,U074,2024-01-02,Expense,Utilities,2744,NO,NO,BANK TRANSFER,Lucknow
T2950,U116,2024-03-29,Expense,Health,2076,NO,NO,CARD,Delhi
T11712,U116,2023-09-27,Expense,Education,6812,NO,NO,UPI,Kolkata
T12938,U076,2021-10-08,Income,Food,0,NO,NO,UPI,Pune
T11125,U135,2021-01-02,Expense,Investment,49188,NO,NO,CASH,Unknown
T7137,U122,2023-09-26,Expense,Others,4622,NO,NO,CARD,Jaipur
T1947,U145,2023-05-15,Expense,Education,6741,NO,NO,UNKNOWN,Chennai
T8247,U066,2023-10-06,Expense,Utilities,8487,NO,NO,UPI,Ahmedabad
T6578,U053,2021-07-02,Income,Others,23337,NO,NO,CASH,Mumbai
T7780,U058,2022-04-09,Expense,Entertainment,6731,NO,NO,CARD,Ahmedabad
T7530,U103,2024-04-03,Income,Food,35429,NO,NO,CARD,Pune
T11396,U123,2022-09-23,Expense,Entertainment,7984,NO,NO,CASH,Bangalore
T1111,U040,2022-12-28,Expense,Others,4333,NO,NO,BANK TRANSFER,Hyderabad
T11432,U069,2022-12-17,Expense,Bonus,1439,NO,NO,UPI,Lucknow
T4133,U100,2024-12-24,Income,Food,64305,NO,NO,BANK TRANSFER,Mumbai
T5890,U076,2022-08-17,Income,Health,10062,NO,NO,CARD,Bangalore
T11069,U149,2024-10-17,Expense,Savings,8099,NO,NO,UPI,Hyderabad
T7886,U045,2024-12-28,Expense,Investment,948,NO,NO,BANK TRANSFER,Delhi
T2069,U125,2022-04-20,Expense,Health,2917,NO,NO,UPI,Chennai
T12963,U104,2022-11-30,Income,Utilities,64620,NO,NO,BANK TRANSFER,Kolkata
T12591,U087,2021-03-20,Expense,Travel,41586,NO,NO,CARD,Hyderabad
T7713,U105,2023-06-21,Expense,Rent,7109,NO,NO,BANK TRANSFER,Jaipur
T10430,U087,2022-01-10,Expense,Travel,2162,NO,NO,CARD,Mumbai
T8825,U022,2023-05-26,Expense,Food,6275,NO,NO,UNKNOWN,Bangalore
T8765,U136,2024-08-18,Expense,Travel,3905,NO,NO,CASH,Unknown
T0191,U126,2022-01-21,Income,Food,27197,NO,NO,UNKNOWN,Delhi
T4350,U028,2024-04-29,Expense,Savings,557,NO,NO,CARD,Jaipur
T5874,U094,2024-08-14,Expense,Food,4330,NO,NO,BANK TRANSFER,Lucknow
T0663,U067,2021-02-17,Expense,Others,8757,NO,NO,BANK TRANSFER,Hyderabad
T1953,U130,2022-05-20,Income,Utilities,310817,NO,NO,CASH,Lucknow
T1340,U089,2022-01-07,Income,Utilities,12054,NO,NO,CASH,Mumbai
T0464,U001,2022-10-22,Expense,Travel,3926,NO,NO,CASH,Ahmedabad
T13955,U066,2021-03-30,Expense,Food,3268,NO,NO,UPI,Kolkata
T7979,U093,2022-05-19,Expense,Rent,413,NO,NO,UPI,Unknown
T3482,U041,2023-07-21,Expense,Food,9025,NO,NO,BANK TRANSFER,Kolkata
T4604,U056,2022-10-15,Expense,Salary,4525,NO,NO,BANK TRANSFER,Mumbai
T11083,U111,2022-04-01,Expense,Travel,1414,NO,NO,BANK TRANSFER,Kolkata
T9918,U081,2022-09-13,Expense,Entertainment,6950,NO,NO,CARD,Chennai
T9573,U060,2024-06-16,Expense,Travel,3378,NO,NO,CASH,Jaipur
T11879,U134,2021-10-26,Expense,Rent,8046,NO,NO,BANK TRANSFER,Lucknow
T10016,U072,2023-03-03,Expense,Rent,6477,NO,NO,UPI,Lucknow
T1228,U098,2022-11-28,Expense,Education,2602,NO,NO,BANK TRANSFER,Jaipur
T9784,U088,2021-10-31,Income,Others,66865,NO,NO,CASH,Pune
T5610,U002,2022-06-18,Expense,Misc,9771,NO,NO,UPI,Chennai
T9235,U041,2022-10-02,Expense,Health,0,NO,NO,CARD,Hyderabad
T13127,U104,2022-08-24,Expense,Bonus,1666,NO,NO,UPI,Lucknow
T1908,U101,2022-12-12,Expense,Entertainment,34751,NO,NO,CARD,Chennai
T10501,U143,2024-04-17,Income,Utilities,58332,NO,NO,CASH,Bangalore
T2301,U109,2024-12-05,Expense,Salary,3812,NO,NO,UPI,Mumbai
T6335,U052,2021-07-26,Expense,Food,4957,NO,NO,UPI,Jaipur
T1412,U135,2023-01-17,Expense,Freelance,45803,NO,NO,UPI,Jaipur
T3514,U097,2024-09-08,Expense,Rent,1959,NO,NO,CASH,Ahmedabad
T3715,U092,2022-05-20,Expense,Travel,1405,NO,NO,BANK TRANSFER,Chennai
T6522,U119,2024-04-13,Expense,Others,2580,NO,NO,BANK TRANSFER,Lucknow
T12226,U047,2024-02-27,Expense,Travel,3101,NO,NO,CARD,Chennai
T4508,U080,2022-02-27,Expense,Travel,31198,NO,NO,CASH,Kolkata
T11025,U031,2023-07-07,Expense,Savings,6678,NO,NO,UPI,Chennai
T5349,U009,2023-06-05,Income,Others,67808,NO,NO,CASH,Ahmedabad
T6374,U058,2021-01-19,Expense,Travel,1978,NO,NO,UNKNOWN,Pune
T13640,U025,2021-04-20,Expense,Food,9878,NO,NO,UPI,Ahmedabad
T6633,U103,2023-07-31,Income,Rent,79810,NO,NO,BANK TRANSFER,Pune
T2230,U117,2023-10-19,Expense,Food,3920,NO,NO,BANK TRANSFER,Ahmedabad
T10982,U056,2021-03-21,Expense,Travel,8676,NO,NO,CASH,Jaipur
T3855,U137,2023-02-20,Expense,Rent,342,NO,NO,UPI,Unknown
T13023,U080,2024-08-09,Income,Food,30978,NO,NO,UPI,Delhi
T10299,U123,2024-05-28,Expense,Education,1591,NO,NO,UPI,Chennai
T2166,U123,2023-08-15,Expense,Uncategorised,4817,NO,NO,CARD,Mumbai
T3289,U101,2022-04-08,Expense,Utilities,1563,NO,NO,UNKNOWN,Jaipur
T0728,U099,2021-02-20,Expense,Food,328,NO,NO,CARD,Chennai
T12836,U016,2022-07-22,Income,Travel,56804,NO,NO,CARD,Delhi
T0761,U106,2023-11-01,Expense,Entertainment,5350,NO,NO,UPI,Chennai
T1914,U020,2022-03-28,Expense,Food,7727,NO,NO,CARD,Unknown
T7958,U009,2024-07-18,Expense,Utilities,6852,NO,NO,CASH,Ahmedabad
T6740,U061,2024-01-09,Expense,Rent,5088,NO,NO,CASH,Chennai
T4846,U113,2021-09-20,Expense,Food,5535,NO,NO,CASH,Unknown
T5844,U118,2022-06-22,Expense,Rent,9004,NO,NO,CASH,Kolkata
T1055,U075,2024-05-20,Expense,Food,17794,NO,NO,CASH,Jaipur
T0102,U138,2024-02-26,Expense,Bonus,931,NO,NO,CASH,Ahmedabad
T1055,U075,2024-05-20,Expense,Freelance,17794,NO,NO,CASH,Jaipur
T6721,U009,2022-12-23,Expense,Utilities,931,NO,NO,BANK TRANSFER,Ahmedabad
T0309,U073,2021-03-11,Expense,Others,2095,NO,NO,CARD,Lucknow
T11405,U149,2021-02-22,Expense,Freelance,1823,NO,NO,CARD,Ahmedabad
T6348,U101,2021-08-20,Expense,Food,3484,NO,NO,CARD,Pune
T7084,U043,2024-04-08,Income,Rent,29952,NO,NO,CARD,Chennai
T3444,U060,2021-08-05,Income,Food,27877,NO,NO,BANK TRANSFER,Lucknow
T13227,U007,2023-12-09,Expense,Others,7409,NO,NO,UPI,Mumbai
T10036,U097,2024-08-13,Expense,Entertainment,8371,NO,NO,CASH,Bangalore
T0996,U146,2023-04-12,Income,Education,73422,NO,NO,CARD,Pune
T10805,U123,2024-02-12,Expense,Rent,999999,NO,YES,CARD,Chennai
T10449,U013,2024-05-29,Expense,Food,4210,NO,NO,BANK TRANSFER,Ahmedabad
T12583,U136,2021-07-05,Expense,Food,6819,NO,NO,CASH,Unknown
T10666,U086,2024-06-25,Expense,Food,5280,NO,NO,CASH,Delhi
T10453,U020,2024-12-10,Income,Food,55580,NO,NO,CASH,Ahmedabad
T0041,U117,2022-04-24,Expense,Freelance,1670,NO,NO,UPI,Unknown
T5437,U086,2021-11-22,Expense,Entertainment,5557,NO,NO,CARD,Jaipur
T13585,U109,2021-11-05,Income,Health,57035,NO,NO,CARD,Mumbai
T12269,U077,2023-06-02,Expense,Food,3427,NO,NO,UPI,Jaipur
T9488,U072,2024-01-08,Expense,Utilities,4064,NO,NO,UPI,Kolkata
T1672,U057,2021-10-15,Expense,Education,789,NO,NO,UPI,Chennai
T4765,U016,2024-04-29,Expense,Food,5063,NO,NO,CARD,Delhi
T2995,U067,2023-03-11,Expense,Rent,7988,NO,NO,UPI,Jaipur
T5232,U140,2021-10-10,Expense,Rent,8104,NO,NO,BANK TRANSFER,Delhi
T6153,U146,2023-02-21,Income,Rent,59374,NO,NO,CASH,Mumbai
T4228,U130,2021-12-24,Income,Savings,33416,NO,NO,UPI,Jaipur
T9234,U043,2024-10-02,Income,Education,37264,NO,NO,CASH,Unknown
T7677,U096,2021-03-08,Expense,Entertainment,2562,NO,NO,UPI,Ahmedabad
T3604,U078,2023-01-21,Expense,Travel,8088,NO,NO,BANK TRANSFER,Pune
T13575,U035,2021-02-13,Expense,Rent,6650,NO,NO,CASH,Chennai
T10698,U081,2021-08-15,Expense,Food,3247,NO,NO,BANK TRANSFER,Kolkata
T2730,U020,2022-03-13,Expense,Travel,4818,NO,NO,BANK TRANSFER,Bangalore
T10850,U101,2021-12-25,Expense,Food,1683,NO,NO,BANK TRANSFER,Kolkata
T13147,U131,2023-03-17,Income,Health,50775,NO,NO,UPI,Ahmedabad
T13323,U111,2023-04-25,Expense,Food,3233,NO,NO,BANK TRANSFER,Pune
T2761,U002,2022-02-05,Expense,Entertainment,9589,NO,NO,BANK TRANSFER,Chennai
T6812,U088,2023-02-16,Expense,Food,5552,NO,NO,CASH,Kolkata
T8341,U046,2022-09-17,Expense,Bonus,4644,NO,NO,CARD,Mumbai
T0184,U079,2024-12-23,Expense,Salary,3675,NO,NO,BANK TRANSFER,Jaipur
T10464,U134,2021-12-26,Expense,Rent,0,NO,NO,CASH,Pune
T1928,U058,2022-11-27,Expense,Utilities,5711,NO,NO,CARD,Hyderabad
T4601,U057,2024-04-10,Income,Education,46663,NO,NO,CASH,Ahmedabad
T9110,U053,2022-11-23,Expense,Food,7020,NO,NO,BANK TRANSFER,Delhi
T11736,U113,2021-04-06,Expense,Utilities,3012,NO,NO,UPI,Hyderabad
T11884,U113,2024-11-01,Expense,Freelance,5623,NO,NO,BANK TRANSFER,Unknown
T13817,U149,2023-07-21,Income,Rent,459085,NO,NO,UPI,Bangalore
T2397,U118,2022-02-01,Expense,Food,8615,NO,NO,UPI,Lucknow
T2384,U143,2022-03-02,Expense,Travel,9687,NO,NO,UPI,Lucknow
T13831,U016,2023-04-09,Expense,Health,3783,NO,NO,CASH,Delhi
T3432,U013,2024-05-12,Expense,Entertainment,1315,NO,NO,BANK TRANSFER,Pune
T0097,U025,2022-11-26,Expense,Salary,8293,NO,NO,BANK TRANSFER,Lucknow
T4190,U015,2023-11-18,Expense,Food,2280,NO,NO,CASH,Hyderabad
T11207,U041,2021-09-20,Expense,Education,5530,NO,NO,BANK TRANSFER,Hyderabad
T7771,U003,2022-03-16,Expense,Freelance,6239,NO,NO,CASH,Hyderabad
T5956,U095,2022-03-24,Expense,Rent,6625,NO,NO,CASH,Pune
T0508,U027,2023-10-20,Income,Rent,29482,NO,NO,CARD,Ahmedabad
T11664,U038,2021-09-12,Expense,Rent,1906,NO,NO,CARD,Kolkata
T7856,U085,2023-12-10,Expense,Food,4697,NO,NO,UPI,Jaipur
T9354,U050,2024-01-04,Expense,Education,8325,NO,NO,BANK TRANSFER,Pune
T2639,U143,2024-01-18,Income,Food,782862,NO,YES,CASH,Lucknow
T3451,U094,2023-06-11,Expense,Travel,1231,NO,NO,BANK TRANSFER,Delhi
T7167,U054,2023-05-25,Expense,Entertainment,8498,NO,NO,UPI,Unknown
T10910,U093,2021-12-03,Expense,Others,2808,NO,NO,CARD,Lucknow
T5512,U005,2024-10-08,Expense,Food,3688,NO,NO,BANK TRANSFER,Lucknow
T10596,U146,2021-05-29,Income,Food,19190,NO,NO,UNKNOWN,Mumbai
T1822,U037,2024-12-08,Expense,Food,5289,NO,NO,UPI,Kolkata
T9878,U059,2021-10-09,Income,Entertainment,38031,NO,NO,UNKNOWN,Jaipur
T2543,U033,2022-06-16,Expense,Food,1379,NO,NO,UPI,Pune
T9491,U082,2022-03-04,Expense,Utilities,4723,NO,NO,CARD,Chennai
T5551,U075,2021-04-22,Expense,Bonus,7555,NO,NO,UPI,Delhi
T10958,U043,2021-07-05,Income,Utilities,60182,NO,NO,UPI,Unknown
T1777,U050,2024-04-12,Income,Utilities,76182,NO,NO,BANK TRANSFER,Lucknow
T12875,U096,2024-07-05,Expense,Others,8746,NO,NO,CARD,Ahmedabad
T1102,U045,2021-09-18,Income,Health,44667,NO,NO,CASH,Pune
T1173,U066,2023-12-11,Expense,Travel,0,NO,NO,CASH,Lucknow
T3010,U030,2024-12-24,Expense,Utilities,2747,NO,NO,UPI,Bangalore
T10721,U051,2021-02-26,Expense,Food,1076,NO,NO,UPI,Delhi
T3186,U027,2024-01-14,Expense,Freelance,5132,NO,NO,CARD,Lucknow
T9129,U149,2023-12-22,Expense,Utilities,2325,NO,NO,CASH,Hyderabad
T7687,U029,2024-04-13,Expense,Freelance,6632,NO,NO,CARD,Mumbai
T13693,U016,2024-02-21,Expense,Savings,3262,NO,NO,CARD,Ahmedabad
T13812,U029,2024-06-15,Income,Travel,76046,NO,NO,CASH,Jaipur
T9532,U137,2021-07-22,Expense,Entertainment,789,NO,NO,CASH,Pune
T5672,U059,2022-08-19,Expense,Food,6124,NO,NO,CASH,Lucknow
T10947,U120,2024-06-29,Expense,Rent,5150,NO,NO,BANK TRANSFER,Lucknow
T13766,U041,2022-08-17,Expense,Rent,6791,NO,NO,CARD,Ahmedabad
T6486,U146,2023-06-24,Expense,Rent,4974,NO,NO,BANK TRANSFER,Hyderabad
T11315,U040,2022-02-01,Expense,Freelance,7742,NO,NO,BANK TRANSFER,Mumbai
T2298,U004,2024-01-14,Expense,Food,0,NO,NO,BANK TRANSFER,Lucknow
T9044,U089,2023-01-06,Expense,Travel,604,NO,NO,BANK TRANSFER,Chennai
T6352,U139,2023-02-05,Expense,Rent,9372,NO,NO,UPI,Pune
T3728,U109,2022-10-05,Expense,Rent,4000,NO,NO,BANK TRANSFER,Ahmedabad
T2550,U024,2022-10-06,Expense,Rent,27769,NO,NO,CARD,Unknown
T13916,U141,2023-11-28,Expense,Food,3435,NO,NO,UNKNOWN,Ahmedabad
T11390,U105,2024-08-02,Income,Food,58106,NO,NO,CASH,Kolkata
T5386,U088,2024-06-17,Expense,Utilities,8162,NO,NO,BANK TRANSFER,Jaipur
T1152,U051,2023-03-08,Expense,Entertainment,4907,NO,NO,CARD,Mumbai
T9976,U131,2023-10-14,Expense,Travel,3573,NO,NO,UPI,Unknown
T11404,U150,2023-06-30,Expense,Bonus,635,NO,NO,BANK TRANSFER,Delhi
T11917,U136,2023-05-12,Expense,Food,128,NO,NO,UNKNOWN,Hyderabad
T10768,U052,2023-12-04,Expense,Rent,7321,NO,NO,UPI,Lucknow
T10934,U032,2023-09-30,Expense,Investment,4035,NO,NO,UPI,Lucknow
T7474,U111,2023-10-26,Expense,Food,6081,NO,NO,UPI,Unknown
T3282,U148,2022-10-14,Expense,Food,29153,NO,NO,BANK TRANSFER,Bangalore
T0782,U118,2022-12-03,Income,Entertainment,53332,NO,NO,CARD,Kolkata
T7282,U106,2024-12-21,Expense,Uncategorised,1710,NO,NO,CARD,Lucknow
T4243,U104,2024-01-08,Expense,Salary,9864,NO,NO,UNKNOWN,Lucknow
T1856,U107,2021-12-15,Expense,Rent,7174,NO,NO,BANK TRANSFER,Pune
T4344,U146,2024-01-30,Expense,Rent,544,NO,NO,CARD,Pune
T0176,U133,2024-10-19,Expense,Travel,2838,NO,NO,BANK TRANSFER,Pune
T4564,U149,2021-01-31,Expense,Food,3226,NO,NO,CASH,Chennai
T4121,U054,2024-03-21,Income,Rent,46588,NO,NO,BANK TRANSFER,Chennai
T13560,U060,2024-09-17,Expense,Bonus,951,NO,NO,UPI,Jaipur
T2963,U063,2021-04-05,Expense,Freelance,0,NO,NO,UPI,Delhi
T9046,U038,2022-08-14,Expense,Others,261,NO,NO,CARD,Mumbai
T6537,U104,2023-02-15,Expense,Travel,16219,NO,NO,UPI,Mumbai
T10175,U065,2022-08-16,Expense,Rent,5833,NO,NO,CARD,Pune
T12776,U019,2021-04-14,Income,Food,22666,NO,NO,CASH,Bangalore
T5869,U115,2024-08-12,Expense,Rent,3718,NO,NO,BANK TRANSFER,Kolkata
T7109,U005,2021-11-05,Expense,Salary,2978,NO,NO,UPI,Unknown
T5943,U118,2024-03-30,Expense,Bonus,1722,NO,NO,CASH,Pune
T4273,U008,2021-03-24,Expense,Utilities,1864,NO,NO,CARD,Bangalore
T8650,U016,2023-02-21,Expense,Entertainment,4523,NO,NO,UPI,Chennai
T2646,U081,2024-09-08,Expense,Rent,5895,NO,NO,CASH,Jaipur
T0634,U030,2023-07-12,Expense,Entertainment,12318,NO,NO,BANK TRANSFER,Hyderabad
T11438,U004,2024-03-14,Expense,Food,4616,NO,NO,UPI,Delhi
T2930,U078,2023-03-21,Expense,Others,1636,NO,NO,CASH,Ahmedabad
T12270,U110,2021-07-27,Expense,Others,4102,NO,NO,CARD,Hyderabad
T1996,U006,2021-04-28,Expense,Others,5581,NO,NO,CARD,Bangalore
T7848,U050,2022-10-08,Expense,Food,3108,NO,NO,UNKNOWN,Unknown
T4277,U116,2024-07-02,Expense,Freelance,3438,NO,NO,BANK TRANSFER,Bangalore
T7180,U124,2023-10-18,Expense,Travel,7485,NO,NO,CARD,Kolkata
T4223,U013,2021-05-23,Expense,Food,2344,NO,NO,BANK TRANSFER,Bangalore
T10859,U081,2021-08-06,Expense,Food,1103,NO,NO,UPI,Pune
T12538,U059,2023-10-21,Expense,Entertainment,3975,NO,NO,CASH,Lucknow
T11229,U114,2023-05-07,Expense,Rent,654,NO,NO,UPI,Pune
T9708,U083,2021-08-10,Expense,Entertainment,4554,NO,NO,UPI,Mumbai
T11262,U075,2023-04-18,Expense,Education,2080,NO,NO,CARD,Bangalore
T9622,U074,2022-09-06,Expense,Food,9542,NO,NO,BANK TRANSFER,Lucknow
T0376,U067,2023-07-10,Income,Savings,44131,NO,NO,UNKNOWN,Kolkata
T5377,U021,2022-07-17,Income,Food,42147,NO,NO,BANK TRANSFER,Unknown
T8208,U077,2021-08-10,Income,Rent,13777,NO,NO,CASH,Hyderabad
T11056,U027,2023-06-26,Income,Utilities,0,NO,NO,UPI,Kolkata
T10090,U029,2021-09-03,Expense,Salary,8430,NO,NO,CARD,Delhi
T0817,U059,2022-07-23,Expense,Rent,999999,NO,YES,UPI,Bangalore
T7887,U140,2021-01-18,Expense,Entertainment,5508,NO,NO,UPI,Unknown
T10415,U088,2024-04-29,Income,Rent,58012,NO,NO,CARD,Bangalore
T5070,U015,2024-05-22,Expense,Utilities,6226,NO,NO,BANK TRANSFER,Unknown
T10650,U098,2024-06-11,Expense,Food,9556,NO,NO,CASH,Unknown
T0337,U123,2021-10-13,Expense,Food,7406,NO,NO,CARD,Kolkata
T7809,U088,2024-03-24,Expense,Food,3674,NO,NO,CASH,Jaipur
T9736,U116,2024-10-15,Expense,Others,3377,NO,NO,CARD,Unknown
T0578,U033,2022-08-02,Expense,Education,1112,NO,NO,CASH,Jaipur
T0564,U016,2024-04-12,Expense,Education,9308,NO,NO,CARD,Mumbai
T2593,U001,2023-02-26,Income,Rent,73568,NO,NO,UPI,Bangalore
T4650,U034,2021-05-30,Expense,Food,6610,NO,NO,UPI,Chennai
T0307,U115,2021-06-28,Expense,Health,1018,NO,NO,BANK TRANSFER,Mumbai
T3993,U105,2023-12-14,Expense,Others,5561,NO,NO,BANK TRANSFER,Mumbai
T8702,U010,2023-04-29,Expense,Rent,37378,NO,NO,CARD,Kolkata
T9034,U023,2022-11-08,Expense,Travel,409,NO,NO,CASH,Ahmedabad
T4618,U070,2021-02-21,Income,Rent,56722,NO,NO,BANK TRANSFER,Pune
T2976,U126,2024-07-31,Expense,Food,4985,NO,NO,BANK TRANSFER,Lucknow
T3331,U001,2023-02-22,Expense,Freelance,3076,NO,NO,CARD,Delhi
T7889,U017,2024-06-02,Expense,Food,7572,NO,NO,BANK TRANSFER,Chennai
T7702,U015,2023-12-27,Expense,Rent,9428,NO,NO,CASH,Delhi
T6221,U021,2021-12-20,Expense,Others,2900,NO,NO,UPI,Lucknow
T3296,U100,2023-12-13,Expense,Utilities,1360,NO,NO,CARD,Chennai
T1712,U128,2023-02-23,Expense,Rent,5845,NO,NO,UPI,Pune
T7039,U144,2021-05-13,Expense,Education,4807,NO,NO,BANK TRANSFER,Pune
T9329,U032,2021-07-08,Expense,Food,5048,NO,NO,CASH,Kolkata
T3749,U055,2022-10-31,Expense,Investment,6228,NO,NO,BANK TRANSFER,Ahmedabad
T8289,U148,2023-01-05,Expense,Travel,4832,NO,NO,CARD,Chennai
T1987,U026,2022-04-27,Expense,Utilities,3022,NO,NO,CASH,Ahmedabad
T0977,U147,2022-06-24,Expense,Rent,2357,NO,NO,UPI,Chennai
T11342,U102,2021-04-15,Income,Food,15555,NO,NO,UPI,Mumbai
T6751,U134,2023-09-03,Expense,Education,171,NO,NO,BANK TRANSFER,Mumbai
T11625,U028,2023-11-30,Income,Salary,12944,NO,NO,UNKNOWN,Jaipur
T12514,U045,2021-08-07,Expense,Utilities,8433,NO,NO,UPI,Kolkata
T5767,U080,2022-07-20,Expense,Travel,9364,NO,NO,BANK TRANSFER,Kolkata
T1556,U121,2024-01-19,Expense,Travel,2250,NO,NO,UPI,Hyderabad
T7572,U047,2022-04-20,Expense,Health,3168,NO,NO,BANK TRANSFER,Pune
T4976,U113,2022-08-19,Expense,Entertainment,432,NO,NO,UPI,Mumbai
T8817,U098,2021-09-15,Expense,Food,7537,NO,NO,CASH,Mumbai
T7514,U087,2024-05-27,Income,Food,52691,NO,NO,UPI,Hyderabad
T3599,U031,2022-06-24,Income,Health,75978,NO,NO,UNKNOWN,Delhi
T3674,U033,2024-03-23,Expense,Travel,6890,NO,NO,CARD,Pune
T3668,U134,2023-11-27,Expense,Food,2443,NO,NO,UPI,Pune
T9605,U023,2022-05-22,Expense,Freelance,46003,NO,NO,CASH,Hyderabad
T7915,U045,2021-12-18,Expense,Rent,13427,NO,NO,BANK TRANSFER,Unknown
T11610,U029,2022-04-28,Expense,Freelance,3852,NO,NO,CARD,Unknown
T7119,U149,2023-08-04,Expense,Food,1101,NO,NO,UPI,Chennai
T0519,U037,2021-11-26,Expense,Others,5693,NO,NO,BANK TRANSFER,Pune
T6222,U125,2024-04-04,Expense,Others,3873,NO,NO,CARD,Ahmedabad
T1639,U021,2024-08-04,Expense,Bonus,5071,NO,NO,BANK TRANSFER,Jaipur
T8202,U086,2021-09-19,Expense,Salary,8723,NO,NO,CARD,Lucknow
T3691,U150,2024-09-15,Expense,Investment,1203,NO,NO,BANK TRANSFER,Jaipur
T1279,U016,2021-07-25,Expense,Travel,3248,NO,NO,CARD,Jaipur
T6981,U092,2024-09-24,Expense,Investment,1247,NO,NO,UPI,Lucknow
T9102,U109,2021-05-17,Expense,Travel,5070,NO,NO,CARD,Kolkata
T10130,U003,2022-06-14,Expense,Health,1258,NO,NO,UNKNOWN,Hyderabad
T6215,U041,2022-01-26,Expense,Food,7832,NO,NO,UPI,Bangalore
T9621,U045,2024-04-04,Expense,Education,1785,NO,NO,CARD,Chennai
T8172,U058,2021-06-18,Expense,Investment,9292,NO,NO,UPI,Lucknow
T2281,U115,2021-12-28,Expense,Utilities,-1000,YES,NO,CARD,Unknown
T0747,U013,2021-07-01,Expense,Utilities,3091,NO,NO,UPI,Pune
T11469,U018,2024-02-02,Expense,Food,6261,NO,NO,CARD,Bangalore
T2173,U041,2024-06-18,Expense,Travel,8472,NO,NO,BANK TRANSFER,Chennai
T5522,U021,2022-11-25,Expense,Food,6662,NO,NO,UPI,Hyderabad
T12596,U069,2023-09-04,Expense,Food,9763,NO,NO,BANK TRANSFER,Lucknow
T0917,U013,2024-06-10,Expense,Utilities,4136,NO,NO,UPI,Unknown
T6507,U053,2021-09-12,Expense,Travel,6892,NO,NO,CASH,Kolkata
T7872,U095,2022-01-02,Expense,Travel,4368,NO,NO,CARD,Mumbai
T5617,U099,2021-11-29,Expense,Entertainment,7568,NO,NO,UPI,Pune
T4776,U140,2023-12-06,Expense,Utilities,2423,NO,NO,BANK TRANSFER,Lucknow
T7292,U017,2022-02-06,Expense,Investment,43387,NO,NO,CARD,Chennai
T1646,U034,2021-05-05,Income,Food,60979,NO,NO,UPI,Hyderabad
T11321,U124,2022-10-18,Expense,Travel,2541,NO,NO,UPI,Lucknow
T12517,U100,2024-02-04,Expense,Travel,5841,NO,NO,CARD,Jaipur
T4613,U131,2022-05-17,Expense,Food,814,NO,NO,BANK TRANSFER,Bangalore
T2974,U007,2024-10-02,Expense,Savings,3826,NO,NO,CASH,Jaipur
T2466,U111,2022-01-06,Income,Rent,43006,NO,NO,CASH,Lucknow
T12299,U145,2024-09-15,Income,Rent,66394,NO,NO,UPI,Bangalore
T11436,U080,2022-10-03,Income,Education,29568,NO,NO,BANK TRANSFER,Hyderabad
T2658,U118,2024-03-12,Expense,Food,7091,NO,NO,CARD,Hyderabad
T8018,U139,2024-07-20,Income,Investment,35930,NO,NO,CARD,Mumbai
T7978,U036,2022-08-25,Expense,Utilities,6278,NO,NO,BANK TRANSFER,Jaipur
T3762,U060,2023-01-13,Expense,Rent,4479,NO,NO,CARD,Chennai
T9872,U108,2021-11-12,Expense,Entertainment,4222,NO,NO,UPI,Bangalore
T1076,U109,2024-02-21,Expense,Rent,675,NO,NO,CASH,Jaipur
T3426,U097,2022-08-07,Income,Food,19576,NO,NO,BANK TRANSFER,Mumbai
T12603,U015,2024-05-21,Expense,Freelance,1816,NO,NO,BANK TRANSFER,Lucknow
T11280,U100,2022-02-27,Expense,Food,4808,NO,NO,CASH,Mumbai
T6568,U004,2024-09-25,Expense,Entertainment,2508,NO,NO,CARD,Jaipur
T0694,U130,2024-01-02,Expense,Rent,9177,NO,NO,CASH,Ahmedabad
T11700,U134,2021-06-07,Expense,Travel,1227,NO,NO,CASH,Hyderabad
T7527,U063,2023-12-22,Expense,Education,47588,NO,NO,CARD,Lucknow
T9165,U062,2022-04-11,Expense,Savings,1838,NO,NO,UPI,Chennai
T3548,U052,2021-10-10,Expense,Food,460,NO,NO,BANK TRANSFER,Lucknow
T10880,U040,2022-02-24,Expense,Investment,259,NO,NO,BANK TRANSFER,Kolkata
T5509,U028,2024-09-08,Expense,Travel,2452,NO,NO,CASH,Mumbai
T3729,U142,2023-10-30,Expense,Freelance,6326,NO,NO,CASH,Ahmedabad
T0118,U142,2022-08-03,Expense,Rent,8247,NO,NO,UPI,Pune
T12911,U044,2022-05-24,Expense,Salary,5178,NO,NO,BANK TRANSFER,Unknown
T2236,U048,2022-10-29,Expense,Utilities,2058,NO,NO,CASH,Chennai
T0369,U130,2023-05-12,Expense,Food,953,NO,NO,CARD,Kolkata
T12608,U048,2023-11-22,Expense,Travel,2204,NO,NO,UPI,Pune
T9924,U037,2024-05-03,Expense,Food,5004,NO,NO,BANK TRANSFER,Delhi
T4398,U100,2024-10-02,Income,Rent,37501,NO,NO,CARD,Kolkata
T9610,U092,2024-08-31,Expense,Food,8733,NO,NO,UNKNOWN,Unknown
T9804,U096,2023-02-01,Expense,Others,-500,YES,NO,UPI,Chennai
T11073,U129,2022-07-25,Expense,Others,1611,NO,NO,CASH,Pune
T4838,U010,2021-06-07,Expense,Misc,8300,NO,NO,BANK TRANSFER,Hyderabad
T12960,U085,2023-01-07,Expense,Investment,101,NO,NO,CASH,Bangalore
T1658,U066,2024-05-06,Expense,Rent,4785,NO,NO,UPI,Unknown
T13331,U058,2021-05-21,Income,Education,58650,NO,NO,CASH,Mumbai
T10590,U096,2021-12-25,Expense,Health,0,NO,NO,CASH,Ahmedabad
T9208,U086,2022-05-22,Income,Entertainment,77193,NO,NO,UPI,Lucknow
T2182,U049,2024-10-12,Expense,Entertainment,7260,NO,NO,UPI,Ahmedabad
T8805,U007,2022-01-02,Expense,Education,2493,NO,NO,UPI,Chennai
T1363,U106,2021-01-19,Expense,Food,3973,NO,NO,BANK TRANSFER,Kolkata
T5274,U033,2024-11-06,Expense,Food,1669,NO,NO,UPI,Ahmedabad
T2866,U069,2021-05-19,Expense,Investment,35278,NO,NO,CARD,Delhi
T10736,U129,2022-08-18,Expense,Savings,1373,NO,NO,BANK TRANSFER,Pune
T4567,U020,2022-07-06,Income,Education,41429,NO,NO,BANK TRANSFER,Kolkata
T9284,U061,2022-06-27,Expense,Travel,4654,NO,NO,UNKNOWN,Jaipur
T11640,U030,2021-08-05,Expense,Bonus,0,NO,NO,UPI,Lucknow
T2120,U134,2023-12-10,Expense,Travel,1716,NO,NO,CASH,Unknown
T11174,U136,2021-05-30,Expense,Entertainment,8101,NO,NO,CASH,Chennai
T2622,U020,2024-01-24,Expense,Education,0,NO,NO,BANK TRANSFER,Unknown
T2436,U125,2023-11-09,Expense,Entertainment,3456,NO,NO,UPI,Ahmedabad
T6506,U128,2021-10-02,Expense,Utilities,9609,NO,NO,CARD,Mumbai
T2228,U145,2022-01-19,Expense,Utilities,8773,NO,NO,CARD,Delhi
T2078,U115,2022-12-09,Expense,Others,5854,NO,NO,UPI,Ahmedabad
T10015,U093,2023-01-06,Expense,Food,0,NO,NO,CARD,Pune
T3692,U048,2023-04-05,Expense,Travel,3973,NO,NO,UPI,Pune
T3090,U130,2024-06-30,Expense,Freelance,4780,NO,NO,BANK TRANSFER,Jaipur
T6838,U149,2023-05-16,Expense,Entertainment,5933,NO,NO,BANK TRANSFER,Pune
T5038,U144,2022-09-26,Income,Health,30258,NO,NO,UNKNOWN,Chennai
T11874,U108,2022-01-03,Expense,Food,4388,NO,NO,CASH,Kolkata
T9868,U081,2021-04-18,Income,Utilities,42493,NO,NO,CASH,Pune
T4292,U134,2023-08-23,Expense,Food,3869,NO,NO,CARD,Delhi
T3219,U128,2021-02-03,Expense,Food,1095,NO,NO,CASH,Bangalore
T6109,U045,2023-01-26,Expense,Food,25950,NO,NO,UPI,Jaipur
T11399,U067,2022-12-23,Expense,Food,8412,NO,NO,CARD,Mumbai
T7912,U115,2022-06-15,Expense,Education,5195,NO,NO,UPI,Lucknow
T6246,U067,2021-04-27,Expense,Rent,1397,NO,NO,UNKNOWN,Mumbai
T3764,U072,2024-01-31,Income,Rent,44788,NO,NO,BANK TRANSFER,Hyderabad
T9397,U077,2021-06-11,Expense,Others,2221,NO,NO,UPI,Mumbai
T10083,U107,2022-08-27,Expense,Salary,7115,NO,NO,CASH,Hyderabad
T0128,U035,2023-03-22,Expense,Salary,7155,NO,NO,CARD,Chennai
T5666,U029,2022-02-16,Expense,Food,3557,NO,NO,BANK TRANSFER,Hyderabad
T12685,U042,2021-09-16,Expense,Education,9007,NO,NO,BANK TRANSFER,Chennai
T13321,U105,2022-05-24,Expense,Entertainment,1908,NO,NO,CASH,Bangalore
T5460,U080,2021-11-08,Expense,Travel,15549,NO,NO,CARD,Kolkata
T7422,U051,2023-05-16,Expense,Rent,9570,NO,NO,BANK TRANSFER,Chennai
T2747,U080,2021-08-29,Expense,Food,6312,NO,NO,BANK TRANSFER,Kolkata
T5652,U018,2024-08-26,Expense,Others,1536,NO,NO,CASH,Bangalore
T10804,U050,2023-02-11,Expense,Health,4325,NO,NO,UPI,Chennai
T0478,U130,2024-01-20,Income,Travel,78084,NO,NO,BANK TRANSFER,Hyderabad
T5101,U128,2022-06-20,Expense,Food,3476,NO,NO,CASH,Chennai
T13151,U067,2021-11-24,Expense,Uncategorised,5198,NO,NO,CASH,Mumbai
T9550,U109,2024-08-22,Expense,Food,2168,NO,NO,BANK TRANSFER,Lucknow
T10361,U014,2024-04-30,Expense,Travel,6549,NO,NO,CARD,Kolkata
T5885,U119,2021-11-05,Expense,Food,1130,NO,NO,CARD,Ahmedabad
T5286,U134,2021-06-05,Expense,Salary,9185,NO,NO,CARD,Ahmedabad
T8861,U110,2021-07-19,Income,Food,11323,NO,NO,UPI,Chennai
T9563,U022,2022-09-19,Income,Rent,58453,NO,NO,CARD,Lucknow
T3019,U143,2022-04-07,Expense,Health,9651,NO,NO,UPI,Ahmedabad
T9576,U132,2023-06-24,Expense,Utilities,1926,NO,NO,UPI,Delhi
T4792,U136,2022-03-17,Expense,Utilities,28183,NO,NO,UPI,Chennai
T12281,U137,2024-05-21,Expense,Utilities,1065,NO,NO,CARD,Kolkata
T13222,U074,2024-03-03,Expense,Rent,1815,NO,NO,CARD,Ahmedabad
T1247,U031,2021-02-25,Expense,Food,5081,NO,NO,UPI,Pune
T12403,U004,2023-11-10,Income,Food,59543,NO,NO,UPI,Lucknow
T0797,U053,2023-01-11,Income,Savings,19991,NO,NO,CASH,Unknown
T0346,U109,2021-08-17,Expense,Rent,7149,NO,NO,CASH,Unknown
T3042,U012,2024-11-07,Expense,Travel,4640,NO,NO,BANK TRANSFER,Jaipur
T13711,U071,2021-10-18,Expense,Entertainment,289,NO,NO,BANK TRANSFER,Mumbai
T7592,U142,2021-03-17,Expense,Utilities,4922,NO,NO,CASH,Bangalore
T6699,U080,2021-07-04,Income,Food,65697,NO,NO,BANK TRANSFER,Chennai
T6202,U131,2021-01-07,Expense,Travel,4960,NO,NO,UPI,Lucknow
T9776,U004,2024-09-23,Expense,Salary,2513,NO,NO,BANK TRANSFER,Lucknow
T9669,U006,2022-10-05,Expense,Food,1151,NO,NO,UPI,Lucknow
T1202,U072,2022-03-12,Expense,Utilities,7892,NO,NO,BANK TRANSFER,Hyderabad
T1012,U138,2023-01-21,Expense,Food,32664,NO,NO,CARD,Jaipur
T12502,U132,2021-12-17,Expense,Food,8568,NO,NO,CARD,Chennai
T11763,U134,2021-05-20,Expense,Food,4512,NO,NO,BANK TRANSFER,Hyderabad
T13107,U080,2024-12-29,Expense,Education,168,NO,NO,UPI,Ahmedabad
T13191,U144,2023-10-16,Expense,Utilities,6165,NO,NO,BANK TRANSFER,Bangalore
T5461,U115,2021-12-09,Expense,Entertainment,6703,NO,NO,BANK TRANSFER,Ahmedabad
T5651,U075,2024-03-11,Expense,Entertainment,174,NO,NO,UPI,Unknown
T10656,U060,2024-03-21,Income,Food,59928,NO,NO,CARD,Chennai
T4624,U014,2023-10-28,Expense,Rent,4292,NO,NO,BANK TRANSFER,Unknown
T3513,U031,2021-06-02,Expense,Entertainment,9762,NO,NO,BANK TRANSFER,Delhi
T10679,U137,2024-06-05,Expense,Utilities,3341,NO,NO,CASH,Bangalore
T13562,U145,2022-09-26,Expense,Others,5984,NO,NO,CARD,Ahmedabad
T10659,U117,2023-08-24,Expense,Food,9894,NO,NO,BANK TRANSFER,Bangalore
T2018,U074,2022-10-27,Expense,Rent,983,NO,NO,CARD,Bangalore
T8466,U066,2021-09-12,Income,Salary,38299,NO,NO,UNKNOWN,Jaipur
T4334,U133,2023-05-07,Income,Savings,14036,NO,NO,CARD,Chennai
T13131,U080,2024-04-28,Expense,Travel,5322,NO,NO,UPI,Unknown
T3253,U032,2024-04-17,Expense,Rent,7397,NO,NO,UPI,Unknown
T7332,U118,2022-06-17,Expense,Entertainment,4897,NO,NO,CARD,Delhi
T10868,U117,2021-05-03,Expense,Salary,9431,NO,NO,CARD,Pune
T10735,U036,2024-01-24,Expense,Food,24769,NO,NO,CARD,Unknown
T5488,U121,2022-04-15,Expense,Rent,999999999,NO,YES,BANK TRANSFER,Pune
T12506,U034,2023-04-24,Expense,Education,2539,NO,NO,CARD,Mumbai
T1424,U026,2022-02-01,Expense,Investment,7427,NO,NO,CASH,Chennai
T9617,U115,2021-12-25,Expense,Utilities,8575,NO,NO,BANK TRANSFER,Unknown
T11639,U100,2021-12-29,Income,Rent,12835,NO,NO,UPI,Mumbai
T6696,U136,2024-10-04,Expense,Rent,7696,NO,NO,CASH,Ahmedabad
T2235,U052,2022-11-17,Expense,Food,4283,NO,NO,CARD,Jaipur
T1161,U053,2024-04-26,Income,Travel,52838,NO,NO,CASH,Lucknow
T8001,U025,2023-10-21,Expense,Education,6555,NO,NO,CARD,Unknown
T13936,U125,2022-06-30,Income,Bonus,66829,NO,NO,CASH,Pune
T10951,U050,2022-03-14,Expense,Others,9833,NO,NO,CASH,Delhi
T8216,U034,2024-11-21,Expense,Bonus,1699,NO,NO,CASH,Bangalore
T13245,U032,2024-07-21,Income,Bonus,79575,NO,NO,BANK TRANSFER,Kolkata
T5042,U008,2023-07-13,Expense,Entertainment,2082,NO,NO,CASH,Delhi
T7240,U046,2023-11-25,Expense,Others,9240,NO,NO,BANK TRANSFER,Hyderabad
T2835,U097,2021-09-06,Expense,Others,1254,NO,NO,CASH,Lucknow
T8455,U051,2021-06-08,Income,Rent,23875,NO,NO,CASH,Lucknow
T8470,U140,2021-04-26,Expense,Rent,3247,NO,NO,CASH,Jaipur
T6510,U051,2021-03-08,Expense,Investment,1702,NO,NO,CARD,Delhi
T8479,U106,2022-11-09,Expense,Food,18126,NO,NO,CASH,Kolkata
T7079,U046,2023-02-23,Expense,Food,4738,NO,NO,CARD,Chennai
T4432,U102,2022-05-21,Expense,Utilities,7130,NO,NO,UPI,Unknown
T7529,U117,2024-04-08,Expense,Education,4968,NO,NO,CARD,Delhi
T6791,U018,2024-01-04,Expense,Savings,1289,NO,NO,BANK TRANSFER,Chennai
T9958,U046,2023-03-02,Expense,Food,9037,NO,NO,UPI,Mumbai
T8089,U019,2021-10-30,Expense,Rent,3031,NO,NO,UPI,Jaipur
T12298,U097,2022-08-23,Expense,Utilities,8401,NO,NO,CASH,Delhi
T6151,U045,2021-03-20,Expense,Utilities,1327,NO,NO,BANK TRANSFER,Mumbai
T10793,U070,2022-12-08,Expense,Investment,9979,NO,NO,BANK TRANSFER,Unknown
T12997,U072,2021-07-01,Expense,Travel,5029,NO,NO,CARD,Delhi
T3474,U009,2022-09-27,Expense,Savings,1193,NO,NO,CARD,Kolkata
T9101,U061,2023-10-14,Expense,Entertainment,6375,NO,NO,CASH,Bangalore
T0025,U057,2024-11-26,Expense,Others,35450,NO,NO,BANK TRANSFER,Jaipur
T0955,U087,2022-10-01,Expense,Salary,2176,NO,NO,BANK TRANSFER,Unknown
T12432,U085,2024-09-10,Expense,Rent,8293,NO,NO,CASH,Kolkata
T4995,U071,2024-02-08,Expense,Bonus,5328,NO,NO,CASH,Bangalore
T1873,U131,2024-07-08,Income,Rent,17389,NO,NO,UPI,Unknown
T7308,U025,2022-11-16,Income,Entertainment,75843,NO,NO,CASH,Ahmedabad
T1281,U027,2022-05-20,Expense,Rent,7358,NO,NO,CARD,Pune
T6924,U119,2024-01-15,Expense,Rent,412,NO,NO,BANK TRANSFER,Ahmedabad
T0189,U052,2024-12-03,Income,Education,33176,NO,NO,BANK TRANSFER,Bangalore
T0551,U136,2023-11-29,Expense,Entertainment,485,NO,NO,CASH,Lucknow
T2987,U011,2023-04-18,Expense,Entertainment,6722,NO,NO,UPI,Hyderabad
T6373,U061,2024-06-12,Expense,Investment,3531,NO,NO,BANK TRANSFER,Unknown
T8634,U094,2022-08-02,Expense,Freelance,9891,NO,NO,UPI,Lucknow
T4149,U034,2024-05-17,Expense,Food,4376,NO,NO,UPI,Ahmedabad
T9137,U022,2023-01-11,Expense,Rent,5269,NO,NO,BANK TRANSFER,Kolkata
T7322,U087,2021-01-06,Expense,Travel,4192,NO,NO,UPI,Delhi
T11237,U072,2022-06-27,Expense,Freelance,1930,NO,NO,CARD,Delhi
T13170,U022,2021-09-07,Expense,Food,1115,NO,NO,BANK TRANSFER,Jaipur
T12012,U118,2022-07-07,Expense,Travel,4879,NO,NO,BANK TRANSFER,Jaipur
T5231,U085,2023-07-03,Expense,Investment,0,NO,NO,UPI,Hyderabad
T8503,U148,2022-04-25,Income,Food,56269,NO,NO,CARD,Ahmedabad
T1742,U072,2023-04-26,Expense,Savings,2827,NO,NO,CARD,Hyderabad
T4720,U016,2021-06-22,Expense,Rent,7023,NO,NO,BANK TRANSFER,Pune
T1743,U141,2022-09-12,Expense,Utilities,1546,NO,NO,CARD,Hyderabad
T0489,U090,2022-01-17,Expense,Rent,8526,NO,NO,CASH,Kolkata
T4612,U124,2022-04-30,Expense,Travel,4701,NO,NO,BANK TRANSFER,Chennai
T9410,U027,2023-04-10,Expense,Food,6128,NO,NO,CARD,Kolkata
T4638,U013,2024-10-12,Expense,Food,44357,NO,NO,CARD,Mumbai
T1400,U039,2023-01-30,Expense,Travel,19407,NO,NO,UPI,Pune
T7042,U038,2021-08-28,Expense,Education,575,NO,NO,BANK TRANSFER,Delhi
T12643,U113,2024-02-19,Expense,Food,8714,NO,NO,CARD,Pune
T2654,U067,2023-06-12,Expense,Rent,187,NO,NO,CASH,Pune
T2629,U031,2024-07-20,Expense,Food,9635,NO,NO,BANK TRANSFER,Bangalore
T13587,U075,2022-04-07,Expense,Education,0,NO,NO,BANK TRANSFER,Delhi
T2610,U004,2022-12-30,Expense,Rent,2896,NO,NO,UPI,Lucknow
T9496,U124,2024-07-28,Expense,Food,2435,NO,NO,UPI,Kolkata
T11644,U026,2024-09-23,Expense,Health,7322,NO,NO,BANK TRANSFER,Chennai
T4860,U139,2021-09-14,Expense,Freelance,2889,NO,NO,CARD,Unknown
T0993,U081,2024-02-19,Expense,Food,1275,NO,NO,CASH,Pune
T10558,U104,2023-10-30,Expense,Travel,3995,NO,NO,CARD,Hyderabad
T2521,U068,2023-11-08,Expense,Others,638,NO,NO,CARD,Bangalore
T9062,U048,2024-05-21,Expense,Utilities,2201,NO,NO,UPI,Chennai
T6523,U010,2023-05-12,Income,Others,365282,NO,NO,BANK TRANSFER,Ahmedabad
T4342,U098,2022-01-25,Income,Freelance,36962,NO,NO,CASH,Hyderabad
T13369,U068,2024-04-10,Expense,Rent,20467,NO,NO,CASH,Delhi
T0186,U104,2024-10-26,Expense,Rent,6957,NO,NO,CARD,Chennai
T6178,U100,2023-05-31,Expense,Food,7388,NO,NO,BANK TRANSFER,Pune
T6598,U004,2024-01-24,Expense,Utilities,8523,NO,NO,UPI,Chennai
T11659,U085,2024-02-23,Expense,Freelance,8145,NO,NO,UPI,Jaipur
T12240,U108,2022-08-28,Expense,Rent,1162,NO,NO,UPI,Mumbai
T7193,U034,2021-01-04,Income,Freelance,54312,NO,NO,CARD,Lucknow
T9728,U113,2023-11-12,Expense,Education,21272,NO,NO,CASH,Jaipur
T12047,U102,2022-08-20,Expense,Uncategorised,9581,NO,NO,CARD,Lucknow
T0956,U049,2023-08-08,Expense,Food,559,NO,NO,CASH,Kolkata
T0806,U061,2022-03-09,Expense,Savings,6727,NO,NO,UPI,Delhi
T12275,U044,2022-04-30,Expense,Freelance,1640,NO,NO,BANK TRANSFER,Delhi
T13800,U102,2021-11-30,Income,Travel,56832,NO,NO,CASH,Pune
T8785,U120,2022-09-05,Expense,Food,4051,NO,NO,CARD,Bangalore
T5334,U039,2024-12-31,Expense,Health,8868,NO,NO,CARD,Jaipur
T0851,U100,2021-04-23,Income,Entertainment,53888,NO,NO,CASH,Pune
T6066,U112,2022-01-07,Expense,Food,5796,NO,NO,UPI,Pune
T7642,U025,2022-01-04,Expense,Travel,26260,NO,NO,CASH,Ahmedabad
T8061,U069,2022-01-07,Expense,Food,5970,NO,NO,UPI,Bangalore
T0493,U110,2021-09-11,Expense,Travel,2076,NO,NO,CASH,Chennai
T6863,U014,2021-05-04,Expense,Rent,8245,NO,NO,UPI,Chennai
T10712,U124,2021-05-15,Expense,Food,8136,NO,NO,UPI,Lucknow
T11721,U115,2022-07-05,Expense,Bonus,1007,NO,NO,CARD,Ahmedabad
T6785,U113,2023-07-23,Expense,Food,8290,NO,NO,BANK TRANSFER,Hyderabad
T9627,U036,2023-04-04,Income,Education,30386,NO,NO,CARD,Lucknow
T9852,U119,2022-10-15,Expense,Rent,7670,NO,NO,CARD,Mumbai
T5270,U103,2022-10-12,Expense,Savings,2197,NO,NO,UPI,Delhi
T7882,U035,2022-09-09,Expense,Rent,3197,NO,NO,CASH,Kolkata
T6433,U097,2021-02-21,Expense,Food,4067,NO,NO,BANK TRANSFER,Pune
T2722,U025,2024-09-10,Expense,Rent,3161,NO,NO,BANK TRANSFER,Mumbai
T8182,U129,2024-03-20,Expense,Rent,2919,NO,NO,CARD,Chennai
T6502,U126,2022-02-14,Income,Food,48704,NO,NO,UPI,Pune
T9915,U051,2023-09-09,Expense,Rent,2650,NO,NO,CARD,Ahmedabad
T5175,U080,2024-04-12,Expense,Rent,7463,NO,NO,CASH,Jaipur
T3470,U004,2022-10-24,Expense,Rent,1259,NO,NO,UPI,Hyderabad
T5489,U095,2023-02-17,Income,Entertainment,41028,NO,NO,CARD,Unknown
T1503,U107,2021-04-13,Expense,Food,3493,NO,NO,CASH,Jaipur
T3350,U076,2022-01-31,Expense,Utilities,-1000,YES,NO,BANK TRANSFER,Delhi
T2196,U145,2024-10-31,Expense,Investment,934,NO,NO,CARD,Mumbai
T2943,U090,2021-08-05,Expense,Bonus,3813,NO,NO,CASH,Hyderabad
T9447,U038,2024-08-04,Income,Health,17994,NO,NO,BANK TRANSFER,Jaipur
T4121,U095,2022-07-10,Expense,Food,8498,NO,NO,UPI,Hyderabad
T6607,U117,2023-09-14,Income,Food,55338,NO,NO,BANK TRANSFER,Kolkata
T11890,U087,2024-11-30,Expense,Travel,2655,NO,NO,CASH,Mumbai
T7858,U082,2023-01-11,Expense,Food,6844,NO,NO,CARD,Lucknow
T7935,U059,2023-07-20,Expense,Health,999999,NO,YES,CASH,Hyderabad
T12025,U030,2021-02-13,Expense,Rent,886,NO,NO,BANK TRANSFER,Hyderabad
T8818,U032,2021-10-30,Expense,Food,4716,NO,NO,CASH,Pune
T0152,U045,2024-12-20,Expense,Rent,4347,NO,NO,UPI,Mumbai
T10451,U121,2024-02-13,Expense,Salary,14825,NO,NO,CARD,Unknown
T7892,U143,2022-08-12,Income,Food,386183,NO,NO,BANK TRANSFER,Delhi
T8698,U063,2021-11-04,Expense,Uncategorised,3585,NO,NO,CASH,Kolkata
T9196,U077,2021-12-08,Expense,Utilities,2222,NO,NO,CASH,Pune
T1539,U106,2021-08-27,Expense,Utilities,9783,NO,NO,CASH,Lucknow
T9415,U113,2021-10-24,Expense,Rent,45676,NO,NO,UPI,Lucknow
T7063,U079,2024-09-15,Expense,Salary,3538,NO,NO,UPI,Delhi
T12249,U045,2021-02-20,Expense,Food,4958,NO,NO,UPI,Bangalore
T12831,U115,2023-09-17,Expense,Investment,4542,NO,NO,CASH,Kolkata
T0246,U115,2023-02-20,Expense,Investment,2813,NO,NO,CASH,Chennai
T5691,U103,2022-09-09,Expense,Entertainment,7819,NO,NO,BANK TRANSFER,Mumbai
T11184,U109,2024-05-13,Expense,Freelance,6700,NO,NO,UNKNOWN,Hyderabad
T3529,U017,2024-01-23,Expense,Health,7393,NO,NO,CASH,Bangalore
T5954,U092,2021-09-21,Expense,Food,9832,NO,NO,CARD,Kolkata
T4479,U102,2022-08-05,Income,Others,29319,NO,NO,UPI,Chennai
T7199,U021,2022-07-05,Expense,Rent,8386,NO,NO,CASH,Mumbai
T13629,U033,2021-07-28,Expense,Health,21280,NO,NO,UPI,Pune
T0050,U102,2022-04-11,Income,Entertainment,73956,NO,NO,UNKNOWN,Unknown
T10183,U137,2021-09-22,Expense,Others,5835,NO,NO,BANK TRANSFER,Chennai
T8169,U139,2022-10-01,Expense,Entertainment,7649,NO,NO,CASH,Hyderabad
T3538,U038,2021-11-14,Expense,Entertainment,5866,NO,NO,CASH,Bangalore
T0999,U145,2022-08-05,Expense,Rent,9295,NO,NO,BANK TRANSFER,Lucknow
T4452,U060,2023-03-30,Income,Food,33783,NO,NO,CARD,Pune
T6613,U122,2024-01-18,Expense,Travel,27774,NO,NO,UPI,Bangalore
T4806,U066,2022-09-13,Expense,Salary,983,NO,NO,UNKNOWN,Bangalore
T5576,U009,2023-12-07,Expense,Food,3790,NO,NO,UPI,Lucknow
T12633,U023,2024-01-13,Expense,Rent,4451,NO,NO,BANK TRANSFER,Pune
T13815,U065,2021-07-03,Expense,Rent,8467,NO,NO,BANK TRANSFER,Lucknow
T10033,U101,2021-11-12,Income,Food,37773,NO,NO,BANK TRANSFER,Pune
T12989,U134,2024-09-18,Income,Food,21409,NO,NO,BANK TRANSFER,Pune
T10635,U083,2023-10-03,Income,Investment,12318,NO,NO,CARD,Jaipur
T1472,U058,2024-04-21,Expense,Utilities,1499,NO,NO,UPI,Lucknow
T10927,U100,2023-09-17,Expense,Utilities,38688,NO,NO,CASH,Bangalore
T2809,U044,2021-02-12,Expense,Rent,6859,NO,NO,CARD,Hyderabad
T12131,U146,2022-12-23,Expense,Savings,3832,NO,NO,UNKNOWN,Lucknow
T9255,U014,2024-12-06,Income,Food,107734,NO,NO,UPI,Ahmedabad
T4022,U138,2024-11-01,Income,Health,12380,NO,NO,CASH,Chennai
T13134,U058,2023-11-01,Expense,Food,8614,NO,NO,BANK TRANSFER,Jaipur
T0228,U088,2024-05-06,Expense,Misc,0,NO,NO,BANK TRANSFER,Bangalore
T1855,U074,2024-01-06,Expense,Food,14410,NO,NO,CARD,Jaipur
T10435,U053,2023-02-27,Expense,Rent,8471,NO,NO,CARD,Unknown
T8677,U019,2024-09-16,Expense,Bonus,2133,NO,NO,CASH,Kolkata
T2416,U056,2023-01-30,Income,Investment,77582,NO,NO,CARD,Chennai
T11397,U112,2024-10-23,Income,Others,45360,NO,NO,CARD,Jaipur
T13119,U047,2021-01-13,Expense,Education,1845,NO,NO,CARD,Chennai
T4156,U111,2021-11-17,Expense,Health,4142,NO,NO,CARD,Lucknow
T9899,U041,2023-09-17,Income,Rent,61926,NO,NO,CASH,Pune
T11009,U145,2024-04-24,Expense,Utilities,8099,NO,NO,BANK TRANSFER,Lucknow
T7656,U128,2023-04-07,Expense,Food,2532,NO,NO,UPI,Unknown
T12158,U124,2023-06-22,Expense,Freelance,1667,NO,NO,CARD,Unknown
T11860,U110,2021-07-10,Expense,Rent,8061,NO,NO,CASH,Unknown
T8511,U134,2022-06-17,Expense,Education,3769,NO,NO,UPI,Chennai
T4302,U014,2023-09-22,Expense,Food,36134,NO,NO,CARD,Jaipur
T10018,U004,2022-03-03,Expense,Rent,9044,NO,NO,CARD,Hyderabad
T4351,U145,2021-11-04,Expense,Travel,9312,NO,NO,UNKNOWN,Jaipur
T12613,U002,2023-05-08,Expense,Education,4359,NO,NO,UPI,Pune
T3068,U060,2022-01-06,Expense,Travel,1050,NO,NO,CASH,Jaipur
T4456,U047,2021-03-13,Expense,Utilities,440,NO,NO,UPI,Ahmedabad
T2905,U099,2022-05-15,Expense,Freelance,47954,NO,NO,UPI,Bangalore
T6295,U050,2024-04-18,Expense,Others,2902,NO,NO,CARD,Kolkata
T0767,U036,2023-11-01,Income,Investment,45181,NO,NO,BANK TRANSFER,Unknown
T6226,U020,2021-10-14,Expense,Rent,3663,NO,NO,UPI,Lucknow
T2262,U020,2021-03-19,Expense,Education,4398,NO,NO,BANK TRANSFER,Ahmedabad
T12389,U020,2023-01-21,Expense,Utilities,3491,NO,NO,CASH,Pune
T2361,U021,2023-01-23,Expense,Entertainment,2659,NO,NO,CARD,Ahmedabad
T0214,U053,2024-10-12,Expense,Travel,-1000,YES,NO,CARD,Lucknow
T11542,U123,2022-12-19,Expense,Education,842,NO,NO,BANK TRANSFER,Ahmedabad
T3514,U121,2023-08-29,Expense,Rent,980,NO,NO,CARD,Chennai
T5871,U100,2022-02-27,Expense,Rent,3548,NO,NO,BANK TRANSFER,Pune
T12599,U134,2021-02-20,Income,Freelance,67474,NO,NO,BANK TRANSFER,Pune
T0312,U065,2021-08-02,Expense,Travel,4465,NO,NO,CASH,Ahmedabad
T3895,U138,2022-03-23,Expense,Education,9742,NO,NO,CARD,Mumbai
T1782,U087,2022-06-16,Expense,Travel,15843,NO,NO,CASH,Lucknow
T9049,U041,2022-08-11,Expense,Education,-500,YES,NO,UPI,Jaipur
T2815,U036,2021-04-23,Expense,Salary,5987,NO,NO,CASH,Delhi
T8749,U014,2023-09-04,Income,Investment,35347,NO,NO,BANK TRANSFER,Pune
T8298,U068,2021-03-03,Expense,Food,13246,NO,NO,BANK TRANSFER,Chennai
T10543,U110,2024-04-18,Expense,Rent,6683,NO,NO,CASH,Pune
T13649,U123,2022-05-17,Expense,Rent,9477,NO,NO,BANK TRANSFER,Hyderabad
T3043,U121,2024-07-21,Expense,Education,425,NO,NO,CASH,Kolkata
T11699,U010,2021-08-18,Income,Rent,48888,NO,NO,CASH,Ahmedabad
T0990,U084,2022-06-22,Expense,Food,1301,NO,NO,CASH,Kolkata
T7653,U105,2021-11-28,Expense,Education,33370,NO,NO,BANK TRANSFER,Unknown
T13747,U100,2022-04-09,Income,Education,75671,NO,NO,CASH,Unknown
T4666,U083,2022-01-07,Expense,Food,5210,NO,NO,CASH,Delhi
T7125,U145,2024-10-31,Expense,Food,7179,NO,NO,CARD,Bangalore
T8924,U028,2024-01-11,Expense,Food,5861,NO,NO,CARD,Pune
T3530,U111,2022-08-03,Expense,Bonus,7480,NO,NO,BANK TRANSFER,Bangalore
T11205,U075,2023-10-24,Income,Food,57220,NO,NO,CARD,Jaipur
T10164,U023,2024-06-02,Expense,Utilities,999999,NO,YES,UPI,Chennai
T3883,U010,2023-01-26,Expense,Food,8132,NO,NO,UPI,Bangalore
T5614,U064,2023-11-27,Expense,Food,0,NO,NO,UNKNOWN,Unknown
T8806,U011,2021-11-13,Expense,Rent,1397,NO,NO,CASH,Hyderabad
T13675,U111,2021-12-15,Expense,Education,4169,NO,NO,UPI,Pune
T10366,U010,2024-02-17,Income,Travel,0,NO,NO,UPI,Kolkata
T2063,U080,2023-10-19,Expense,Travel,2572,NO,NO,CASH,Mumbai
T11589,U030,2022-11-28,Expense,Others,330,NO,NO,UPI,Jaipur
T7860,U130,2024-06-10,Expense,Health,4406,NO,NO,UPI,Bangalore
T1504,U131,2024-03-01,Expense,Food,9862,NO,NO,UNKNOWN,Hyderabad
T3107,U127,2022-09-23,Expense,Utilities,0,NO,NO,CASH,Ahmedabad
T4719,U106,2022-04-30,Expense,Rent,8139,NO,NO,BANK TRANSFER,Ahmedabad
T11634,U075,2024-12-29,Expense,Travel,5286,NO,NO,CARD,Pune
T7081,U136,2022-07-17,Expense,Freelance,565,NO,NO,CARD,Jaipur
T6937,U053,2022-09-17,Expense,Rent,9147,NO,NO,CARD,Pune
T4548,U090,2022-10-20,Expense,Others,1920,NO,NO,UPI,Chennai
T13891,U012,2021-05-24,Income,Food,79605,NO,NO,UNKNOWN,Jaipur
T3274,U080,2022-07-11,Expense,Rent,314,NO,NO,BANK TRANSFER,Delhi
T7293,U063,2024-11-22,Income,Education,962863,NO,YES,BANK TRANSFER,Kolkata
T13947,U099,2023-09-08,Expense,Travel,6687,NO,NO,BANK TRANSFER,Chennai
T8053,U028,2024-11-27,Income,Travel,33770,NO,NO,CASH,Mumbai
T6160,U012,2022-05-23,Income,Others,78356,NO,NO,BANK TRANSFER,Ahmedabad
T12038,U085,2021-12-15,Income,Others,55365,NO,NO,CASH,Mumbai
T12441,U043,2022-06-03,Income,Utilities,62437,NO,NO,CARD,Bangalore
T5831,U087,2021-05-20,Income,Utilities,39070,NO,NO,CASH,Pune
T8153,U094,2023-01-14,Expense,Education,230,NO,NO,UPI,Bangalore
T1441,U014,2024-11-22,Income,Utilities,16678,NO,NO,UPI,Chennai
T2689,U105,2021-06-16,Expense,Bonus,7842,NO,NO,UPI,Pune
T4796,U002,2021-09-30,Expense,Salary,7918,NO,NO,CARD,Hyderabad
T10548,U111,2022-05-08,Expense,Food,1789,NO,NO,UPI,Kolkata
T8830,U013,2021-04-07,Expense,Travel,2819,NO,NO,CARD,Hyderabad
T5880,U006,2024-07-09,Income,Health,26468,NO,NO,CARD,Delhi
T9256,U132,2023-05-20,Expense,Rent,7249,NO,NO,BANK TRANSFER,Bangalore
T3409,U062,2021-11-29,Expense,Education,8471,NO,NO,CASH,Mumbai
T2282,U126,2024-07-19,Expense,Food,217,NO,NO,UPI,Chennai
T5912,U120,2021-12-20,Expense,Travel,2352,NO,NO,CASH,Ahmedabad
T9157,U057,2022-02-08,Expense,Salary,361,NO,NO,BANK TRANSFER,Bangalore
T5002,U109,2022-07-19,Expense,Salary,7284,NO,NO,CARD,Unknown
T13961,U150,2022-06-20,Expense,Entertainment,6490,NO,NO,CASH,Pune
T13481,U056,2022-02-06,Expense,Bonus,973,NO,NO,UPI,Pune
T2997,U036,2022-01-06,Expense,Rent,9335,NO,NO,UPI,Delhi
T0228,U088,2024-05-06,Expense,Utilities,0,NO,NO,BANK TRANSFER,Bangalore
T5832,U025,2023-12-26,Expense,Entertainment,6027,NO,NO,CARD,Bangalore
T13452,U036,2024-11-12,Income,Freelance,25315,NO,NO,CASH,Pune
T8890,U031,2021-11-07,Expense,Food,1618,NO,NO,UPI,Ahmedabad
T9067,U118,2023-10-29,Expense,Entertainment,9715,NO,NO,UPI,Chennai
T10048,U054,2024-01-08,Expense,Uncategorised,434,NO,NO,BANK TRANSFER,Hyderabad
T4448,U022,2023-09-15,Expense,Rent,5310,NO,NO,CASH,Chennai
T13467,U056,2021-07-23,Expense,Rent,3898,NO,NO,UPI,Mumbai
T5330,U068,2023-11-11,Expense,Others,18309,NO,NO,UPI,Ahmedabad
T9242,U016,2023-11-29,Expense,Travel,13000,NO,NO,UNKNOWN,Lucknow
T9826,U113,2022-12-29,Expense,Rent,8034,NO,NO,BANK TRANSFER,Bangalore
T10857,U034,2024-10-05,Expense,Others,1124,NO,NO,CARD,Unknown
T6821,U146,2023-08-23,Expense,Food,2608,NO,NO,UPI,Mumbai
T1609,U022,2022-09-08,Income,Entertainment,55216,NO,NO,CARD,Mumbai
T9866,U082,2022-05-05,Expense,Rent,4406,NO,NO,BANK TRANSFER,Jaipur
T12959,U113,2021-06-08,Expense,Savings,5681,NO,NO,BANK TRANSFER,Kolkata
T0134,U028,2021-03-12,Expense,Travel,7085,NO,NO,CARD,Pune
T12300,U024,2021-04-21,Expense,Entertainment,7882,NO,NO,UPI,Mumbai
T10164,U024,2023-12-16,Expense,Rent,5229,NO,NO,CASH,Lucknow
T6353,U126,2024-01-13,Income,Freelance,49713,NO,NO,CASH,Unknown
T3782,U004,2021-11-11,Expense,Food,5795,NO,NO,UPI,Kolkata
T4300,U123,2022-09-08,Expense,Rent,3432,NO,NO,BANK TRANSFER,Chennai
T4272,U094,2024-05-13,Expense,Rent,6119,NO,NO,CASH,Delhi
T8217,U016,2022-07-08,Expense,Travel,9763,NO,NO,CASH,Lucknow
T11676,U017,2021-02-04,Expense,Entertainment,6618,NO,NO,CASH,Chennai
T4758,U051,2022-12-27,Expense,Utilities,4132,NO,NO,BANK TRANSFER,Bangalore
T11414,U025,2022-02-02,Expense,Education,5289,NO,NO,BANK TRANSFER,Hyderabad
T0264,U133,2022-09-11,Income,Rent,46170,NO,NO,CARD,Unknown
T3592,U036,2021-08-23,Expense,Savings,6421,NO,NO,BANK TRANSFER,Bangalore
T0498,U071,2021-09-22,Income,Others,79791,NO,NO,CARD,Pune
T5523,U024,2021-05-16,Expense,Utilities,7809,NO,NO,CASH,Ahmedabad
T7633,U058,2022-10-06,Expense,Bonus,1148,NO,NO,BANK TRANSFER,Pune
T7870,U094,2022-04-03,Income,Rent,18760,NO,NO,UPI,Unknown
T0235,U093,2021-01-01,Expense,Food,6574,NO,NO,UNKNOWN,Delhi
T5118,U073,2023-10-29,Expense,Travel,7685,NO,NO,UPI,Jaipur
T4969,U124,2021-10-20,Expense,Others,1931,NO,NO,BANK TRANSFER,Ahmedabad
T0175,U139,2024-04-22,Expense,Utilities,8873,NO,NO,CARD,Pune
T2221,U080,2024-08-27,Expense,Rent,14545,NO,NO,UNKNOWN,Mumbai
T4020,U138,2024-09-04,Expense,Utilities,4028,NO,NO,CARD,Delhi
T5075,U089,2021-03-08,Expense,Others,8403,NO,NO,CARD,Delhi
T0293,U014,2023-03-14,Expense,Entertainment,5219,NO,NO,CASH,Delhi
T8220,U012,2022-04-24,Expense,Travel,8928,NO,NO,UPI,Bangalore
T12250,U002,2021-12-14,Income,Education,56818,NO,NO,BANK TRANSFER,Hyderabad
T12260,U123,2023-06-29,Expense,Education,534,NO,NO,CARD,Lucknow
T7226,U057,2021-06-28,Expense,Savings,3562,NO,NO,BANK TRANSFER,Hyderabad
T10837,U117,2024-07-31,Expense,Entertainment,700,NO,NO,UNKNOWN,Chennai
T2268,U093,2023-07-08,Expense,Travel,2278,NO,NO,CARD,Ahmedabad
T7615,U097,2022-08-27,Expense,Travel,6334,NO,NO,CASH,Chennai
T12488,U005,2021-05-18,Expense,Entertainment,3527,NO,NO,CASH,Jaipur
T10556,U052,2022-06-03,Expense,Rent,3182,NO,NO,BANK TRANSFER,Mumbai
T6717,U121,2021-09-27,Expense,Food,3864,NO,NO,UPI,Ahmedabad
T11764,U047,2021-12-18,Income,Rent,52861,NO,NO,BANK TRANSFER,Bangalore
T1482,U102,2023-12-31,Expense,Rent,9485,NO,NO,CARD,Jaipur
T11478,U074,2021-10-23,Expense,Entertainment,-1000,YES,NO,CARD,Delhi
T10140,U008,2022-10-08,Expense,Utilities,4320,NO,NO,CARD,Ahmedabad
T3540,U097,2021-02-15,Income,Salary,27184,NO,NO,UNKNOWN,Kolkata
T2365,U099,2021-11-26,Expense,Travel,378,NO,NO,CASH,Delhi
T0058,U072,2023-01-29,Expense,Travel,6118,NO,NO,BANK TRANSFER,Delhi
T10343,U103,2021-04-18,Expense,Utilities,7091,NO,NO,CASH,Delhi
T11843,U013,2022-01-16,Expense,Food,8505,NO,NO,UPI,Ahmedabad
T9901,U025,2024-01-21,Expense,Rent,1255,NO,NO,UNKNOWN,Pune
T6733,U099,2024-03-02,Expense,Others,2164,NO,NO,UPI,Jaipur
T3712,U076,2024-01-18,Expense,Entertainment,7960,NO,NO,UNKNOWN,Jaipur
T10061,U008,2024-11-23,Income,Entertainment,39016,NO,NO,CARD,Unknown
T2294,U109,2022-12-26,Expense,Food,4651,NO,NO,BANK TRANSFER,Hyderabad
T5152,U068,2022-03-03,Expense,Food,9905,NO,NO,CASH,Delhi
T0873,U110,2022-10-12,Income,Utilities,24300,NO,NO,CASH,Bangalore
T1192,U022,2024-01-09,Expense,Travel,6997,NO,NO,BANK TRANSFER,Mumbai
T11800,U104,2021-10-14,Expense,Others,6661,NO,NO,CARD,Unknown
T10446,U073,2022-01-22,Expense,Entertainment,4223,NO,NO,BANK TRANSFER,Lucknow
T8484,U015,2023-02-07,Expense,Entertainment,1981,NO,NO,UPI,Chennai
T7094,U146,2023-08-23,Expense,Utilities,4322,NO,NO,CASH,Jaipur
T3355,U139,2024-07-29,Expense,Rent,9180,NO,NO,UNKNOWN,Hyderabad
T0317,U025,2021-12-16,Expense,Rent,1856,NO,NO,BANK TRANSFER,Lucknow
T0991,U089,2024-04-10,Expense,Food,1558,NO,NO,BANK TRANSFER,Lucknow
T3510,U142,2023-04-02,Expense,Rent,6197,NO,NO,CASH,Ahmedabad
T10139,U029,2024-07-08,Expense,Rent,23284,NO,NO,CARD,Lucknow
T6756,U087,2023-07-13,Expense,Food,4012,NO,NO,UPI,Unknown
T13228,U015,2021-06-20,Income,Travel,55263,NO,NO,CARD,Ahmedabad
T2696,U115,2024-05-13,Income,Food,15451,NO,NO,BANK TRANSFER,Delhi
T9772,U093,2024-08-19,Income,Travel,75062,NO,NO,CASH,Mumbai
T11322,U102,2024-01-16,Expense,Travel,777,NO,NO,CASH,Kolkata
T1752,U094,2021-03-24,Expense,Travel,9107,NO,NO,CARD,Ahmedabad
T2655,U142,2022-03-18,Expense,Food,1657,NO,NO,CASH,Lucknow
T3335,U138,2023-09-22,Expense,Food,4627,NO,NO,BANK TRANSFER,Delhi
T1101,U074,2023-03-26,Expense,Education,4433,NO,NO,CARD,Delhi
T6099,U112,2022-06-02,Expense,Food,6492,NO,NO,CASH,Mumbai
T11002,U052,2022-09-12,Income,Utilities,18457,NO,NO,UPI,Pune
T5460,U076,2024-09-11,Expense,Food,3459,NO,NO,CASH,Unknown
T8826,U054,2023-12-27,Expense,Utilities,0,NO,NO,CASH,Mumbai
T5308,U130,2024-04-21,Expense,Health,2507,NO,NO,UPI,Lucknow
T9103,U079,2024-01-20,Expense,Others,399,NO,NO,UPI,Unknown
T11842,U046,2021-12-17,Expense,Rent,1666,NO,NO,CARD,Delhi
T2012,U037,2024-04-23,Expense,Rent,5405,NO,NO,CASH,Chennai
T2034,U096,2022-02-06,Expense,Food,3618,NO,NO,CARD,Ahmedabad
T1332,U066,2021-08-01,Income,Entertainment,37799,NO,NO,CASH,Chennai
T3648,U125,2022-03-28,Expense,Food,2242,NO,NO,BANK TRANSFER,Bangalore
T3289,U004,2024-04-19,Expense,Freelance,6852,NO,NO,UPI,Delhi
T10790,U049,2023-12-29,Expense,Rent,9214,NO,NO,UNKNOWN,Bangalore
T6705,U027,2021-07-07,Expense,Rent,1569,NO,NO,CASH,Chennai
T4492,U017,2021-08-22,Expense,Savings,9138,NO,NO,BANK TRANSFER,Ahmedabad
T3758,U025,2021-01-17,Expense,Utilities,1125,NO,NO,CASH,Jaipur
T11528,U050,2023-11-23,Expense,Utilities,3794,NO,NO,BANK TRANSFER,Kolkata
T3842,U126,2021-05-10,Expense,Rent,9186,NO,NO,CARD,Hyderabad
T2072,U048,2021-03-24,Expense,Rent,0,NO,NO,CASH,Hyderabad
T13143,U082,2022-08-07,Expense,Rent,3013,NO,NO,UNKNOWN,Mumbai
T5534,U091,2022-01-05,Expense,Health,4425,NO,NO,CASH,Kolkata
T12494,U097,2023-01-02,Expense,Salary,8303,NO,NO,UNKNOWN,Mumbai
T8082,U022,2021-01-18,Expense,Travel,9500,NO,NO,BANK TRANSFER,Unknown
T8347,U002,2024-04-13,Expense,Food,9238,NO,NO,CASH,Mumbai
T12262,U121,2023-09-10,Expense,Uncategorised,1624,NO,NO,BANK TRANSFER,Bangalore
T9613,U089,2024-08-22,Expense,Rent,9308,NO,NO,UPI,Delhi
T1039,U005,2021-05-11,Expense,Utilities,2898,NO,NO,CARD,Kolkata
T5992,U149,2022-06-24,Expense,Utilities,8214,NO,NO,CASH,Mumbai
T11157,U043,2024-05-03,Income,Food,32170,NO,NO,BANK TRANSFER,Delhi
T8876,U078,2021-07-12,Expense,Rent,4321,NO,NO,UNKNOWN,Bangalore
T4888,U106,2022-11-24,Expense,Education,4250,NO,NO,UPI,Mumbai
T13256,U112,2021-05-25,Expense,Utilities,2878,NO,NO,BANK TRANSFER,Chennai
T11966,U078,2022-03-30,Expense,Rent,3390,NO,NO,CARD,Ahmedabad
T8263,U019,2022-05-07,Expense,Food,7170,NO,NO,CASH,Delhi
T6157,U030,2024-10-08,Expense,Utilities,921,NO,NO,UPI,Mumbai
T1133,U064,2021-01-14,Expense,Education,5529,NO,NO,CARD,Mumbai
T11819,U046,2021-02-07,Expense,Health,3502,NO,NO,BANK TRANSFER,Lucknow
T6228,U038,2023-06-20,Expense,Rent,7549,NO,NO,UNKNOWN,Lucknow
T13966,U097,2023-12-03,Expense,Bonus,9717,NO,NO,CARD,Delhi
T11514,U033,2023-11-16,Expense,Food,3543,NO,NO,BANK TRANSFER,Hyderabad
T12525,U142,2023-02-25,Expense,Investment,2713,NO,NO,BANK TRANSFER,Chennai
T0538,U057,2024-11-17,Expense,Travel,9135,NO,NO,BANK TRANSFER,Chennai
T13270,U117,2022-11-01,Expense,Travel,2424,NO,NO,CARD,Pune
T12326,U066,2023-01-29,Expense,Freelance,0,NO,NO,UPI,Hyderabad
T13752,U047,2021-03-30,Income,Investment,0,NO,NO,UNKNOWN,Delhi
T6014,U046,2023-09-19,Expense,Education,1319,NO,NO,BANK TRANSFER,Unknown
T5483,U091,2023-03-03,Expense,Education,6173,NO,NO,BANK TRANSFER,Hyderabad
T4006,U142,2022-09-02,Expense,Entertainment,7542,NO,NO,BANK TRANSFER,Mumbai
T9298,U069,2022-11-27,Income,Entertainment,67763,NO,NO,CARD,Lucknow
T10498,U124,2024-08-03,Expense,Uncategorised,4802,NO,NO,UPI,Jaipur
T5853,U074,2024-07-27,Expense,Food,46237,NO,NO,CARD,Kolkata
T10867,U112,2024-03-25,Expense,Food,507,NO,NO,BANK TRANSFER,Bangalore
T11639,U116,2024-12-10,Income,Utilities,60900,NO,NO,UPI,Ahmedabad
T5777,U045,2022-09-19,Expense,Entertainment,7365,NO,NO,CASH,Hyderabad
T2734,U088,2024-03-08,Expense,Education,27330,NO,NO,BANK TRANSFER,Bangalore
T9396,U088,2022-03-30,Expense,Utilities,1548,NO,NO,CASH,Pune
T6379,U113,2021-12-01,Expense,Food,999999999,NO,YES,UNKNOWN,Delhi
T2368,U062,2022-03-06,Expense,Food,5130,NO,NO,UPI,Bangalore
T13713,U117,2022-08-17,Income,Bonus,65904,NO,NO,UPI,Pune
T5245,U100,2024-09-21,Expense,Utilities,2722,NO,NO,UPI,Hyderabad
T7971,U058,2021-06-02,Income,Food,64103,NO,NO,CARD,Jaipur
T0562,U092,2023-05-26,Income,Rent,21590,NO,NO,UPI,Hyderabad
T8986,U082,2023-01-16,Expense,Entertainment,8343,NO,NO,CASH,Unknown
T12680,U130,2024-03-20,Income,Travel,59192,NO,NO,UPI,Mumbai
T13830,U068,2022-10-12,Income,Rent,16854,NO,NO,CARD,Delhi
T0914,U009,2024-11-28,Expense,Utilities,7801,NO,NO,CASH,Kolkata
T2837,U082,2023-08-09,Expense,Education,0,NO,NO,UPI,Pune
T4532,U058,2022-01-04,Income,Education,45931,NO,NO,CASH,Pune
T12229,U027,2023-10-09,Expense,Salary,1180,NO,NO,UPI,Hyderabad
T0113,U018,2021-03-10,Expense,Utilities,3345,NO,NO,CASH,Kolkata
T9786,U107,2024-10-16,Expense,Utilities,2726,NO,NO,CASH,Pune
T12918,U080,2022-02-08,Expense,Rent,2112,NO,NO,CARD,Jaipur
T3990,U145,2023-09-21,Expense,Rent,8764,NO,NO,BANK TRANSFER,Mumbai
T0918,U016,2024-05-05,Expense,Food,2086,NO,NO,UPI,Mumbai
T8193,U048,2021-04-25,Expense,Travel,12794,NO,NO,UNKNOWN,Kolkata
T5598,U062,2023-06-07,Expense,Travel,2884,NO,NO,BANK TRANSFER,Jaipur
T1284,U004,2022-11-11,Income,Travel,12733,NO,NO,CASH,Pune
T2277,U058,2021-05-29,Expense,Travel,3916,NO,NO,BANK TRANSFER,Hyderabad
T4116,U022,2022-08-04,Expense,Rent,6826,NO,NO,BANK TRANSFER,Mumbai
T1584,U067,2021-12-06,Expense,Health,3560,NO,NO,UPI,Chennai
T1120,U040,2024-04-13,Income,Rent,24570,NO,NO,BANK TRANSFER,Delhi
T11408,U043,2023-05-09,Expense,Entertainment,0,NO,NO,CARD,Pune
T9094,U005,2022-01-22,Income,Travel,72722,NO,NO,UPI,Mumbai
T11950,U036,2023-12-13,Expense,Savings,37451,NO,NO,UPI,Bangalore
T3189,U068,2024-10-17,Income,Bonus,36373,NO,NO,CARD,Unknown
T2070,U138,2022-06-22,Expense,Education,7229,NO,NO,BANK TRANSFER,Ahmedabad
T3595,U138,2021-09-09,Expense,Investment,575,NO,NO,CARD,Delhi
T12970,U105,2022-03-17,Expense,Health,8162,NO,NO,CASH,Delhi
T12534,U126,2024-02-23,Expense,Health,6587,NO,NO,BANK TRANSFER,Chennai
T13943,U022,2021-08-20,Expense,Food,4650,NO,NO,UPI,Hyderabad
T11632,U149,2024-12-01,Expense,Utilities,8945,NO,NO,UPI,Lucknow
T6782,U015,2021-10-14,Expense,Travel,7185,NO,NO,UPI,Hyderabad
T2566,U043,2023-05-06,Income,Entertainment,33210,NO,NO,BANK TRANSFER,Delhi
T0290,U037,2021-07-21,Income,Uncategorised,506415,NO,YES,CASH,Lucknow
T6529,U071,2023-12-29,Expense,Utilities,1550,NO,NO,UPI,Hyderabad
T10207,U098,2021-05-14,Expense,Rent,7468,NO,NO,UNKNOWN,Hyderabad
T3232,U057,2021-10-20,Expense,Salary,9420,NO,NO,BANK TRANSFER,Kolkata
T5914,U002,2021-07-07,Income,Travel,32675,NO,NO,CASH,Jaipur
T3935,U125,2022-06-17,Expense,Food,1437,NO,NO,BANK TRANSFER,Chennai
T12356,U032,2023-05-12,Expense,Health,741,NO,NO,CASH,Chennai
T8621,U123,2022-05-03,Expense,Entertainment,6264,NO,NO,BANK TRANSFER,Jaipur
T9644,U086,2024-07-01,Income,Bonus,48693,NO,NO,UNKNOWN,Mumbai
T9000,U109,2022-04-17,Expense,Food,6168,NO,NO,CARD,Mumbai
T9535,U053,2024-01-11,Expense,Travel,5026,NO,NO,CARD,Kolkata
T9840,U126,2024-09-24,Expense,Travel,48411,NO,NO,UPI,Lucknow
T11368,U086,2021-12-23,Expense,Entertainment,420,NO,NO,BANK TRANSFER,Jaipur
T11921,U103,2022-06-28,Expense,Utilities,7222,NO,NO,BANK TRANSFER,Jaipur
T8737,U127,2023-10-20,Expense,Freelance,7791,NO,NO,CASH,Hyderabad
T8423,U030,2023-07-02,Expense,Savings,2004,NO,NO,CARD,Mumbai
T10467,U069,2023-12-07,Expense,Bonus,1144,NO,NO,CASH,Kolkata
T3444,U063,2023-06-27,Expense,Utilities,8302,NO,NO,CARD,Delhi
T3323,U063,2021-01-27,Expense,Salary,8408,NO,NO,CARD,Pune
T1079,U072,2021-04-26,Expense,Rent,4678,NO,NO,CARD,Mumbai
T9593,U099,2024-10-13,Expense,Food,10139,NO,NO,UNKNOWN,Chennai
T12124,U104,2021-07-24,Expense,Entertainment,1004,NO,NO,CASH,Lucknow
T4324,U130,2022-10-04,Expense,Food,4621,NO,NO,UPI,Unknown
T4077,U102,2022-10-05,Expense,Food,1565,NO,NO,BANK TRANSFER,Unknown
T1093,U075,2023-04-06,Expense,Others,4733,NO,NO,UPI,Mumbai
T9755,U027,2022-05-01,Expense,Rent,6162,NO,NO,BANK TRANSFER,Pune
T4104,U095,2022-02-26,Income,Rent,67963,NO,NO,CASH,Kolkata
T11017,U031,2021-07-11,Expense,Investment,5967,NO,NO,BANK TRANSFER,Unknown
T12016,U130,2023-05-21,Expense,Travel,6406,NO,NO,CASH,Delhi
T6914,U012,2022-06-26,Income,Savings,65760,NO,NO,BANK TRANSFER,Bangalore
T8762,U039,2024-09-21,Expense,Rent,2204,NO,NO,UPI,Mumbai
T8858,U122,2021-09-16,Income,Investment,28650,NO,NO,CASH,Bangalore
T8809,U143,2022-06-21,Income,Rent,64688,NO,NO,CARD,Hyderabad
T5903,U081,2023-11-20,Expense,Rent,502,NO,NO,BANK TRANSFER,Ahmedabad
T11784,U068,2023-04-19,Expense,Investment,4069,NO,NO,CASH,Ahmedabad
T7879,U072,2023-01-06,Expense,Food,6176,NO,NO,CASH,Bangalore
T7139,U101,2024-02-21,Expense,Food,3797,NO,NO,CARD,Kolkata
T13159,U035,2021-11-23,Expense,Rent,5708,NO,NO,CASH,Hyderabad
T10229,U016,2023-05-02,Income,Travel,44732,NO,NO,UNKNOWN,Jaipur
T3620,U086,2022-12-02,Expense,Health,957,NO,NO,CASH,Ahmedabad
T5310,U047,2021-06-25,Income,Rent,21967,NO,NO,BANK TRANSFER,Lucknow
T3655,U114,2023-02-18,Expense,Bonus,4159,NO,NO,CARD,Hyderabad
T0902,U145,2024-12-19,Expense,Savings,1177,NO,NO,CASH,Lucknow
T1750,U048,2023-10-23,Expense,Entertainment,1575,NO,NO,CASH,Chennai
T3610,U063,2021-12-27,Expense,Rent,2782,NO,NO,UPI,Hyderabad
T1443,U125,2023-03-17,Income,Food,41167,NO,NO,UPI,Lucknow
T10557,U077,2023-11-17,Expense,Travel,3607,NO,NO,CASH,Delhi
T4485,U086,2024-02-07,Expense,Entertainment,2701,NO,NO,BANK TRANSFER,Hyderabad
T3436,U135,2022-08-01,Expense,Food,3444,NO,NO,UPI,Delhi
T12361,U038,2021-08-26,Expense,Entertainment,8667,NO,NO,UPI,Pune
T2749,U117,2022-07-05,Expense,Rent,51,NO,NO,UNKNOWN,Delhi
T12788,U131,2022-09-14,Expense,Travel,8740,NO,NO,UNKNOWN,Kolkata
T10887,U073,2021-03-01,Expense,Travel,5538,NO,NO,UPI,Delhi
T7090,U062,2022-06-18,Expense,Food,441,NO,NO,UPI,Jaipur
T7939,U101,2023-11-08,Expense,Food,493,NO,NO,UPI,Jaipur
T0978,U052,2021-03-13,Expense,Utilities,8767,NO,NO,UPI,Pune
T7524,U147,2022-11-26,Income,Food,11452,NO,NO,BANK TRANSFER,Chennai
T2391,U118,2024-10-14,Expense,Food,1311,NO,NO,BANK TRANSFER,Chennai
T9548,U116,2024-11-21,Expense,Freelance,141,NO,NO,CARD,Kolkata
T4963,U061,2023-10-29,Expense,Food,9991,NO,NO,CASH,Chennai
T12916,U117,2021-12-23,Expense,Entertainment,4068,NO,NO,CARD,Chennai
T5677,U047,2024-09-07,Expense,Rent,4862,NO,NO,CASH,Delhi
T6393,U015,2021-09-16,Expense,Health,4828,NO,NO,UPI,Delhi
T2492,U007,2023-08-24,Expense,Health,31837,NO,NO,CARD,Jaipur
T13518,U129,2022-06-22,Expense,Education,9483,NO,NO,CASH,Ahmedabad
T12574,U120,2024-11-18,Expense,Food,39367,NO,NO,UPI,Jaipur
T3927,U113,2024-01-11,Expense,Rent,21882,NO,NO,UPI,Mumbai
T8471,U039,2023-12-11,Expense,Uncategorised,2476,NO,NO,BANK TRANSFER,Unknown
T9171,U149,2021-03-08,Expense,Travel,596,NO,NO,BANK TRANSFER,Mumbai
T2848,U102,2021-10-02,Expense,Entertainment,1723,NO,NO,UPI,Kolkata
T10360,U077,2024-01-07,Expense,Utilities,7560,NO,NO,CARD,Mumbai
T8084,U063,2024-06-22,Expense,Uncategorised,9953,NO,NO,CARD,Kolkata
T4691,U062,2024-04-07,Expense,Travel,4894,NO,NO,BANK TRANSFER,Pune
T0570,U130,2023-12-13,Expense,Rent,6715,NO,NO,CARD,Ahmedabad
T12961,U019,2022-04-17,Income,Utilities,0,NO,NO,CASH,Mumbai
T0891,U017,2024-09-03,Income,Rent,75084,NO,NO,CARD,Kolkata
T7787,U126,2021-09-30,Expense,Rent,6682,NO,NO,BANK TRANSFER,Ahmedabad
T5421,U088,2024-03-04,Expense,Education,629,NO,NO,CASH,Pune
T12664,U101,2022-09-07,Expense,Travel,4033,NO,NO,BANK TRANSFER,Bangalore
T12242,U056,2024-01-10,Expense,Bonus,0,NO,NO,UPI,Jaipur
T3455,U083,2024-02-12,Expense,Utilities,2808,NO,NO,CARD,Kolkata
T2768,U138,2021-10-15,Expense,Education,6367,NO,NO,CARD,Jaipur
T11332,U098,2021-05-22,Expense,Entertainment,629,NO,NO,CARD,Unknown
T11825,U026,2022-04-21,Expense,Rent,3699,NO,NO,UPI,Pune
T13959,U072,2021-12-17,Expense,Entertainment,1054,NO,NO,CARD,Pune
T10344,U089,2024-10-03,Income,Bonus,68142,NO,NO,UPI,Mumbai
T7585,U081,2023-03-21,Expense,Bonus,3789,NO,NO,CASH,Hyderabad
T13141,U030,2024-06-11,Income,Food,64347,NO,NO,CARD,Bangalore
T11888,U005,2022-03-08,Expense,Food,5898,NO,NO,CASH,Jaipur
T0661,U048,2024-11-21,Expense,Education,7342,NO,NO,CARD,Mumbai
T3421,U020,2021-12-07,Expense,Food,3452,NO,NO,CASH,Unknown
T0055,U011,2023-06-22,Expense,Education,6907,NO,NO,UPI,Kolkata
T3601,U044,2022-05-15,Income,Rent,58578,NO,NO,CARD,Delhi
T10657,U075,2021-07-02,Expense,Food,3426,NO,NO,BANK TRANSFER,Bangalore
T0765,U109,2022-01-21,Income,Investment,52092,NO,NO,CARD,Kolkata
T5506,U065,2023-06-29,Income,Salary,69326,NO,NO,UPI,Unknown
T10933,U062,2024-10-07,Expense,Food,8737,NO,NO,CARD,Kolkata
T8719,U056,2024-08-02,Expense,Education,7405,NO,NO,CASH,Hyderabad
T6081,U027,2021-05-15,Income,Salary,45353,NO,NO,UPI,Lucknow
T8915,U032,2022-09-03,Expense,Rent,16079,NO,NO,CASH,Bangalore
T3707,U107,2021-02-20,Expense,Food,4343,NO,NO,CARD,Bangalore
T10566,U066,2022-07-15,Expense,Others,3293,NO,NO,CASH,Hyderabad
T13827,U011,2022-07-05,Income,Travel,15784,NO,NO,UPI,Delhi
T12120,U088,2024-03-20,Income,Rent,46955,NO,NO,CASH,Ahmedabad
T5034,U042,2024-10-12,Expense,Food,5248,NO,NO,CASH,Kolkata
T5470,U112,2024-06-24,Expense,Utilities,5246,NO,NO,CARD,Pune
T13901,U100,2021-12-25,Expense,Investment,35564,NO,NO,CASH,Bangalore
T8767,U113,2024-05-31,Expense,Rent,-500,YES,NO,CASH,Unknown
T6550,U075,2022-07-09,Expense,Utilities,8890,NO,NO,CASH,Jaipur
T3674,U146,2023-07-12,Income,Utilities,61776,NO,NO,CARD,Pune
T4079,U038,2023-10-24,Expense,Savings,1253,NO,NO,CASH,Kolkata
T0091,U058,2023-11-29,Expense,Utilities,45961,NO,NO,CARD,Bangalore
T5856,U093,2024-09-15,Expense,Rent,7450,NO,NO,CASH,Unknown
T9145,U122,2021-12-27,Expense,Travel,1502,NO,NO,UPI,Jaipur
T11101,U118,2024-07-28,Expense,Food,3190,NO,NO,UPI,Jaipur
T7102,U012,2021-08-20,Income,Rent,435261,NO,NO,BANK TRANSFER,Jaipur
T13636,U128,2021-01-15,Expense,Others,6121,NO,NO,CARD,Mumbai
T4090,U067,2023-08-30,Expense,Others,6512,NO,NO,CARD,Lucknow
T0355,U035,2023-03-08,Expense,Salary,42500,NO,NO,CASH,Lucknow
T4927,U149,2024-09-25,Expense,Food,7003,NO,NO,CASH,Delhi
T10556,U052,2022-06-03,Expense,Food,3182,NO,NO,BANK TRANSFER,Mumbai
T5124,U129,2024-09-11,Expense,Bonus,6668,NO,NO,CASH,Bangalore
T5339,U074,2024-04-28,Expense,Food,4651,NO,NO,CASH,Jaipur
T0905,U140,2021-06-21,Expense,Health,8365,NO,NO,CARD,Ahmedabad
T13985,U010,2022-07-12,Expense,Education,4960,NO,NO,BANK TRANSFER,Ahmedabad
T2865,U108,2021-10-04,Expense,Food,6955,NO,NO,CARD,Pune
T10265,U128,2021-11-07,Income,Travel,223641,NO,NO,UNKNOWN,Mumbai
T13618,U133,2024-04-07,Income,Food,61863,NO,NO,UPI,Ahmedabad
T4946,U016,2024-06-03,Income,Utilities,17549,NO,NO,CARD,Lucknow
T8395,U097,2022-03-03,Expense,Rent,1406,NO,NO,CASH,Unknown
T7951,U060,2023-08-06,Expense,Utilities,4547,NO,NO,BANK TRANSFER,Jaipur
T5711,U025,2022-10-26,Expense,Food,8037,NO,NO,UPI,Pune
T6349,U041,2022-12-31,Expense,Entertainment,2648,NO,NO,CARD,Bangalore
T8851,U055,2021-04-08,Expense,Uncategorised,7208,NO,NO,CASH,Mumbai
T1174,U089,2024-04-23,Income,Food,42499,NO,NO,BANK TRANSFER,Ahmedabad
T1906,U093,2023-10-19,Expense,Utilities,17463,NO,NO,CASH,Kolkata
T8612,U019,2021-11-15,Expense,Food,3872,NO,NO,CASH,Jaipur
T6862,U003,2023-06-04,Expense,Food,8751,NO,NO,CASH,Ahmedabad
T10290,U061,2022-03-09,Expense,Travel,8321,NO,NO,UNKNOWN,Chennai
T5690,U020,2022-06-20,Expense,Savings,7304,NO,NO,CASH,Delhi
T6777,U132,2024-01-25,Expense,Food,2345,NO,NO,CARD,Delhi
T13841,U037,2023-06-15,Expense,Travel,9520,NO,NO,BANK TRANSFER,Mumbai
T5757,U052,2023-10-08,Expense,Education,9990,NO,NO,CARD,Chennai
T4139,U075,2021-11-08,Income,Entertainment,26827,NO,NO,CARD,Chennai
T12605,U065,2024-07-25,Income,Utilities,11716,NO,NO,UPI,Pune
T2206,U063,2024-01-24,Income,Food,30031,NO,NO,BANK TRANSFER,Jaipur
T10198,U005,2023-06-02,Expense,Travel,7424,NO,NO,CASH,Ahmedabad
T9756,U094,2024-07-21,Expense,Investment,1299,NO,NO,UPI,Unknown
T2830,U023,2023-08-29,Income,Salary,15696,NO,NO,BANK TRANSFER,Ahmedabad
T12582,U040,2023-05-02,Expense,Education,9656,NO,NO,CARD,Bangalore
T13601,U048,2021-11-16,Expense,Travel,2759,NO,NO,UPI,Unknown
T8246,U042,2022-03-14,Expense,Utilities,9360,NO,NO,BANK TRANSFER,Mumbai
T8229,U104,2023-11-03,Expense,Investment,2855,NO,NO,UPI,Bangalore
T2455,U097,2023-05-25,Expense,Food,25344,NO,NO,CARD,Hyderabad
T8072,U070,2024-08-12,Expense,Entertainment,7205,NO,NO,CASH,Lucknow
T10709,U010,2023-09-21,Income,Entertainment,79291,NO,NO,BANK TRANSFER,Delhi
T11754,U072,2021-08-09,Expense,Salary,3573,NO,NO,CARD,Jaipur
T9949,U028,2021-10-25,Expense,Utilities,1586,NO,NO,BANK TRANSFER,Chennai
T12783,U097,2024-08-04,Expense,Utilities,9803,NO,NO,CASH,Bangalore
T4004,U082,2024-01-03,Expense,Travel,9457,NO,NO,UPI,Pune
T6747,U148,2023-04-11,Income,Bonus,58060,NO,NO,UPI,Mumbai
T5316,U105,2024-08-31,Income,Utilities,28409,NO,NO,CARD,Pune
T9170,U086,2022-12-26,Income,Freelance,36459,NO,NO,CARD,Pune
T3919,U014,2022-06-17,Expense,Food,1838,NO,NO,CARD,Pune
T3342,U088,2023-06-09,Expense,Entertainment,2129,NO,NO,CARD,Hyderabad
T1992,U060,2024-09-07,Expense,Food,5290,NO,NO,CARD,Lucknow
T9507,U023,2022-07-04,Expense,Entertainment,8582,NO,NO,BANK TRANSFER,Unknown
T8361,U003,2023-05-16,Expense,Food,2278,NO,NO,BANK TRANSFER,Delhi
T3073,U007,2022-12-01,Expense,Food,4873,NO,NO,BANK TRANSFER,Bangalore
T6247,U076,2023-04-24,Expense,Entertainment,5266,NO,NO,CASH,Ahmedabad
T4110,U020,2022-05-23,Expense,Food,1391,NO,NO,UPI,Lucknow
T9812,U141,2024-05-24,Expense,Savings,301,NO,NO,CASH,Bangalore
T7710,U043,2024-10-20,Expense,Entertainment,1720,NO,NO,UPI,Chennai
T2258,U137,2021-02-13,Expense,Food,3513,NO,NO,UPI,Pune
T12640,U128,2023-12-08,Income,Travel,79389,NO,NO,BANK TRANSFER,Mumbai
T9148,U060,2024-04-13,Expense,Salary,2286,NO,NO,UPI,Delhi
T7902,U046,2024-07-17,Expense,Utilities,9741,NO,NO,UPI,Mumbai
T8473,U061,2024-01-25,Expense,Investment,6583,NO,NO,UPI,Mumbai
T7580,U046,2022-06-07,Expense,Food,6848,NO,NO,UPI,Jaipur
T1862,U118,2023-09-13,Expense,Utilities,5257,NO,NO,BANK TRANSFER,Mumbai
T12793,U042,2023-02-03,Expense,Others,4037,NO,NO,CARD,Bangalore
T12782,U109,2023-03-08,Expense,Others,9786,NO,NO,CASH,Hyderabad
T1980,U025,2022-01-23,Expense,Uncategorised,1579,NO,NO,CARD,Mumbai
T0746,U052,2021-02-19,Income,Utilities,15783,NO,NO,BANK TRANSFER,Ahmedabad
T8472,U092,2021-09-01,Expense,Rent,202,NO,NO,UPI,Ahmedabad
T4469,U001,2023-06-17,Expense,Freelance,462,NO,NO,UPI,Mumbai
T5101,U128,2022-06-20,Expense,Rent,3476,NO,NO,CASH,Chennai
T0393,U126,2023-02-05,Expense,Travel,6188,NO,NO,CARD,Unknown
T11690,U093,2022-08-21,Expense,Utilities,240,NO,NO,UPI,Kolkata
T11294,U127,2022-12-23,Income,Rent,0,NO,NO,CASH,Unknown
T6112,U040,2021-01-01,Expense,Food,8189,NO,NO,BANK TRANSFER,Ahmedabad
T12114,U099,2024-07-26,Income,Food,47495,NO,NO,CARD,Ahmedabad
T2584,U021,2023-06-25,Expense,Health,37979,NO,NO,BANK TRANSFER,Jaipur
T2056,U038,2021-08-30,Expense,Education,7396,NO,NO,CASH,Jaipur
T1628,U097,2023-11-24,Expense,Others,4517,NO,NO,BANK TRANSFER,Pune
T2631,U008,2021-11-15,Expense,Entertainment,9331,NO,NO,CARD,Chennai
T7505,U110,2021-01-04,Income,Food,64814,NO,NO,UPI,Pune
T3359,U087,2021-12-23,Expense,Savings,8914,NO,NO,CASH,Hyderabad
T13684,U010,2021-05-01,Expense,Entertainment,4605,NO,NO,CARD,Ahmedabad
T13559,U127,2023-02-14,Expense,Travel,5722,NO,NO,CARD,Jaipur
T13458,U058,2024-09-18,Expense,Rent,328,NO,NO,CARD,Kolkata
T10695,U059,2024-04-27,Expense,Health,676,NO,NO,UPI,Mumbai
T7346,U062,2023-01-31,Expense,Food,6485,NO,NO,CARD,Unknown
T4118,U043,2021-04-05,Expense,Rent,9307,NO,NO,CARD,Delhi
T7562,U004,2021-01-29,Income,Rent,14500,NO,NO,UPI,Unknown
T11144,U009,2024-01-28,Income,Travel,45299,NO,NO,CARD,Unknown
T9430,U119,2021-06-03,Expense,Rent,1349,NO,NO,CARD,Kolkata
T4283,U058,2024-09-02,Expense,Travel,2845,NO,NO,CASH,Bangalore
T12626,U024,2024-04-16,Expense,Entertainment,9616,NO,NO,BANK TRANSFER,Unknown
T12600,U078,2022-05-17,Expense,Entertainment,8612,NO,NO,CASH,Pune
T5485,U058,2023-09-24,Expense,Food,2859,NO,NO,BANK TRANSFER,Ahmedabad
T2693,U112,2022-05-14,Expense,Rent,2018,NO,NO,CASH,Jaipur
T4328,U078,2023-01-23,Expense,Freelance,4645,NO,NO,BANK TRANSFER,Bangalore
T13715,U086,2024-08-06,Income,Food,44171,NO,NO,BANK TRANSFER,Jaipur
T8385,U106,2024-12-09,Income,Rent,40631,NO,NO,BANK TRANSFER,Pune
T4125,U138,2023-11-21,Expense,Rent,4619,NO,NO,CARD,Delhi
T8160,U108,2024-11-18,Income,Food,33136,NO,NO,CARD,Kolkata
T8373,U039,2022-04-04,Expense,Rent,8785,NO,NO,CASH,Chennai
T13620,U144,2022-03-20,Expense,Health,1686,NO,NO,UPI,Jaipur
T8443,U004,2022-11-23,Expense,Freelance,999999999,NO,YES,UNKNOWN,Hyderabad
T12645,U024,2023-06-17,Income,Rent,62527,NO,NO,BANK TRANSFER,Kolkata
T3752,U046,2024-01-09,Expense,Rent,9721,NO,NO,CARD,Chennai
T4514,U138,2023-08-28,Expense,Entertainment,7619,NO,NO,BANK TRANSFER,Jaipur
T11899,U014,2021-03-09,Expense,Food,7308,NO,NO,CASH,Hyderabad
T1553,U050,2021-11-29,Expense,Education,9155,NO,NO,CARD,Kolkata
T12674,U024,2024-03-24,Expense,Food,12001,NO,NO,UPI,Bangalore
T6417,U029,2021-12-21,Income,Food,44645,NO,NO,UPI,Hyderabad
T13046,U137,2021-02-06,Expense,Savings,4885,NO,NO,CARD,Lucknow
T1643,U016,2023-11-15,Expense,Food,9603,NO,NO,CASH,Jaipur
T8763,U144,2023-05-24,Income,Food,53848,NO,NO,CARD,Unknown
T2623,U021,2023-05-22,Expense,Food,4698,NO,NO,UPI,Ahmedabad
T9863,U147,2022-12-08,Expense,Utilities,43629,NO,NO,UPI,Unknown
T3299,U053,2023-05-12,Expense,Entertainment,2143,NO,NO,CARD,Unknown
T9821,U011,2022-11-25,Expense,Salary,9044,NO,NO,CASH,Jaipur
T9155,U037,2023-07-31,Expense,Entertainment,28481,NO,NO,CASH,Hyderabad
T2748,U049,2023-02-28,Income,Education,73238,NO,NO,CASH,Hyderabad
T9944,U143,2023-02-22,Expense,Uncategorised,4469,NO,NO,BANK TRANSFER,Bangalore
T13327,U014,2024-10-12,Expense,Bonus,45422,NO,NO,CASH,Kolkata
T2855,U008,2021-08-01,Expense,Utilities,8813,NO,NO,CARD,Jaipur
T10669,U030,2023-12-23,Expense,Food,3873,NO,NO,CARD,Unknown
T8589,U019,2023-03-18,Expense,Utilities,5711,NO,NO,CASH,Pune
T2645,U072,2022-02-18,Expense,Utilities,2413,NO,NO,BANK TRANSFER,Ahmedabad
T4213,U087,2021-02-17,Expense,Rent,6122,NO,NO,BANK TRANSFER,Bangalore
T12095,U125,2022-03-20,Expense,Travel,8400,NO,NO,UPI,Chennai
T10120,U016,2023-11-23,Income,Rent,64931,NO,NO,BANK TRANSFER,Kolkata
T1453,U140,2021-10-28,Expense,Entertainment,5317,NO,NO,BANK TRANSFER,Bangalore
T12752,U094,2023-10-21,Income,Food,53061,NO,NO,CARD,Mumbai
T13094,U018,2022-08-16,Expense,Utilities,5924,NO,NO,CARD,Lucknow
T2882,U018,2024-12-09,Expense,Health,2513,NO,NO,UPI,Pune
T2112,U134,2022-12-19,Expense,Rent,5608,NO,NO,CASH,Mumbai
T9434,U133,2022-03-06,Expense,Rent,1268,NO,NO,BANK TRANSFER,Lucknow
T11129,U105,2023-06-30,Expense,Education,2083,NO,NO,CASH,Ahmedabad
T5929,U105,2024-09-28,Expense,Salary,31567,NO,NO,BANK TRANSFER,Unknown
T1070,U075,2022-05-20,Expense,Investment,8084,NO,NO,CASH,Chennai
T13016,U061,2022-05-21,Income,Utilities,64689,NO,NO,CASH,Lucknow
T10224,U144,2022-08-30,Expense,Education,9387,NO,NO,BANK TRANSFER,Kolkata
T4917,U044,2022-02-03,Expense,Salary,5889,NO,NO,BANK TRANSFER,Hyderabad
T6623,U119,2022-11-27,Expense,Education,999999999,NO,YES,UPI,Kolkata
T2653,U013,2024-06-16,Expense,Travel,4272,NO,NO,UPI,Kolkata
T10065,U057,2023-04-01,Expense,Rent,433,NO,NO,BANK TRANSFER,Kolkata
T7779,U133,2024-10-24,Expense,Rent,8727,NO,NO,CARD,Chennai
T6056,U053,2024-02-08,Expense,Rent,4448,NO,NO,CARD,Hyderabad
T4402,U078,2021-07-05,Expense,Travel,5957,NO,NO,CASH,Chennai
T10866,U105,2022-06-02,Income,Utilities,256194,NO,NO,UPI,Bangalore
T5475,U099,2021-08-13,Expense,Rent,6567,NO,NO,CARD,Jaipur
T10082,U006,2023-08-10,Expense,Entertainment,8886,NO,NO,CARD,Lucknow
T8777,U015,2023-11-07,Expense,Rent,43520,NO,NO,UPI,Hyderabad
T11594,U059,2024-09-14,Expense,Health,2087,NO,NO,UPI,Pune
T8908,U137,2024-01-05,Expense,Utilities,5192,NO,NO,BANK TRANSFER,Unknown
T9252,U067,2023-09-03,Expense,Entertainment,8529,NO,NO,UPI,Pune
T8209,U013,2023-01-12,Expense,Travel,5020,NO,NO,CASH,Pune
T2524,U037,2022-05-21,Expense,Food,6494,NO,NO,CARD,Hyderabad
T9404,U090,2023-03-20,Income,Education,55112,NO,NO,CARD,Hyderabad
T13334,U066,2021-08-23,Expense,Others,2863,NO,NO,CARD,Kolkata
T9276,U007,2024-02-20,Expense,Health,2061,NO,NO,UPI,Bangalore
T6534,U020,2022-03-15,Expense,Education,1190,NO,NO,UPI,Bangalore
T13274,U047,2024-10-24,Expense,Savings,5702,NO,NO,BANK TRANSFER,Jaipur
T0758,U095,2021-08-06,Expense,Rent,1529,NO,NO,BANK TRANSFER,Bangalore
T12472,U130,2024-02-01,Expense,Freelance,6556,NO,NO,UPI,Unknown
T10035,U120,2021-03-17,Expense,Food,9672,NO,NO,CASH,Mumbai
T13493,U069,2024-08-06,Expense,Savings,3140,NO,NO,BANK TRANSFER,Kolkata
T6980,U113,2024-07-04,Expense,Food,6189,NO,NO,UPI,Pune
T5599,U019,2022-11-07,Expense,Others,8978,NO,NO,CARD,Chennai
T10978,U067,2024-02-12,Expense,Education,5170,NO,NO,CARD,Jaipur
T0180,U126,2024-11-03,Income,Freelance,64627,NO,NO,BANK TRANSFER,Pune
T11546,U084,2021-08-23,Expense,Rent,2819,NO,NO,CARD,Hyderabad
T7956,U109,2024-01-04,Expense,Rent,1688,NO,NO,BANK TRANSFER,Jaipur
T10553,U112,2021-09-26,Expense,Rent,6431,NO,NO,CASH,Pune
T7548,U010,2024-06-21,Expense,Travel,39988,NO,NO,UPI,Delhi
T7699,U021,2023-06-25,Expense,Bonus,5838,NO,NO,CARD,Pune
T5879,U130,2021-05-21,Expense,Utilities,4649,NO,NO,UPI,Bangalore
T2568,U107,2023-11-07,Expense,Food,9660,NO,NO,BANK TRANSFER,Jaipur
T4260,U056,2024-04-14,Expense,Education,4123,NO,NO,UPI,Unknown
T12456,U054,2021-10-09,Expense,Utilities,8065,NO,NO,UPI,Unknown
T5619,U033,2024-03-18,Expense,Utilities,957,NO,NO,BANK TRANSFER,Bangalore
T8732,U080,2022-07-27,Expense,Food,2210,NO,NO,UNKNOWN,Delhi
T12657,U004,2024-10-01,Expense,Health,4701,NO,NO,CASH,Unknown
T2309,U140,2023-08-06,Expense,Food,3212,NO,NO,CARD,Mumbai
T10509,U010,2022-06-26,Expense,Rent,0,NO,NO,CASH,Delhi
T12798,U026,2023-05-18,Expense,Travel,7180,NO,NO,UPI,Lucknow
T13047,U055,2022-01-07,Expense,Food,4570,NO,NO,CARD,Hyderabad
T13033,U074,2024-10-14,Expense,Travel,6835,NO,NO,CASH,Pune
T4832,U063,2022-05-08,Expense,Rent,8996,NO,NO,BANK TRANSFER,Delhi
T5027,U019,2021-09-22,Expense,Others,396,NO,NO,UPI,Chennai
T4869,U001,2021-02-03,Expense,Bonus,165,NO,NO,CASH,Delhi
T5678,U132,2024-11-16,Expense,Food,7732,NO,NO,BANK TRANSFER,Ahmedabad
T12049,U025,2023-07-06,Expense,Rent,1261,NO,NO,UPI,Mumbai
T3137,U108,2021-05-27,Income,Education,30703,NO,NO,UPI,Kolkata
T2270,U140,2024-10-15,Expense,Travel,9731,NO,NO,UNKNOWN,Hyderabad
T8829,U091,2021-10-31,Expense,Travel,2214,NO,NO,CARD,Pune
T1447,U081,2021-07-20,Expense,Health,3972,NO,NO,BANK TRANSFER,Chennai
T13405,U143,2022-03-24,Expense,Bonus,7173,NO,NO,BANK TRANSFER,Mumbai
T8276,U060,2023-12-02,Expense,Food,2875,NO,NO,CARD,Pune
T1625,U029,2021-08-23,Income,Travel,31639,NO,NO,BANK TRANSFER,Chennai
T6945,U094,2021-05-12,Expense,Food,1331,NO,NO,UPI,Mumbai
T12682,U139,2022-12-19,Expense,Rent,7742,NO,NO,UNKNOWN,Kolkata
T12183,U055,2023-06-30,Expense,Travel,7200,NO,NO,UPI,Mumbai
T1914,U020,2022-03-28,Expense,Utilities,7727,NO,NO,CARD,Unknown
T11240,U050,2021-04-07,Expense,Entertainment,9103,NO,NO,BANK TRANSFER,Unknown
T13167,U040,2023-01-22,Expense,Entertainment,4047,NO,NO,CARD,Kolkata
T3237,U091,2023-07-26,Expense,Savings,21746,NO,NO,CASH,Chennai
T9534,U061,2024-10-07,Expense,Travel,2828,NO,NO,CARD,Delhi
T4370,U026,2024-12-08,Expense,Investment,3550,NO,NO,BANK TRANSFER,Delhi
T13710,U132,2021-12-28,Expense,Investment,7509,NO,NO,UPI,Pune
T4238,U008,2024-03-01,Income,Travel,25841,NO,NO,CASH,Delhi
T8447,U142,2022-06-16,Expense,Travel,6297,NO,NO,CASH,Ahmedabad
T2135,U095,2023-07-22,Expense,Entertainment,5495,NO,NO,UPI,Mumbai
T2014,U120,2023-05-31,Income,Food,33389,NO,NO,CASH,Jaipur
T1114,U059,2023-05-09,Expense,Education,999999999,NO,YES,CASH,Kolkata
T5815,U050,2023-10-21,Expense,Entertainment,190,NO,NO,CASH,Chennai
T8505,U101,2021-06-11,Expense,Rent,999999,NO,YES,CASH,Pune
T1377,U044,2022-03-31,Expense,Others,2033,NO,NO,UPI,Mumbai
T10960,U021,2022-04-30,Expense,Travel,4760,NO,NO,UPI,Ahmedabad
T1448,U110,2022-05-07,Expense,Education,845,NO,NO,CARD,Chennai
T4015,U147,2022-08-04,Expense,Entertainment,3310,NO,NO,CASH,Ahmedabad
T0584,U139,2024-03-15,Expense,Food,302,NO,NO,UPI,Mumbai
T7417,U106,2021-03-15,Expense,Salary,9379,NO,NO,CARD,Bangalore
T5338,U044,2023-01-06,Expense,Education,2752,NO,NO,UPI,Jaipur
T6083,U029,2021-09-24,Expense,Investment,1494,NO,NO,CARD,Ahmedabad
T4254,U119,2024-11-28,Expense,Investment,9348,NO,NO,UPI,Hyderabad
T4996,U011,2024-07-31,Expense,Travel,4811,NO,NO,UPI,Jaipur
T10865,U115,2022-01-05,Expense,Uncategorised,8518,NO,NO,CASH,Delhi
T0614,U122,2021-06-01,Income,Food,10032,NO,NO,CASH,Ahmedabad
T1375,U025,2023-03-08,Expense,Food,3444,NO,NO,CARD,Jaipur
T12847,U129,2023-09-25,Income,Travel,24553,NO,NO,CARD,Chennai
T2988,U113,2022-12-22,Expense,Utilities,2419,NO,NO,CASH,Hyderabad
T9409,U053,2024-11-24,Expense,Rent,3997,NO,NO,UPI,Mumbai
T1732,U031,2023-11-20,Income,Travel,15051,NO,NO,UPI,Lucknow
T11457,U055,2022-09-01,Income,Investment,12527,NO,NO,CARD,Jaipur
T4966,U036,2024-09-01,Expense,Education,8210,NO,NO,BANK TRANSFER,Unknown
T4030,U126,2021-11-23,Expense,Salary,6959,NO,NO,UPI,Mumbai
T7331,U123,2022-12-18,Expense,Health,2352,NO,NO,BANK TRANSFER,Lucknow
T8102,U086,2024-04-30,Expense,Health,2193,NO,NO,CARD,Bangalore
T4978,U135,2021-08-27,Expense,Rent,7070,NO,NO,BANK TRANSFER,Chennai
T7741,U021,2024-05-27,Expense,Investment,2789,NO,NO,CASH,Ahmedabad
T12759,U117,2024-09-08,Income,Utilities,11931,NO,NO,BANK TRANSFER,Pune
T11372,U118,2024-10-08,Expense,Rent,6762,NO,NO,UPI,Hyderabad
T7579,U071,2023-06-04,Expense,Food,2007,NO,NO,BANK TRANSFER,Mumbai
T12953,U105,2021-12-26,Expense,Education,8185,NO,NO,BANK TRANSFER,Lucknow
T12165,U110,2022-08-08,Expense,Rent,1178,NO,NO,CASH,Ahmedabad
T2181,U008,2021-08-03,Expense,Rent,1247,NO,NO,BANK TRANSFER,Bangalore
T6108,U032,2021-01-08,Expense,Entertainment,9995,NO,NO,BANK TRANSFER,Ahmedabad
T6592,U081,2024-06-02,Expense,Food,8982,NO,NO,CARD,Pune
T7057,U035,2022-09-08,Expense,Rent,4832,NO,NO,CARD,Unknown
T4745,U036,2024-07-09,Expense,Food,4067,NO,NO,CARD,Mumbai
T6177,U119,2024-12-09,Expense,Education,7316,NO,NO,CASH,Ahmedabad
T11297,U036,2022-08-05,Income,Salary,57598,NO,NO,CASH,Bangalore
T6371,U039,2021-09-30,Expense,Bonus,7080,NO,NO,CARD,Lucknow
T5847,U083,2022-10-11,Expense,Education,3952,NO,NO,CARD,Bangalore
T10796,U085,2021-02-11,Expense,Food,1829,NO,NO,UPI,Ahmedabad
T2364,U080,2024-03-11,Expense,Rent,5302,NO,NO,BANK TRANSFER,Chennai
T9990,U056,2023-10-13,Expense,Entertainment,6661,NO,NO,UPI,Delhi
T7266,U005,2021-07-01,Expense,Food,3753,NO,NO,BANK TRANSFER,Unknown
T4408,U094,2022-07-20,Expense,Bonus,5193,NO,NO,UPI,Chennai
T0827,U071,2023-04-10,Expense,Entertainment,5369,NO,NO,CARD,Mumbai
T7582,U033,2024-09-07,Expense,Rent,6956,NO,NO,CASH,Mumbai
T4539,U040,2021-07-19,Income,Savings,61212,NO,NO,CARD,Bangalore
T12033,U093,2024-07-26,Expense,Travel,591,NO,NO,UPI,Delhi
T3676,U136,2021-02-25,Expense,Food,-500,YES,NO,CARD,Bangalore
T11927,U044,2021-10-18,Expense,Travel,7690,NO,NO,CARD,Hyderabad
T8517,U064,2023-05-30,Expense,Entertainment,8249,NO,NO,CASH,Chennai
T10895,U099,2021-05-06,Expense,Travel,4805,NO,NO,CASH,Mumbai
T7844,U097,2023-01-22,Expense,Bonus,1681,NO,NO,UNKNOWN,Jaipur
T5937,U061,2021-09-17,Expense,Education,2282,NO,NO,CARD,Kolkata
T9864,U146,2022-07-03,Expense,Education,8979,NO,NO,UPI,Hyderabad
T0343,U043,2022-10-10,Expense,Food,9603,NO,NO,UPI,Pune
T5662,U084,2022-03-19,Expense,Utilities,6809,NO,NO,CARD,Delhi
T0594,U011,2022-03-08,Expense,Utilities,4766,NO,NO,CARD,Kolkata
T2718,U049,2022-03-12,Expense,Entertainment,7085,NO,NO,UPI,Jaipur
T4998,U098,2021-11-05,Expense,Freelance,1426,NO,NO,CARD,Lucknow
T13731,U037,2021-04-30,Expense,Rent,202,NO,NO,UPI,Lucknow
T2066,U147,2022-04-14,Expense,Rent,7151,NO,NO,CASH,Unknown
T0604,U056,2022-05-25,Expense,Food,8044,NO,NO,UNKNOWN,Chennai
T6407,U139,2023-10-23,Expense,Bonus,8002,NO,NO,CASH,Unknown
T5977,U149,2021-09-30,Expense,Freelance,7004,NO,NO,UPI,Mumbai
T4736,U017,2021-06-09,Expense,Savings,6771,NO,NO,CARD,Chennai
T6612,U143,2021-04-27,Expense,Rent,9508,NO,NO,UPI,Chennai
T5248,U087,2022-03-16,Income,Freelance,74317,NO,NO,CARD,Chennai
T3864,U141,2023-08-17,Expense,Entertainment,2218,NO,NO,CARD,Mumbai
T10928,U086,2022-04-12,Expense,Travel,4550,NO,NO,BANK TRANSFER,Chennai
T9815,U044,2021-03-13,Income,Freelance,61917,NO,NO,CARD,Pune
T11905,U139,2022-10-26,Expense,Food,8529,NO,NO,CARD,Lucknow
T7415,U149,2022-06-02,Expense,Rent,5131,NO,NO,CASH,Jaipur
T2023,U107,2023-03-24,Expense,Entertainment,3585,NO,NO,CARD,Ahmedabad
T10797,U026,2021-08-23,Expense,Salary,6343,NO,NO,CARD,Unknown
T11210,U143,2024-06-07,Expense,Food,2895,NO,NO,CARD,Chennai
T10527,U032,2024-01-03,Expense,Freelance,5698,NO,NO,CARD,Ahmedabad
T4364,U095,2021-10-21,Expense,Rent,3683,NO,NO,BANK TRANSFER,Lucknow
T4556,U102,2023-03-11,Expense,Travel,6536,NO,NO,CARD,Pune
T13775,U136,2024-07-13,Expense,Utilities,999999999,NO,YES,BANK TRANSFER,Pune
T11066,U126,2023-06-17,Income,Rent,57365,NO,NO,CASH,Ahmedabad
T12581,U023,2022-11-18,Expense,Others,6220,NO,NO,CARD,Lucknow
T1004,U063,2022-06-14,Expense,Food,999999999,NO,YES,UPI,Ahmedabad
T6181,U133,2024-11-15,Expense,Rent,5009,NO,NO,UNKNOWN,Hyderabad
T6299,U083,2024-05-14,Expense,Education,9570,NO,NO,CASH,Mumbai
T1428,U105,2023-10-26,Income,Food,46795,NO,NO,BANK TRANSFER,Chennai
T0687,U031,2022-05-04,Expense,Rent,753,NO,NO,CASH,Pune
T8252,U088,2022-04-24,Expense,Education,1969,NO,NO,CARD,Bangalore
T3100,U091,2023-10-24,Expense,Salary,819,NO,NO,BANK TRANSFER,Lucknow
T2049,U089,2021-09-12,Expense,Salary,4294,NO,NO,BANK TRANSFER,Ahmedabad
T12228,U072,2021-11-26,Expense,Savings,8900,NO,NO,CARD,Jaipur
T3260,U148,2024-05-14,Expense,Uncategorised,4170,NO,NO,BANK TRANSFER,Pune
T8396,U128,2023-03-03,Expense,Others,4021,NO,NO,CASH,Ahmedabad
T12415,U053,2022-05-12,Income,Travel,68861,NO,NO,CARD,Mumbai
T12251,U050,2024-04-23,Expense,Rent,5236,NO,NO,CASH,Lucknow
T3896,U091,2023-07-31,Income,Utilities,58544,NO,NO,UPI,Chennai
T5084,U061,2021-12-10,Expense,Education,3188,NO,NO,BANK TRANSFER,Hyderabad
T0429,U097,2022-10-14,Income,Salary,48559,NO,NO,CASH,Jaipur
T3055,U059,2024-07-10,Expense,Entertainment,5192,NO,NO,UPI,Chennai
T8907,U103,2024-07-24,Expense,Rent,9879,NO,NO,CASH,Pune
T9655,U082,2023-04-12,Expense,Entertainment,4902,NO,NO,UPI,Lucknow
T2569,U014,2024-11-05,Expense,Education,6228,NO,NO,UPI,Mumbai
T9937,U083,2024-11-20,Expense,Others,1518,NO,NO,BANK TRANSFER,Kolkata
T3148,U131,2024-09-24,Expense,Others,-500,YES,NO,UNKNOWN,Hyderabad
T10413,U119,2023-07-11,Expense,Food,5113,NO,NO,CASH,Lucknow
T7962,U057,2021-02-04,Expense,Food,25973,NO,NO,CARD,Jaipur
T5008,U034,2024-02-17,Income,Uncategorised,46868,NO,NO,CASH,Delhi
T1758,U106,2022-11-16,Expense,Savings,665,NO,NO,CASH,Jaipur
T8257,U073,2022-11-14,Expense,Travel,3271,NO,NO,UPI,Ahmedabad
T10296,U132,2023-06-01,Expense,Utilities,4265,NO,NO,CARD,Bangalore
T12383,U040,2023-11-25,Income,Food,22841,NO,NO,CASH,Mumbai
T1050,U067,2023-11-09,Expense,Food,3750,NO,NO,CARD,Mumbai
T5263,U124,2021-03-01,Expense,Food,41711,NO,NO,BANK TRANSFER,Lucknow
T9626,U108,2021-01-22,Income,Bonus,41892,NO,NO,CARD,Kolkata
T8542,U138,2022-01-15,Expense,Others,7865,NO,NO,UPI,Ahmedabad
T13072,U146,2022-04-25,Expense,Utilities,3287,NO,NO,CASH,Bangalore
T10598,U117,2023-12-15,Expense,Travel,11785,NO,NO,UPI,Bangalore
T3923,U001,2022-05-18,Expense,Rent,7698,NO,NO,UPI,Jaipur
T8107,U058,2021-09-08,Expense,Food,1704,NO,NO,UPI,Jaipur
T7683,U101,2023-05-27,Expense,Education,37019,NO,NO,CASH,Pune
T5498,U063,2023-05-21,Income,Rent,55974,NO,NO,CARD,Bangalore
T13663,U020,2022-11-11,Expense,Health,1625,NO,NO,CASH,Unknown
T13902,U141,2023-04-14,Expense,Food,6453,NO,NO,BANK TRANSFER,Ahmedabad
T6647,U119,2024-06-29,Expense,Freelance,9954,NO,NO,CARD,Kolkata
T13304,U101,2023-02-27,Expense,Investment,1953,NO,NO,CARD,Chennai
T7160,U048,2024-05-29,Expense,Rent,4307,NO,NO,UPI,Mumbai
T9328,U059,2024-03-08,Expense,Rent,7414,NO,NO,UPI,Unknown
T11395,U034,2022-12-14,Expense,Food,911,NO,NO,UPI,Ahmedabad
T5078,U117,2022-03-01,Expense,Utilities,2810,NO,NO,CASH,Delhi
T1650,U054,2022-04-23,Expense,Investment,0,NO,NO,UPI,Kolkata
T7627,U090,2021-04-15,Expense,Freelance,402,NO,NO,BANK TRANSFER,Ahmedabad
T2109,U011,2022-04-08,Expense,Rent,4696,NO,NO,CASH,Bangalore
T6388,U095,2022-02-18,Expense,Rent,2184,NO,NO,UPI,Jaipur
T9250,U079,2024-09-08,Expense,Food,3097,NO,NO,BANK TRANSFER,Ahmedabad
T6071,U128,2021-09-11,Expense,Rent,2556,NO,NO,CARD,Unknown
T5622,U073,2024-03-01,Expense,Food,2863,NO,NO,CASH,Pune
T10534,U005,2021-04-26,Expense,Rent,3136,NO,NO,CASH,Hyderabad
T3320,U063,2021-03-08,Expense,Food,5658,NO,NO,CASH,Delhi
T4020,U138,2024-09-04,Expense,Uncategorised,4028,NO,NO,CARD,Delhi
T3473,U032,2021-06-24,Income,Rent,37108,NO,NO,CARD,Unknown
T1323,U056,2023-12-26,Expense,Investment,3593,NO,NO,UPI,Kolkata
T13965,U106,2021-02-23,Expense,Rent,8288,NO,NO,BANK TRANSFER,Delhi
T1094,U024,2024-07-09,Expense,Salary,9635,NO,NO,BANK TRANSFER,Unknown
T11003,U048,2023-11-09,Expense,Food,8984,NO,NO,UPI,Unknown
T3228,U018,2024-04-26,Expense,Travel,-1000,YES,NO,BANK TRANSFER,Lucknow
T8896,U010,2022-12-11,Expense,Others,6414,NO,NO,CARD,Chennai
T8306,U118,2023-01-18,Expense,Investment,142,NO,NO,BANK TRANSFER,Delhi
T11485,U125,2022-02-10,Expense,Bonus,48716,NO,NO,BANK TRANSFER,Bangalore
T9313,U084,2022-11-05,Expense,Rent,1938,NO,NO,CARD,Lucknow
T9344,U114,2022-03-08,Expense,Investment,9355,NO,NO,UNKNOWN,Kolkata
T6176,U058,2022-08-05,Expense,Food,3689,NO,NO,UPI,Mumbai
T10651,U049,2024-03-28,Expense,Freelance,4510,NO,NO,CASH,Mumbai
T7526,U054,2021-01-25,Income,Entertainment,33737,NO,NO,UPI,Unknown
T2303,U130,2024-11-24,Expense,Others,46108,NO,NO,CARD,Chennai
T13995,U092,2023-07-14,Expense,Health,2245,NO,NO,UPI,Bangalore
T11494,U082,2021-06-21,Expense,Entertainment,15810,NO,NO,CARD,Ahmedabad
T3768,U149,2022-10-24,Expense,Food,41478,NO,NO,UPI,Ahmedabad
T4533,U083,2022-07-05,Expense,Freelance,6632,NO,NO,CARD,Jaipur
T12084,U091,2023-04-12,Expense,Entertainment,9583,NO,NO,CASH,Bangalore
T4407,U081,2021-01-16,Income,Utilities,67519,NO,NO,CASH,Hyderabad
T6970,U049,2021-02-17,Expense,Food,5501,NO,NO,CASH,Hyderabad
T2371,U065,2023-08-16,Expense,Rent,6671,NO,NO,BANK TRANSFER,Ahmedabad
T5398,U127,2022-12-16,Expense,Education,8866,NO,NO,UPI,Bangalore
T8975,U049,2024-01-28,Expense,Food,291,NO,NO,CARD,Kolkata
T4207,U037,2022-04-07,Expense,Entertainment,736,NO,NO,BANK TRANSFER,Ahmedabad
T2826,U097,2022-06-21,Income,Investment,77634,NO,NO,BANK TRANSFER,Jaipur
T4540,U072,2023-02-20,Income,Health,11567,NO,NO,BANK TRANSFER,Hyderabad
T13486,U134,2023-11-19,Expense,Travel,2820,NO,NO,UPI,Pune
T0809,U106,2023-11-29,Expense,Freelance,3238,NO,NO,CARD,Kolkata
T0019,U011,2021-03-23,Expense,Others,9273,NO,NO,CARD,Bangalore
T5108,U041,2023-12-07,Expense,Food,4174,NO,NO,UPI,Hyderabad
T9056,U060,2024-08-28,Expense,Food,9779,NO,NO,CARD,Delhi
T6542,U057,2023-02-06,Expense,Health,38925,NO,NO,CARD,Kolkata
T2617,U044,2021-08-05,Expense,Food,6131,NO,NO,CASH,Hyderabad
T2101,U150,2024-03-23,Expense,Bonus,4055,NO,NO,BANK TRANSFER,Lucknow
T5331,U115,2024-09-03,Income,Health,66078,NO,NO,UNKNOWN,Hyderabad
T2435,U026,2024-12-15,Expense,Bonus,38100,NO,NO,BANK TRANSFER,Lucknow
T11985,U139,2022-06-30,Income,Food,23045,NO,NO,CARD,Hyderabad
T2953,U129,2021-07-23,Expense,Rent,2061,NO,NO,CARD,Delhi
T7745,U111,2022-10-09,Expense,Food,7614,NO,NO,CARD,Unknown
T4753,U064,2023-07-26,Income,Food,68569,NO,NO,CARD,Bangalore
T2721,U092,2021-10-16,Expense,Food,3475,NO,NO,CARD,Chennai
T7183,U092,2021-02-14,Expense,Utilities,1029,NO,NO,BANK TRANSFER,Ahmedabad
T13855,U106,2024-08-17,Income,Travel,38785,NO,NO,CARD,Lucknow
T4762,U092,2021-01-19,Expense,Freelance,2460,NO,NO,CASH,Hyderabad
T7374,U107,2023-08-15,Expense,Travel,41884,NO,NO,CARD,Delhi
T5566,U080,2021-11-24,Expense,Others,3343,NO,NO,UNKNOWN,Kolkata
T8459,U085,2023-12-01,Expense,Travel,5105,NO,NO,CARD,Pune
T6382,U149,2024-08-25,Income,Food,63088,NO,NO,CASH,Pune
T10663,U011,2022-06-14,Expense,Travel,48891,NO,NO,CASH,Chennai
T11866,U091,2023-02-26,Expense,Travel,6326,NO,NO,CARD,Kolkata
T7898,U046,2021-04-09,Expense,Uncategorised,9174,NO,NO,BANK TRANSFER,Hyderabad
T0002,U072,2021-01-14,Expense,Freelance,5614,NO,NO,UPI,Ahmedabad
T7930,U032,2022-05-05,Expense,Food,8883,NO,NO,UPI,Delhi
T6012,U052,2023-02-27,Expense,Food,4328,NO,NO,CARD,Bangalore
T6835,U040,2022-11-19,Expense,Rent,6716,NO,NO,UPI,Pune
T8370,U114,2021-02-06,Expense,Rent,3080,NO,NO,UPI,Pune
T5306,U139,2021-08-12,Expense,Rent,8303,NO,NO,BANK TRANSFER,Ahmedabad
T5075,U089,2021-03-08,Expense,Entertainment,8403,NO,NO,CARD,Delhi
T6260,U117,2023-05-25,Income,Utilities,74547,NO,NO,CARD,Bangalore
T6953,U142,2021-02-21,Income,Investment,18885,NO,NO,CARD,Lucknow
T6169,U002,2023-10-26,Expense,Freelance,9131,NO,NO,UNKNOWN,Chennai
T8991,U083,2021-11-22,Expense,Food,1061,NO,NO,CARD,Chennai
T10123,U019,2023-12-30,Income,Savings,66713,NO,NO,CARD,Delhi
T3755,U001,2023-10-29,Expense,Entertainment,-500,YES,NO,CARD,Pune
T2884,U083,2024-04-30,Expense,Others,2245,NO,NO,BANK TRANSFER,Chennai
T9921,U105,2021-11-18,Expense,Travel,3300,NO,NO,CARD,Ahmedabad
T6547,U036,2021-11-25,Expense,Rent,8371,NO,NO,CARD,Lucknow
T13706,U128,2024-08-18,Expense,Food,2528,NO,NO,BANK TRANSFER,Kolkata
T11010,U044,2023-11-29,Expense,Education,2047,NO,NO,CARD,Mumbai
T2071,U041,2022-04-01,Expense,Travel,1291,NO,NO,BANK TRANSFER,Lucknow
T1638,U017,2023-08-18,Expense,Utilities,133,NO,NO,BANK TRANSFER,Unknown
T12696,U126,2022-01-28,Expense,Travel,1500,NO,NO,BANK TRANSFER,Bangalore
T7605,U132,2022-10-01,Expense,Freelance,1461,NO,NO,UPI,Jaipur
T13554,U137,2024-09-05,Expense,Utilities,6098,NO,NO,BANK TRANSFER,Unknown
T6234,U076,2021-04-06,Expense,Investment,4511,NO,NO,UPI,Lucknow
T6038,U045,2023-02-25,Expense,Rent,7793,NO,NO,BANK TRANSFER,Lucknow
T0560,U021,2021-03-07,Expense,Uncategorised,3319,NO,NO,UPI,Pune
T5083,U117,2022-12-14,Expense,Travel,8886,NO,NO,CASH,Delhi
T5804,U014,2022-03-12,Expense,Rent,4562,NO,NO,CARD,Ahmedabad
T7027,U042,2022-12-11,Expense,Bonus,4995,NO,NO,CARD,Jaipur
T4673,U119,2024-12-13,Expense,Food,999999999,NO,YES,UPI,Hyderabad
T1808,U033,2024-05-27,Expense,Education,2733,NO,NO,UPI,Kolkata
T11599,U135,2024-09-28,Expense,Utilities,6845,NO,NO,CARD,Delhi
T0064,U122,2021-06-24,Expense,Food,9708,NO,NO,BANK TRANSFER,Pune
T10125,U009,2023-09-20,Expense,Utilities,531,NO,NO,CASH,Hyderabad
T2175,U098,2022-07-31,Expense,Education,999999,NO,YES,CASH,Lucknow
T9048,U053,2024-04-13,Expense,Utilities,8575,NO,NO,BANK TRANSFER,Hyderabad
T11282,U072,2021-11-05,Income,Others,28580,NO,NO,CARD,Unknown
T12885,U066,2023-02-22,Income,Utilities,25235,NO,NO,UPI,Jaipur
T5662,U088,2021-01-08,Expense,Food,1377,NO,NO,BANK TRANSFER,Bangalore
T7350,U141,2023-05-02,Expense,Uncategorised,3057,NO,NO,CASH,Delhi
T9624,U111,2021-12-08,Expense,Entertainment,6926,NO,NO,CASH,Bangalore
T10425,U118,2022-02-05,Income,Salary,65591,NO,NO,BANK TRANSFER,Kolkata
T7801,U023,2024-10-18,Expense,Utilities,1783,NO,NO,CASH,Kolkata
T12584,U092,2021-06-10,Expense,Food,2235,NO,NO,CASH,Lucknow
T7537,U032,2022-04-27,Expense,Rent,5707,NO,NO,BANK TRANSFER,Pune
T3744,U003,2022-12-21,Income,Utilities,79336,NO,NO,CASH,Lucknow
T3120,U134,2023-10-28,Expense,Education,1316,NO,NO,CARD,Hyderabad
T8300,U055,2021-02-05,Expense,Entertainment,5389,NO,NO,BANK TRANSFER,Hyderabad
T0799,U023,2021-11-29,Expense,Rent,0,NO,NO,BANK TRANSFER,Lucknow
T6034,U003,2024-12-29,Income,Food,25582,NO,NO,BANK TRANSFER,Lucknow
T12278,U002,2023-03-19,Expense,Investment,1859,NO,NO,BANK TRANSFER,Mumbai
T6618,U149,2024-08-22,Income,Savings,26401,NO,NO,UNKNOWN,Kolkata
T0959,U102,2024-01-27,Expense,Entertainment,4058,NO,NO,CARD,Lucknow
T5931,U125,2023-04-18,Expense,Salary,3462,NO,NO,CARD,Jaipur
T1439,U063,2024-08-12,Expense,Rent,6313,NO,NO,UNKNOWN,Unknown
T10941,U016,2024-09-01,Expense,Travel,6500,NO,NO,CASH,Unknown
T0463,U015,2022-08-11,Expense,Education,999999,NO,YES,CARD,Ahmedabad
T12196,U070,2021-07-29,Expense,Utilities,9391,NO,NO,CASH,Bangalore
T8054,U127,2022-06-13,Expense,Entertainment,7199,NO,NO,CARD,Kolkata
T0675,U132,2021-10-20,Expense,Food,1824,NO,NO,UPI,Ahmedabad
T2535,U097,2022-09-20,Expense,Salary,3941,NO,NO,UPI,Delhi
T4048,U143,2024-04-13,Expense,Others,-500,YES,NO,CARD,Mumbai
T2021,U007,2024-08-20,Expense,Food,4861,NO,NO,CASH,Jaipur
T0690,U079,2021-07-05,Expense,Rent,3412,NO,NO,BANK TRANSFER,Bangalore
T12823,U011,2022-01-26,Income,Rent,13042,NO,NO,UNKNOWN,Kolkata
T12166,U127,2022-04-15,Expense,Food,7423,NO,NO,BANK TRANSFER,Hyderabad
T3231,U119,2021-08-06,Income,Savings,11310,NO,NO,CARD,Ahmedabad
T2961,U018,2024-09-29,Expense,Entertainment,704,NO,NO,CASH,Kolkata
T1156,U023,2023-11-26,Expense,Freelance,2835,NO,NO,UPI,Unknown
T2582,U121,2022-06-19,Income,Food,77097,NO,NO,CASH,Ahmedabad
T13980,U056,2024-03-09,Expense,Entertainment,9513,NO,NO,BANK TRANSFER,Lucknow
T0553,U018,2022-12-11,Expense,Rent,-1000,YES,NO,CASH,Ahmedabad
T12055,U039,2023-10-03,Expense,Food,3100,NO,NO,UNKNOWN,Chennai
T13482,U036,2022-04-27,Expense,Utilities,999999999,NO,YES,BANK TRANSFER,Unknown
T9153,U130,2024-03-14,Income,Entertainment,0,NO,NO,CASH,Delhi
T2034,U083,2022-08-13,Expense,Savings,1883,NO,NO,CARD,Mumbai
T6218,U005,2024-01-18,Expense,Bonus,7178,NO,NO,UPI,Mumbai
T4581,U002,2021-09-08,Expense,Rent,1012,NO,NO,CARD,Bangalore
T12483,U103,2023-02-20,Expense,Entertainment,615,NO,NO,CASH,Pune
T3680,U136,2022-09-24,Expense,Investment,9942,NO,NO,CASH,Lucknow
T1979,U119,2022-05-29,Expense,Travel,251,NO,NO,UPI,Ahmedabad
T10726,U009,2022-10-01,Expense,Health,1687,NO,NO,BANK TRANSFER,Kolkata
T13175,U085,2022-12-25,Expense,Travel,2143,NO,NO,BANK TRANSFER,Chennai
T3987,U086,2024-01-04,Expense,Rent,8368,NO,NO,BANK TRANSFER,Hyderabad
T13353,U131,2023-09-05,Expense,Travel,9955,NO,NO,CARD,Delhi
T4135,U077,2021-09-09,Expense,Entertainment,1635,NO,NO,UPI,Bangalore
T2411,U040,2021-08-11,Expense,Food,2076,NO,NO,UPI,Bangalore
T7142,U116,2022-06-12,Expense,Food,2131,NO,NO,UPI,Jaipur
T1484,U075,2023-03-31,Expense,Food,4300,NO,NO,BANK TRANSFER,Chennai
T10655,U115,2024-06-07,Expense,Food,5251,NO,NO,UPI,Kolkata
T12726,U078,2023-02-12,Expense,Entertainment,1487,NO,NO,BANK TRANSFER,Delhi
T11691,U073,2023-10-31,Expense,Health,4222,NO,NO,CASH,Pune
T13232,U060,2023-02-04,Expense,Food,45594,NO,NO,UPI,Jaipur
T9847,U110,2024-12-07,Expense,Utilities,8327,NO,NO,UPI,Chennai
T11336,U035,2022-10-09,Expense,Others,7139,NO,NO,BANK TRANSFER,Hyderabad
T13332,U139,2024-08-11,Expense,Savings,2218,NO,NO,CARD,Chennai
T10573,U086,2021-10-30,Expense,Rent,48718,NO,NO,UPI,Unknown
T8389,U023,2021-01-13,Expense,Health,4914,NO,NO,UNKNOWN,Chennai
T9107,U141,2022-06-03,Expense,Rent,4746,NO,NO,BANK TRANSFER,Lucknow
T8118,U096,2023-11-06,Expense,Food,6396,NO,NO,UPI,Pune
T1480,U046,2022-10-02,Expense,Rent,159,NO,NO,UPI,Unknown
T7535,U113,2024-04-22,Expense,Utilities,-1000,YES,NO,BANK TRANSFER,Chennai
T11238,U030,2023-07-12,Expense,Entertainment,4431,NO,NO,CASH,Jaipur
T7959,U142,2021-02-14,Expense,Rent,955,NO,NO,UNKNOWN,Mumbai
T0227,U073,2022-03-20,Income,Rent,28705,NO,NO,CARD,Kolkata
T5753,U016,2024-07-10,Expense,Rent,3644,NO,NO,UPI,Hyderabad
T7319,U022,2022-12-03,Expense,Food,41744,NO,NO,UNKNOWN,Ahmedabad
T5811,U053,2023-08-01,Expense,Travel,38339,NO,NO,UPI,Jaipur
T0199,U064,2024-09-21,Expense,Utilities,-500,YES,NO,BANK TRANSFER,Unknown
T3502,U078,2023-05-19,Expense,Food,2197,NO,NO,UPI,Lucknow
T5241,U129,2022-12-01,Expense,Food,1956,NO,NO,CARD,Delhi
T13409,U113,2024-02-29,Income,Education,24573,NO,NO,UPI,Chennai
T12063,U120,2022-10-11,Expense,Entertainment,747,NO,NO,UPI,Lucknow
T5378,U028,2024-11-17,Expense,Entertainment,3355,NO,NO,CARD,Hyderabad
T11885,U105,2022-05-30,Expense,Food,3921,NO,NO,UPI,Delhi
T10104,U070,2023-05-03,Expense,Rent,1337,NO,NO,UPI,Jaipur
T1983,U026,2023-10-29,Expense,Utilities,6107,NO,NO,BANK TRANSFER,Kolkata
T11310,U137,2021-05-18,Expense,Bonus,2853,NO,NO,BANK TRANSFER,Jaipur
T6860,U093,2022-07-12,Expense,Salary,598,NO,NO,CARD,Hyderabad
T3408,U102,2024-11-10,Expense,Uncategorised,9429,NO,NO,CARD,Hyderabad
T4100,U038,2023-06-28,Expense,Freelance,1028,NO,NO,CASH,Pune
T0051,U112,2024-07-21,Expense,Entertainment,853,NO,NO,BANK TRANSFER,Pune
T6019,U026,2022-01-12,Expense,Education,5591,NO,NO,CARD,Chennai
T2022,U056,2021-12-20,Expense,Food,5576,NO,NO,BANK TRANSFER,Delhi
T6957,U147,2023-02-16,Expense,Bonus,5591,NO,NO,BANK TRANSFER,Jaipur
T13235,U049,2024-08-22,Expense,Rent,1720,NO,NO,CARD,Bangalore
T9753,U096,2022-07-23,Expense,Rent,9213,NO,NO,BANK TRANSFER,Lucknow
T9320,U124,2021-02-03,Income,Others,30880,NO,NO,UNKNOWN,Jaipur
T3295,U130,2022-05-12,Expense,Others,9184,NO,NO,CASH,Jaipur
T1878,U048,2021-09-19,Expense,Rent,6133,NO,NO,CARD,Mumbai
T8886,U027,2022-01-25,Expense,Travel,1812,NO,NO,CARD,Unknown
T10324,U092,2023-06-12,Income,Savings,71351,NO,NO,BANK TRANSFER,Hyderabad
T3063,U133,2021-12-27,Expense,Education,855,NO,NO,CASH,Delhi
T12832,U074,2023-12-20,Expense,Rent,2857,NO,NO,UPI,Jaipur
T0238,U098,2022-03-28,Expense,Rent,259,NO,NO,BANK TRANSFER,Unknown
T12331,U103,2023-01-27,Expense,Travel,4267,NO,NO,CARD,Pune
T13737,U069,2021-07-24,Expense,Utilities,41859,NO,NO,CARD,Ahmedabad
T4935,U021,2023-07-29,Expense,Food,1268,NO,NO,CARD,Kolkata
T13366,U019,2024-01-09,Expense,Food,7696,NO,NO,CASH,Lucknow
T10890,U125,2024-01-09,Expense,Travel,35329,NO,NO,CASH,Chennai
T11456,U143,2023-10-24,Expense,Rent,1548,NO,NO,BANK TRANSFER,Kolkata
T4942,U034,2022-08-23,Expense,Food,2136,NO,NO,UPI,Bangalore
T7880,U115,2021-08-18,Expense,Food,4609,NO,NO,BANK TRANSFER,Kolkata
T1091,U033,2022-10-30,Expense,Bonus,740,NO,NO,BANK TRANSFER,Bangalore
T5978,U137,2024-07-11,Expense,Rent,21375,NO,NO,CARD,Bangalore
T9239,U036,2021-01-08,Expense,Food,6130,NO,NO,BANK TRANSFER,Pune
T6876,U030,2024-06-14,Expense,Uncategorised,5540,NO,NO,CARD,Ahmedabad
T5774,U045,2021-03-13,Income,Food,57697,NO,NO,CARD,Ahmedabad
T9418,U116,2023-10-07,Income,Utilities,55602,NO,NO,CASH,Unknown
T13114,U003,2024-05-20,Expense,Travel,7693,NO,NO,CARD,Unknown
T8166,U125,2024-12-26,Expense,Food,9963,NO,NO,UNKNOWN,Hyderabad
T12321,U138,2022-10-31,Income,Others,11202,NO,NO,UPI,Lucknow
T5190,U144,2022-09-29,Expense,Rent,2141,NO,NO,BANK TRANSFER,Ahmedabad
T4544,U016,2024-12-03,Expense,Bonus,4128,NO,NO,CARD,Mumbai
T5790,U027,2021-12-20,Expense,Rent,35263,NO,NO,CARD,Chennai
T0031,U040,2023-08-28,Expense,Utilities,2849,NO,NO,CARD,Mumbai
T0665,U039,2021-05-30,Expense,Salary,6677,NO,NO,CASH,Pune
T5635,U038,2022-03-17,Expense,Rent,3299,NO,NO,CARD,Unknown
T9237,U126,2023-08-23,Expense,Misc,8911,NO,NO,CARD,Unknown
T12941,U048,2024-08-16,Expense,Others,2066,NO,NO,UPI,Delhi
T0603,U024,2022-11-14,Expense,Others,6032,NO,NO,BANK TRANSFER,Bangalore
T13930,U104,2024-07-19,Expense,Utilities,11352,NO,NO,UPI,Unknown
T7734,U106,2022-10-17,Expense,Rent,8537,NO,NO,CASH,Bangalore
T12338,U102,2024-06-07,Expense,Food,1759,NO,NO,BANK TRANSFER,Bangalore
T0901,U030,2024-04-20,Expense,Rent,0,NO,NO,CARD,Jaipur
T4451,U046,2023-06-09,Expense,Food,3152,NO,NO,CARD,Pune
T7151,U132,2022-10-27,Expense,Food,499,NO,NO,UPI,Kolkata
T12960,U085,2023-01-07,Expense,Rent,101,NO,NO,CASH,Bangalore
T4418,U069,2021-05-27,Income,Travel,62480,NO,NO,BANK TRANSFER,Pune
T13426,U015,2024-05-12,Expense,Rent,1971,NO,NO,CASH,Pune
T9322,U129,2021-02-02,Expense,Freelance,6905,NO,NO,UPI,Jaipur
T8988,U039,2023-11-11,Expense,Rent,7662,NO,NO,UPI,Kolkata
T7753,U013,2024-06-13,Expense,Entertainment,7492,NO,NO,CASH,Mumbai
T4298,U053,2023-01-20,Expense,Rent,5121,NO,NO,UNKNOWN,Chennai
T1005,U137,2023-12-06,Income,Food,897178,NO,YES,CARD,Mumbai
T12234,U106,2022-10-04,Expense,Food,2973,NO,NO,UPI,Hyderabad
T3560,U067,2022-03-08,Expense,Travel,965,NO,NO,BANK TRANSFER,Jaipur
T7195,U004,2023-05-27,Expense,Rent,3678,NO,NO,CASH,Delhi
T4897,U071,2024-07-19,Income,Food,39654,NO,NO,BANK TRANSFER,Hyderabad
T13676,U055,2022-05-11,Expense,Travel,251,NO,NO,BANK TRANSFER,Lucknow
T0414,U102,2021-10-14,Income,Uncategorised,51720,NO,NO,UPI,Hyderabad
T7140,U049,2021-02-14,Expense,Rent,1358,NO,NO,UPI,Mumbai
T6148,U099,2024-05-22,Expense,Entertainment,13455,NO,NO,BANK TRANSFER,Delhi
T7484,U139,2022-01-15,Expense,Rent,46926,NO,NO,BANK TRANSFER,Chennai
T6756,U002,2021-03-23,Expense,Freelance,6785,NO,NO,UPI,Mumbai
T10367,U115,2021-02-04,Income,Rent,26509,NO,NO,BANK TRANSFER,Lucknow
T2116,U115,2024-04-07,Expense,Investment,1904,NO,NO,CASH,Mumbai
T9333,U135,2024-10-02,Expense,Education,7390,NO,NO,UPI,Delhi
T1267,U072,2024-03-30,Expense,Travel,3371,NO,NO,BANK TRANSFER,Lucknow
T3045,U013,2023-09-09,Expense,Education,7329,NO,NO,CARD,Kolkata
T1085,U072,2021-08-18,Expense,Utilities,203,NO,NO,CARD,Kolkata
T6526,U043,2023-10-16,Expense,Health,7086,NO,NO,UNKNOWN,Mumbai
T12991,U090,2024-01-08,Expense,Entertainment,5447,NO,NO,CASH,Mumbai
T13624,U116,2021-02-21,Expense,Entertainment,6892,NO,NO,BANK TRANSFER,Ahmedabad
T1759,U026,2022-03-30,Expense,Food,3463,NO,NO,UPI,Mumbai
T12592,U024,2023-04-13,Expense,Freelance,250,NO,NO,CASH,Unknown
T12493,U140,2024-05-12,Expense,Utilities,2304,NO,NO,UPI,Kolkata
T5744,U024,2024-08-02,Expense,Utilities,2768,NO,NO,BANK TRANSFER,Pune
T0936,U071,2024-02-02,Expense,Rent,1700,NO,NO,CASH,Pune
T3161,U027,2021-03-01,Expense,Utilities,5663,NO,NO,BANK TRANSFER,Pune
T3087,U082,2024-06-10,Expense,Entertainment,9921,NO,NO,BANK TRANSFER,Ahmedabad
T0155,U020,2021-09-02,Income,Entertainment,19034,NO,NO,UPI,Ahmedabad
T4565,U143,2024-05-03,Expense,Entertainment,6257,NO,NO,CARD,Ahmedabad
T4112,U085,2023-07-25,Expense,Savings,5168,NO,NO,CARD,Hyderabad
T11556,U083,2022-05-16,Expense,Travel,9973,NO,NO,UPI,Lucknow
T6418,U038,2024-03-06,Expense,Food,8135,NO,NO,CASH,Mumbai
T7611,U106,2022-11-26,Income,Food,44351,NO,NO,BANK TRANSFER,Pune
T9496,U041,2023-06-18,Expense,Food,3421,NO,NO,CASH,Pune
T3818,U009,2021-08-24,Expense,Rent,6831,NO,NO,UPI,Hyderabad
T11758,U041,2021-11-30,Expense,Salary,3491,NO,NO,BANK TRANSFER,Kolkata
T13433,U042,2021-04-13,Expense,Utilities,35791,NO,NO,CASH,Pune
T5325,U009,2023-07-23,Expense,Travel,7727,NO,NO,UPI,Jaipur
T1622,U108,2023-09-25,Expense,Utilities,2133,NO,NO,UPI,Pune
T7170,U012,2021-01-11,Expense,Utilities,588,NO,NO,BANK TRANSFER,Lucknow
T0969,U033,2021-01-27,Expense,Uncategorised,2545,NO,NO,BANK TRANSFER,Bangalore
T7754,U088,2022-04-09,Expense,Investment,9507,NO,NO,BANK TRANSFER,Jaipur
T12897,U040,2022-06-25,Expense,Utilities,8851,NO,NO,UPI,Ahmedabad
T4472,U134,2024-10-28,Income,Bonus,67602,NO,NO,UNKNOWN,Unknown
T6521,U016,2021-05-06,Income,Utilities,31110,NO,NO,BANK TRANSFER,Mumbai
T2384,U125,2022-08-31,Expense,Food,6249,NO,NO,BANK TRANSFER,Unknown
T2345,U131,2021-08-23,Expense,Travel,4395,NO,NO,BANK TRANSFER,Jaipur
T5209,U023,2022-02-11,Expense,Rent,9057,NO,NO,UPI,Delhi
T5373,U052,2022-11-08,Expense,Salary,9764,NO,NO,UPI,Lucknow
T12062,U075,2021-05-09,Expense,Utilities,7914,NO,NO,CARD,Pune
T5136,U134,2024-02-25,Expense,Rent,9270,NO,NO,BANK TRANSFER,Chennai
T7632,U130,2022-10-04,Expense,Utilities,47161,NO,NO,BANK TRANSFER,Ahmedabad
T5587,U105,2023-12-06,Income,Savings,44152,NO,NO,UPI,Lucknow
T5807,U059,2021-03-04,Expense,Education,594,NO,NO,CARD,Chennai
T9066,U052,2023-02-15,Expense,Freelance,3955,NO,NO,BANK TRANSFER,Kolkata
T12268,U117,2021-01-12,Expense,Rent,3201,NO,NO,UPI,Delhi
T10520,U106,2024-03-04,Expense,Travel,4094,NO,NO,UPI,Lucknow
T7250,U129,2021-04-10,Income,Travel,18141,NO,NO,UPI,Jaipur
T10874,U104,2023-05-27,Expense,Utilities,8847,NO,NO,UPI,Delhi
T2534,U017,2023-07-28,Income,Food,19860,NO,NO,BANK TRANSFER,Mumbai
T3274,U079,2021-03-06,Income,Food,60496,NO,NO,CASH,Mumbai
T1129,U021,2022-02-02,Expense,Food,4871,NO,NO,BANK TRANSFER,Kolkata
T11997,U075,2021-12-03,Expense,Others,6369,NO,NO,CASH,Pune
T0120,U126,2024-07-08,Expense,Education,9054,NO,NO,CASH,Unknown
T8807,U018,2022-01-24,Expense,Travel,3945,NO,NO,CASH,Hyderabad
T1587,U012,2023-06-29,Expense,Uncategorised,3525,NO,NO,CARD,Delhi
T9295,U082,2021-06-05,Expense,Food,4275,NO,NO,CASH,Pune
T7333,U049,2022-11-15,Expense,Food,34124,NO,NO,CARD,Kolkata
T1603,U055,2023-01-01,Expense,Rent,3714,NO,NO,UPI,Mumbai
T3461,U148,2021-10-21,Income,Entertainment,67320,NO,NO,BANK TRANSFER,Jaipur
T11212,U091,2022-06-19,Expense,Health,5466,NO,NO,UNKNOWN,Kolkata
T3602,U143,2021-02-24,Income,Health,18584,NO,NO,CASH,Mumbai
T3893,U002,2021-11-29,Expense,Others,8193,NO,NO,BANK TRANSFER,Bangalore
T1762,U019,2022-10-03,Expense,Freelance,4322,NO,NO,UPI,Hyderabad
T9674,U047,2024-02-26,Expense,Salary,29178,NO,NO,CASH,Delhi
T8178,U121,2024-07-19,Income,Investment,29039,NO,NO,UPI,Chennai
T5268,U135,2024-05-09,Expense,Education,499,NO,NO,CASH,Unknown
T4142,U084,2023-07-23,Expense,Uncategorised,999999999,NO,YES,BANK TRANSFER,Pune
T6649,U026,2021-06-01,Expense,Education,324,NO,NO,BANK TRANSFER,Chennai
T11447,U035,2021-02-18,Expense,Bonus,999999,NO,YES,UPI,Lucknow
T6175,U103,2022-04-23,Expense,Health,39157,NO,NO,UPI,Unknown
T12383,U065,2023-08-19,Expense,Rent,4351,NO,NO,UNKNOWN,Lucknow
T0536,U125,2021-06-06,Expense,Food,3045,NO,NO,CASH,Hyderabad
T1510,U042,2021-08-09,Expense,Misc,1226,NO,NO,UPI,Mumbai
T11192,U108,2024-12-18,Expense,Rent,31006,NO,NO,CARD,Unknown
T7312,U038,2023-07-17,Expense,Freelance,1680,NO,NO,CARD,Kolkata
T3334,U123,2022-01-09,Expense,Travel,4143,NO,NO,UPI,Lucknow
T5917,U106,2023-09-28,Income,Salary,73117,NO,NO,CARD,Delhi
T8935,U061,2024-01-06,Income,Rent,42468,NO,NO,BANK TRANSFER,Unknown
T2812,U122,2022-01-25,Expense,Others,8142,NO,NO,CARD,Bangalore
T10950,U018,2021-01-07,Expense,Health,3054,NO,NO,CASH,Chennai
T2937,U123,2021-08-18,Expense,Utilities,8424,NO,NO,CASH,Ahmedabad
T2787,U100,2021-07-28,Expense,Travel,7837,NO,NO,UPI,Delhi
T3114,U105,2024-09-26,Expense,Food,1652,NO,NO,CASH,Jaipur
T4288,U019,2024-09-20,Income,Education,59781,NO,NO,CASH,Unknown
T2515,U011,2024-03-09,Expense,Health,8617,NO,NO,BANK TRANSFER,Kolkata
T7347,U142,2021-08-09,Expense,Travel,5656,NO,NO,BANK TRANSFER,Delhi
T9096,U086,2023-03-21,Expense,Utilities,7072,NO,NO,BANK TRANSFER,Unknown
T0544,U117,2024-05-08,Expense,Rent,3770,NO,NO,UPI,Delhi
T13465,U005,2023-07-14,Expense,Others,9467,NO,NO,BANK TRANSFER,Bangalore
T0109,U039,2023-12-02,Expense,Rent,8461,NO,NO,BANK TRANSFER,Jaipur
T13307,U028,2024-01-01,Expense,Travel,7081,NO,NO,CARD,Mumbai
T6975,U047,2024-12-16,Expense,Uncategorised,1405,NO,NO,BANK TRANSFER,Pune
T8801,U137,2023-02-25,Income,Food,58338,NO,NO,UPI,Chennai
T2329,U083,2023-06-20,Expense,Utilities,6671,NO,NO,BANK TRANSFER,Mumbai
T6667,U083,2024-09-14,Expense,Utilities,3442,NO,NO,BANK TRANSFER,Hyderabad
T5789,U145,2024-11-18,Expense,Entertainment,6677,NO,NO,CASH,Bangalore
T12254,U147,2024-07-30,Expense,Food,6722,NO,NO,UNKNOWN,Jaipur
T6552,U126,2021-09-22,Expense,Food,7339,NO,NO,BANK TRANSFER,Chennai
T1649,U060,2022-06-13,Expense,Investment,8613,NO,NO,CARD,Bangalore
T12228,U145,2024-05-13,Income,Investment,52361,NO,NO,CASH,Jaipur
T5161,U136,2023-03-17,Expense,Food,1033,NO,NO,CASH,Delhi
T10844,U044,2024-07-16,Expense,Investment,2822,NO,NO,CASH,Kolkata
T0656,U019,2021-08-27,Expense,Rent,8082,NO,NO,CASH,Chennai
T2795,U046,2024-10-03,Income,Others,60071,NO,NO,UPI,Hyderabad
T7304,U107,2023-10-24,Income,Entertainment,17348,NO,NO,UPI,Lucknow
T1535,U002,2021-06-14,Expense,Rent,5452,NO,NO,BANK TRANSFER,Kolkata
T12923,U031,2022-08-10,Expense,Freelance,25193,NO,NO,UPI,Kolkata
T8586,U014,2021-07-26,Income,Rent,12511,NO,NO,UPI,Ahmedabad
T11602,U006,2021-03-29,Expense,Travel,5625,NO,NO,CASH,Bangalore
T12018,U075,2023-04-06,Expense,Rent,503,NO,NO,CARD,Chennai
T8733,U013,2021-12-02,Income,Travel,31340,NO,NO,CASH,Ahmedabad
T7158,U041,2021-07-17,Expense,Rent,2467,NO,NO,BANK TRANSFER,Pune
T13066,U048,2022-01-06,Expense,Rent,6347,NO,NO,BANK TRANSFER,Kolkata
T0461,U028,2021-12-07,Expense,Utilities,9695,NO,NO,CASH,Mumbai
T3427,U093,2023-07-06,Income,Rent,23554,NO,NO,CASH,Unknown
T0530,U026,2021-08-01,Expense,Travel,4512,NO,NO,CASH,Chennai
T12741,U013,2023-09-27,Income,Entertainment,63400,NO,NO,BANK TRANSFER,Bangalore
T11275,U131,2023-03-23,Expense,Rent,8441,NO,NO,BANK TRANSFER,Kolkata
T4885,U131,2022-05-18,Expense,Health,7769,NO,NO,CARD,Chennai
T1429,U021,2022-10-23,Expense,Utilities,8340,NO,NO,BANK TRANSFER,Delhi
T13002,U086,2021-08-19,Expense,Health,8603,NO,NO,BANK TRANSFER,Kolkata
T12379,U081,2024-03-22,Income,Travel,57074,NO,NO,UPI,Pune
T1240,U035,2021-07-01,Expense,Rent,3815,NO,NO,UPI,Kolkata
T10460,U054,2023-05-11,Expense,Freelance,5030,NO,NO,UPI,Ahmedabad
T12883,U068,2021-12-24,Expense,Travel,5748,NO,NO,CARD,Chennai
T13092,U122,2022-04-22,Expense,Entertainment,4141,NO,NO,CARD,Pune
T12754,U055,2021-06-04,Expense,Travel,8246,NO,NO,BANK TRANSFER,Pune
T8971,U091,2021-03-09,Expense,Food,8853,NO,NO,CASH,Ahmedabad
T9435,U054,2023-06-07,Income,Bonus,28328,NO,NO,CARD,Chennai
T11703,U019,2022-05-01,Income,Food,59002,NO,NO,UPI,Kolkata
T13553,U069,2022-11-06,Expense,Investment,7176,NO,NO,CASH,Delhi
T5729,U050,2022-04-01,Expense,Health,5463,NO,NO,CARD,Mumbai
T0791,U054,2024-09-05,Expense,Freelance,4231,NO,NO,BANK TRANSFER,Hyderabad
T5499,U101,2022-02-20,Expense,Uncategorised,5714,NO,NO,CARD,Lucknow
T6087,U012,2022-08-30,Expense,Others,8709,NO,NO,CARD,Chennai
T9936,U029,2022-11-27,Expense,Investment,3855,NO,NO,BANK TRANSFER,Delhi
T0141,U033,2021-09-29,Expense,Bonus,9560,NO,NO,CASH,Kolkata
T4893,U066,2021-12-29,Income,Freelance,73476,NO,NO,CASH,Ahmedabad
T13407,U074,2023-09-08,Expense,Food,7877,NO,NO,CARD,Delhi
T13344,U128,2021-02-11,Expense,Investment,22993,NO,NO,BANK TRANSFER,Unknown
T0398,U081,2021-12-03,Expense,Education,1047,NO,NO,UPI,Jaipur
T1103,U067,2021-05-04,Expense,Utilities,6964,NO,NO,CASH,Hyderabad
T3480,U067,2023-11-25,Income,Others,72320,NO,NO,CASH,Pune
T6410,U097,2022-01-02,Income,Food,60799,NO,NO,UPI,Hyderabad
T3830,U015,2022-06-22,Expense,Food,1506,NO,NO,BANK TRANSFER,Lucknow
T9545,U042,2023-05-02,Expense,Travel,786,NO,NO,BANK TRANSFER,Lucknow
T13862,U108,2023-01-24,Expense,Rent,1041,NO,NO,UPI,Mumbai
T6052,U116,2023-06-23,Expense,Food,636,NO,NO,CASH,Kolkata
T11461,U070,2022-04-24,Expense,Food,3370,NO,NO,CARD,Kolkata
T0212,U072,2022-11-26,Expense,Travel,3170,NO,NO,UPI,Delhi
T13456,U122,2023-08-05,Expense,Rent,7457,NO,NO,CARD,Unknown
T10642,U064,2022-10-13,Expense,Food,1739,NO,NO,CARD,Lucknow
T7776,U004,2023-06-27,Expense,Food,2955,NO,NO,UNKNOWN,Chennai
T7871,U003,2023-09-19,Income,Utilities,41293,NO,NO,CARD,Delhi
T7138,U024,2023-08-15,Income,Savings,46066,NO,NO,BANK TRANSFER,Hyderabad
T6376,U069,2021-05-22,Expense,Rent,8255,NO,NO,BANK TRANSFER,Ahmedabad
T1344,U127,2023-03-14,Expense,Rent,7648,NO,NO,UNKNOWN,Lucknow
T9547,U147,2024-09-16,Expense,Travel,5797,NO,NO,CASH,Ahmedabad
T9916,U107,2023-02-26,Expense,Food,8521,NO,NO,CASH,Chennai
T13502,U092,2023-09-15,Expense,Rent,8419,NO,NO,BANK TRANSFER,Ahmedabad
T4454,U014,2022-03-21,Expense,Entertainment,0,NO,NO,CASH,Pune
T13281,U149,2023-07-30,Expense,Health,2748,NO,NO,CARD,Kolkata
T9068,U042,2023-08-05,Income,Utilities,30605,NO,NO,BANK TRANSFER,Ahmedabad
T3650,U087,2024-12-11,Income,Food,61108,NO,NO,BANK TRANSFER,Kolkata
T12341,U068,2021-07-09,Expense,Entertainment,6586,NO,NO,CASH,Mumbai
T6075,U100,2023-07-24,Expense,Rent,7270,NO,NO,UNKNOWN,Pune
T0232,U106,2024-02-16,Expense,Food,9564,NO,NO,CASH,Bangalore
T8315,U107,2021-11-05,Expense,Others,3928,NO,NO,UPI,Mumbai
T6972,U022,2022-05-19,Income,Salary,67245,NO,NO,CARD,Kolkata
T4271,U077,2023-04-15,Income,Food,25406,NO,NO,CARD,Pune
T10429,U076,2022-02-23,Expense,Entertainment,12192,NO,NO,UPI,Ahmedabad
T4830,U135,2023-04-02,Expense,Education,25762,NO,NO,CASH,Delhi
T10165,U087,2022-02-06,Expense,Travel,1996,NO,NO,UPI,Ahmedabad
T9779,U090,2024-09-06,Expense,Food,5712,NO,NO,UNKNOWN,Kolkata
T9318,U054,2024-09-16,Expense,Food,3504,NO,NO,BANK TRANSFER,Unknown
T9434,U135,2023-08-31,Expense,Travel,14941,NO,NO,CARD,Jaipur
T4086,U099,2023-03-16,Expense,Food,9065,NO,NO,CASH,Bangalore
T9454,U013,2022-09-03,Income,Rent,29767,NO,NO,BANK TRANSFER,Jaipur
T5082,U032,2024-12-28,Expense,Food,6569,NO,NO,CASH,Bangalore
T1020,U058,2022-12-23,Income,Food,24338,NO,NO,CARD,Kolkata
T6225,U025,2023-11-10,Expense,Rent,8732,NO,NO,BANK TRANSFER,Mumbai
T13264,U069,2023-12-26,Income,Entertainment,47277,NO,NO,UPI,Mumbai
T10659,U107,2022-03-01,Expense,Salary,6340,NO,NO,CASH,Lucknow
T12132,U105,2023-03-21,Expense,Rent,6753,NO,NO,UPI,Chennai
T12866,U032,2023-07-30,Income,Food,19148,NO,NO,CASH,Delhi
T12336,U097,2024-06-13,Income,Entertainment,19295,NO,NO,CARD,Pune
T3173,U063,2023-06-03,Income,Utilities,57350,NO,NO,UPI,Ahmedabad
T8363,U080,2023-01-13,Expense,Food,20939,NO,NO,UPI,Ahmedabad
T10291,U016,2022-12-18,Income,Freelance,45417,NO,NO,CARD,Jaipur
T5441,U131,2022-03-26,Expense,Rent,2783,NO,NO,BANK TRANSFER,Lucknow
T0625,U054,2023-08-16,Income,Freelance,52335,NO,NO,CASH,Hyderabad
T12669,U045,2023-11-13,Expense,Savings,-500,YES,NO,UPI,Jaipur
T13187,U067,2021-07-05,Expense,Travel,1883,NO,NO,CASH,Unknown
T1553,U042,2023-07-25,Expense,Uncategorised,1822,NO,NO,CASH,Bangalore
T7042,U117,2023-08-06,Expense,Bonus,2055,NO,NO,UPI,Jaipur
T13341,U089,2023-05-21,Expense,Bonus,9028,NO,NO,CARD,Pune
T7821,U003,2024-09-05,Expense,Education,7956,NO,NO,CASH,Pune
T12337,U056,2024-07-03,Income,Education,25287,NO,NO,BANK TRANSFER,Bangalore
T8130,U069,2022-06-27,Expense,Investment,3024,NO,NO,CASH,Lucknow
T8524,U078,2021-02-27,Expense,Freelance,9689,NO,NO,CASH,Lucknow
T8915,U003,2021-06-23,Expense,Others,8374,NO,NO,CASH,Chennai
T6334,U072,2023-07-27,Expense,Travel,28885,NO,NO,CARD,Mumbai
T8787,U057,2021-05-31,Expense,Salary,3190,NO,NO,CASH,Mumbai
T10697,U024,2022-08-08,Expense,Travel,4661,NO,NO,BANK TRANSFER,Pune
T2079,U081,2024-04-23,Expense,Rent,8305,NO,NO,CARD,Hyderabad
T7790,U013,2022-12-23,Income,Savings,48409,NO,NO,CARD,Delhi
T1788,U007,2021-07-21,Expense,Utilities,6696,NO,NO,CARD,Kolkata
T7558,U130,2021-03-17,Expense,Rent,7503,NO,NO,UPI,Jaipur
T2766,U049,2024-06-23,Income,Food,54359,NO,NO,UPI,Jaipur
T6949,U077,2022-06-27,Income,Investment,22952,NO,NO,BANK TRANSFER,Unknown
T11465,U043,2023-10-12,Expense,Rent,3059,NO,NO,UPI,Jaipur
T9782,U071,2022-11-20,Expense,Food,999999999,NO,YES,CASH,Kolkata
T10426,U041,2021-01-16,Expense,Rent,3394,NO,NO,BANK TRANSFER,Ahmedabad
T2321,U112,2024-01-30,Expense,Salary,348,NO,NO,BANK TRANSFER,Jaipur
T3817,U129,2023-05-26,Income,Entertainment,17535,NO,NO,CASH,Jaipur
T11982,U001,2024-11-15,Expense,Travel,1966,NO,NO,CASH,Delhi
T9264,U048,2021-01-28,Income,Rent,0,NO,NO,UPI,Jaipur
T13193,U069,2023-05-12,Expense,Utilities,2069,NO,NO,BANK TRANSFER,Jaipur
T7337,U120,2022-04-20,Expense,Entertainment,7222,NO,NO,BANK TRANSFER,Hyderabad
T4813,U086,2024-11-02,Expense,Others,4599,NO,NO,CASH,Chennai
T1119,U094,2024-01-02,Expense,Food,2753,NO,NO,UPI,Kolkata
T9614,U024,2022-08-10,Expense,Salary,182,NO,NO,CASH,Ahmedabad
T5237,U095,2023-12-18,Expense,Entertainment,124,NO,NO,UPI,Lucknow
T0117,U144,2022-04-03,Expense,Travel,3213,NO,NO,BANK TRANSFER,Chennai
T7156,U115,2023-11-17,Income,Travel,990020,NO,YES,BANK TRANSFER,Pune
T0059,U055,2024-07-05,Expense,Rent,3462,NO,NO,CARD,Bangalore
T7117,U130,2022-08-28,Income,Rent,54209,NO,NO,CASH,Pune
T2395,U124,2024-05-20,Expense,Travel,6553,NO,NO,UPI,Kolkata
T5513,U066,2023-09-04,Expense,Salary,287,NO,NO,BANK TRANSFER,Pune
T0024,U051,2021-04-05,Expense,Food,9531,NO,NO,CARD,Mumbai
T2302,U021,2021-03-24,Expense,Entertainment,4450,NO,NO,BANK TRANSFER,Chennai
T9280,U086,2021-05-17,Income,Travel,36345,NO,NO,CARD,Kolkata
T9567,U097,2023-04-22,Income,Entertainment,29790,NO,NO,UPI,Hyderabad
T10749,U022,2021-04-12,Expense,Travel,6855,NO,NO,BANK TRANSFER,Lucknow
T5586,U067,2023-01-17,Expense,Travel,1624,NO,NO,CASH,Bangalore
T10631,U072,2022-01-28,Expense,Rent,38464,NO,NO,CASH,Lucknow
T4698,U008,2023-11-16,Expense,Freelance,7255,NO,NO,CASH,Kolkata
T8526,U090,2022-05-11,Expense,Utilities,844,NO,NO,CASH,Kolkata
T12283,U065,2021-04-03,Expense,Rent,2904,NO,NO,CASH,Ahmedabad
T5563,U114,2023-09-06,Expense,Education,7923,NO,NO,BANK TRANSFER,Ahmedabad
T12235,U033,2024-02-23,Income,Food,73816,NO,NO,CASH,Jaipur
T5726,U097,2022-06-29,Income,Rent,73380,NO,NO,CASH,Bangalore
T9374,U120,2022-03-09,Expense,Food,982,NO,NO,BANK TRANSFER,Bangalore
T3234,U021,2021-03-28,Expense,Rent,5897,NO,NO,BANK TRANSFER,Ahmedabad
T4419,U021,2023-11-04,Expense,Freelance,9458,NO,NO,CASH,Lucknow
T8295,U018,2023-06-16,Expense,Food,6377,NO,NO,BANK TRANSFER,Lucknow
T1304,U036,2023-04-27,Income,Education,24399,NO,NO,BANK TRANSFER,Pune
T12015,U051,2022-10-12,Expense,Entertainment,8383,NO,NO,UPI,Mumbai
T2028,U075,2023-07-07,Expense,Health,49919,NO,NO,CARD,Mumbai
T12231,U123,2021-01-01,Expense,Travel,3346,NO,NO,BANK TRANSFER,Mumbai
T3652,U087,2023-12-22,Expense,Food,2870,NO,NO,BANK TRANSFER,Mumbai
T12749,U084,2021-06-06,Expense,Food,5074,NO,NO,BANK TRANSFER,Mumbai
T9972,U127,2021-05-18,Expense,Rent,-1000,YES,NO,CARD,Unknown
T12089,U086,2021-02-15,Expense,Food,5120,NO,NO,CARD,Unknown
T0265,U094,2022-05-27,Expense,Food,3662,NO,NO,CARD,Lucknow
T3579,U080,2023-01-07,Income,Bonus,0,NO,NO,UPI,Chennai
T4319,U073,2023-11-24,Expense,Others,6555,NO,NO,CASH,Chennai
T11373,U042,2024-02-23,Income,Travel,36907,NO,NO,UPI,Chennai
T4383,U004,2024-05-16,Expense,Utilities,5918,NO,NO,CASH,Jaipur
T0287,U047,2022-04-22,Income,Entertainment,25456,NO,NO,BANK TRANSFER,Unknown
T4939,U075,2024-02-22,Expense,Rent,7110,NO,NO,CARD,Mumbai
T0712,U119,2022-10-30,Expense,Investment,3228,NO,NO,UPI,Pune
T10343,U091,2021-01-30,Income,Travel,24868,NO,NO,CASH,Unknown
T8868,U102,2021-01-16,Expense,Utilities,4789,NO,NO,UNKNOWN,Pune
T1293,U062,2022-03-10,Expense,Utilities,133,NO,NO,UPI,Bangalore
T4573,U134,2024-02-19,Expense,Travel,9238,NO,NO,BANK TRANSFER,Ahmedabad
T7613,U050,2023-11-07,Expense,Rent,379,NO,NO,CASH,Chennai
T6324,U125,2023-09-29,Expense,Travel,6212,NO,NO,CASH,Pune
T1126,U148,2021-06-21,Expense,Bonus,244,NO,NO,BANK TRANSFER,Unknown
T11032,U076,2022-03-14,Expense,Utilities,9130,NO,NO,CASH,Mumbai
T2148,U122,2022-01-02,Income,Travel,73333,NO,NO,UNKNOWN,Bangalore
T1606,U068,2023-06-03,Expense,Health,1255,NO,NO,UPI,Ahmedabad
T5453,U122,2021-11-16,Expense,Food,1395,NO,NO,UPI,Hyderabad
T6294,U072,2021-10-14,Expense,Entertainment,3793,NO,NO,UNKNOWN,Delhi
T5298,U069,2024-03-04,Expense,Food,7405,NO,NO,BANK TRANSFER,Mumbai
T11732,U024,2021-03-04,Income,Food,40612,NO,NO,BANK TRANSFER,Bangalore
T1780,U065,2024-06-29,Expense,Investment,8131,NO,NO,UPI,Pune
T11797,U123,2022-05-11,Expense,Rent,3168,NO,NO,BANK TRANSFER,Lucknow
T7557,U133,2024-06-11,Expense,Rent,999999,NO,YES,UNKNOWN,Pune
T3303,U118,2023-10-11,Expense,Entertainment,3370,NO,NO,BANK TRANSFER,Mumbai
T3254,U001,2022-02-12,Expense,Education,5881,NO,NO,UPI,Bangalore
T10200,U024,2024-02-15,Expense,Entertainment,5181,NO,NO,BANK TRANSFER,Mumbai
T2870,U090,2021-08-23,Expense,Travel,46375,NO,NO,BANK TRANSFER,Delhi
T0587,U096,2022-08-26,Expense,Education,259,NO,NO,UPI,Lucknow
T3309,U045,2024-04-17,Income,Rent,45563,NO,NO,UPI,Delhi
T2992,U111,2022-07-09,Expense,Entertainment,9180,NO,NO,UNKNOWN,Ahmedabad
T10712,U137,2024-04-28,Expense,Rent,3055,NO,NO,UPI,Mumbai
T1178,U035,2021-01-24,Income,Travel,40425,NO,NO,BANK TRANSFER,Delhi
T11036,U024,2021-02-26,Expense,Travel,7691,NO,NO,CASH,Jaipur
T2401,U095,2021-04-25,Expense,Uncategorised,1765,NO,NO,BANK TRANSFER,Hyderabad
T4677,U111,2021-12-03,Expense,Education,7215,NO,NO,CARD,Pune
T8655,U095,2023-01-19,Expense,Travel,8353,NO,NO,BANK TRANSFER,Mumbai
T1136,U031,2023-10-14,Expense,Travel,1174,NO,NO,UPI,Ahmedabad
T0420,U064,2022-04-05,Expense,Food,1294,NO,NO,BANK TRANSFER,Mumbai
T13482,U140,2023-03-31,Income,Food,11376,NO,NO,CASH,Lucknow
T12867,U145,2021-08-28,Income,Rent,55537,NO,NO,BANK TRANSFER,Ahmedabad
T5691,U126,2023-08-31,Expense,Utilities,5765,NO,NO,UPI,Chennai
T9636,U086,2022-02-17,Expense,Food,7354,NO,NO,CARD,Unknown
T5218,U048,2021-09-24,Expense,Education,4591,NO,NO,BANK TRANSFER,Bangalore
T6426,U100,2023-12-12,Expense,Entertainment,3115,NO,NO,BANK TRANSFER,Chennai
T11638,U059,2021-09-06,Expense,Utilities,7347,NO,NO,UPI,Hyderabad
T10081,U035,2022-07-20,Expense,Rent,322,NO,NO,CASH,Ahmedabad
T11387,U083,2024-12-07,Income,Salary,19880,NO,NO,BANK TRANSFER,Hyderabad
T0402,U073,2024-03-19,Expense,Entertainment,4280,NO,NO,CASH,Pune
T6317,U125,2024-03-27,Expense,Freelance,8543,NO,NO,CASH,Bangalore
T9615,U026,2024-05-10,Expense,Bonus,48911,NO,NO,BANK TRANSFER,Ahmedabad
T0067,U117,2023-01-28,Expense,Rent,961,NO,NO,UNKNOWN,Ahmedabad
T0818,U096,2024-04-15,Expense,Education,1996,NO,NO,CASH,Mumbai
T0657,U065,2024-05-16,Expense,Utilities,5009,NO,NO,UPI,Bangalore
T7533,U073,2023-04-08,Expense,Bonus,1552,NO,NO,CARD,Mumbai
T5068,U089,2023-11-29,Income,Education,58231,NO,NO,CASH,Ahmedabad
T1001,U010,2023-02-03,Expense,Utilities,1900,NO,NO,BANK TRANSFER,Mumbai
T4232,U049,2021-10-20,Expense,Travel,9834,NO,NO,UPI,Ahmedabad
T13275,U098,2023-11-24,Expense,Food,47526,NO,NO,CARD,Delhi
T6820,U071,2023-12-09,Income,Utilities,18951,NO,NO,UPI,Delhi
T0644,U137,2023-04-08,Expense,Health,3010,NO,NO,BANK TRANSFER,Delhi
T10785,U119,2024-06-30,Expense,Utilities,5010,NO,NO,CASH,Unknown
T3975,U098,2024-09-01,Expense,Utilities,9698,NO,NO,CARD,Pune
T2225,U136,2021-11-08,Expense,Travel,-500,YES,NO,BANK TRANSFER,Chennai
T3403,U052,2023-03-12,Expense,Food,5820,NO,NO,BANK TRANSFER,Jaipur
T10151,U035,2022-03-17,Expense,Investment,8831,NO,NO,UNKNOWN,Bangalore
T10824,U109,2021-04-22,Expense,Bonus,2272,NO,NO,CARD,Chennai
T12646,U110,2023-03-30,Expense,Freelance,4044,NO,NO,CARD,Hyderabad
T5361,U099,2021-02-18,Expense,Entertainment,764,NO,NO,CARD,Hyderabad
T13569,U021,2022-09-01,Income,Food,67581,NO,NO,CARD,Pune
T12678,U084,2022-06-10,Expense,Rent,2688,NO,NO,CARD,Delhi
T6093,U091,2021-10-05,Expense,Utilities,9586,NO,NO,CARD,Delhi
T1031,U065,2021-08-19,Expense,Health,7415,NO,NO,UPI,Jaipur
T1858,U129,2022-12-04,Expense,Entertainment,9430,NO,NO,BANK TRANSFER,Kolkata
T12223,U145,2024-11-09,Expense,Utilities,999999999,NO,YES,CASH,Unknown
T4023,U002,2022-05-03,Income,Rent,71489,NO,NO,CASH,Lucknow
T10594,U108,2024-02-07,Expense,Rent,7837,NO,NO,BANK TRANSFER,Ahmedabad
T12480,U011,2022-10-07,Expense,Bonus,5720,NO,NO,CARD,Unknown
T7574,U048,2023-07-17,Income,Uncategorised,53714,NO,NO,CARD,Kolkata
T2038,U053,2021-03-17,Expense,Rent,8658,NO,NO,CASH,Ahmedabad
T7436,U141,2023-04-01,Expense,Education,5065,NO,NO,BANK TRANSFER,Mumbai
T11410,U085,2024-08-22,Expense,Food,5598,NO,NO,BANK TRANSFER,Lucknow
T10861,U117,2024-12-10,Expense,Others,8802,NO,NO,CARD,Pune
T0543,U136,2024-08-13,Expense,Food,4600,NO,NO,UPI,Pune
T0453,U064,2024-03-26,Expense,Education,5991,NO,NO,BANK TRANSFER,Ahmedabad
T6339,U126,2022-08-31,Expense,Travel,2547,NO,NO,UPI,Pune
T9480,U023,2024-11-15,Expense,Investment,30227,NO,NO,CARD,Jaipur
T11009,U146,2023-05-11,Expense,Freelance,43134,NO,NO,BANK TRANSFER,Lucknow
T12141,U002,2024-12-17,Expense,Travel,1056,NO,NO,UNKNOWN,Chennai
T12896,U062,2024-05-13,Expense,Entertainment,6358,NO,NO,BANK TRANSFER,Pune
T4569,U079,2022-08-07,Expense,Rent,8018,NO,NO,CARD,Pune
T10116,U030,2024-06-27,Expense,Rent,2238,NO,NO,UPI,Delhi
T11442,U034,2024-05-28,Expense,Food,6269,NO,NO,CASH,Delhi
T11092,U016,2024-05-17,Expense,Food,3548,NO,NO,CARD,Bangalore
T4454,U001,2021-10-26,Expense,Travel,9484,NO,NO,CASH,Mumbai
T10889,U037,2022-05-18,Expense,Food,8111,NO,NO,UPI,Unknown
T4481,U126,2024-09-14,Expense,Utilities,2575,NO,NO,BANK TRANSFER,Pune
T10654,U141,2024-04-01,Expense,Food,5452,NO,NO,BANK TRANSFER,Unknown
T1414,U137,2022-06-13,Expense,Food,2935,NO,NO,UPI,Chennai
T3077,U106,2024-09-12,Income,Education,61600,NO,NO,CARD,Ahmedabad
T0952,U003,2024-01-13,Income,Rent,13611,NO,NO,CARD,Delhi
T12461,U102,2022-03-03,Expense,Bonus,4582,NO,NO,CASH,Jaipur
T6278,U060,2024-11-14,Income,Education,26985,NO,NO,UNKNOWN,Bangalore
T4389,U104,2021-09-19,Expense,Travel,3784,NO,NO,CASH,Chennai
T7601,U065,2022-03-21,Expense,Utilities,2775,NO,NO,UPI,Mumbai
T8457,U063,2022-10-22,Expense,Rent,2819,NO,NO,UPI,Unknown
T6549,U081,2024-09-27,Expense,Health,999999999,NO,YES,UNKNOWN,Delhi
T6532,U138,2022-06-24,Expense,Food,1290,NO,NO,CASH,Mumbai
T1534,U034,2021-07-22,Income,Rent,26533,NO,NO,CASH,Unknown
T13699,U148,2022-06-22,Expense,Investment,9349,NO,NO,BANK TRANSFER,Bangalore
T11071,U078,2022-03-07,Expense,Utilities,9002,NO,NO,BANK TRANSFER,Chennai
T2118,U008,2022-01-16,Income,Food,62016,NO,NO,CASH,Bangalore
T5684,U120,2022-05-03,Income,Investment,26378,NO,NO,CASH,Lucknow
T11734,U079,2024-02-28,Expense,Rent,-1000,YES,NO,UPI,Unknown
T13050,U054,2021-03-01,Expense,Rent,9495,NO,NO,BANK TRANSFER,Ahmedabad
T3242,U127,2021-01-30,Expense,Investment,3444,NO,NO,BANK TRANSFER,Delhi
T0848,U031,2024-11-24,Expense,Food,5977,NO,NO,CASH,Pune
T9480,U023,2024-11-15,Expense,Rent,30227,NO,NO,CARD,Jaipur
T11727,U045,2024-04-16,Expense,Travel,7395,NO,NO,CASH,Lucknow
T7728,U003,2023-06-19,Expense,Education,4184,NO,NO,CASH,Bangalore
T3544,U143,2022-09-04,Expense,Travel,9645,NO,NO,UPI,Delhi
T11925,U073,2022-11-08,Expense,Freelance,1180,NO,NO,BANK TRANSFER,Hyderabad
T10920,U014,2024-04-08,Expense,Rent,839,NO,NO,UPI,Bangalore
T9112,U091,2023-12-22,Expense,Education,8715,NO,NO,CASH,Bangalore
T10545,U123,2022-10-24,Expense,Bonus,7727,NO,NO,CARD,Mumbai
T5203,U008,2021-09-03,Expense,Utilities,1222,NO,NO,CARD,Jaipur
T4228,U069,2022-03-30,Expense,Travel,2341,NO,NO,CASH,Ahmedabad
T11033,U074,2024-10-23,Income,Travel,22832,NO,NO,UPI,Bangalore
T4566,U117,2024-01-02,Expense,Education,7918,NO,NO,BANK TRANSFER,Bangalore
T4080,U095,2021-02-15,Expense,Entertainment,1773,NO,NO,CARD,Kolkata
T2842,U021,2023-10-05,Income,Food,62035,NO,NO,BANK TRANSFER,Jaipur
T8878,U001,2022-07-24,Expense,Food,3632,NO,NO,CASH,Delhi
T9383,U128,2022-11-20,Expense,Health,8580,NO,NO,CARD,Pune
T13824,U099,2022-07-23,Expense,Travel,1563,NO,NO,BANK TRANSFER,Chennai
T12079,U119,2021-06-05,Expense,Food,9634,NO,NO,BANK TRANSFER,Pune
T11652,U026,2021-10-31,Income,Rent,52787,NO,NO,BANK TRANSFER,Bangalore
T0793,U011,2024-04-25,Expense,Food,6174,NO,NO,BANK TRANSFER,Lucknow
T8646,U075,2023-11-20,Income,Savings,74161,NO,NO,CASH,Pune
T0322,U073,2022-05-30,Expense,Uncategorised,8437,NO,NO,BANK TRANSFER,Chennai
T1059,U071,2024-09-08,Expense,Rent,3304,NO,NO,CARD,Pune
T5743,U109,2024-11-17,Income,Food,64703,NO,NO,UNKNOWN,Unknown
T11631,U034,2022-09-30,Expense,Food,43620,NO,NO,CASH,Lucknow
T4948,U107,2023-03-13,Expense,Freelance,1037,NO,NO,BANK TRANSFER,Lucknow
T5990,U106,2023-02-27,Income,Travel,60230,NO,NO,CASH,Chennai
T3255,U130,2022-06-26,Expense,Utilities,9363,NO,NO,BANK TRANSFER,Kolkata
T13741,U067,2022-10-23,Expense,Utilities,9717,NO,NO,CARD,Ahmedabad
T12224,U022,2024-11-04,Expense,Investment,-1000,YES,NO,CASH,Chennai
T7040,U028,2021-09-26,Expense,Food,7521,NO,NO,UPI,Chennai
T11614,U120,2023-03-06,Expense,Rent,754,NO,NO,BANK TRANSFER,Unknown
T4075,U116,2021-06-14,Expense,Rent,2263,NO,NO,CASH,Bangalore
T3479,U039,2021-09-12,Expense,Investment,1971,NO,NO,CARD,Unknown
T4461,U093,2023-06-29,Expense,Health,49853,NO,NO,UPI,Ahmedabad
T8013,U028,2023-05-17,Expense,Utilities,2645,NO,NO,BANK TRANSFER,Bangalore
T3224,U142,2023-10-08,Expense,Travel,7298,NO,NO,CARD,Kolkata
T6432,U036,2024-12-06,Expense,Education,3200,NO,NO,BANK TRANSFER,Lucknow
T12188,U009,2023-11-03,Income,Freelance,40151,NO,NO,UPI,Chennai
T5098,U056,2023-06-18,Expense,Others,9887,NO,NO,CARD,Mumbai
T11838,U080,2023-02-07,Expense,Utilities,5313,NO,NO,UPI,Ahmedabad
T11420,U009,2024-11-11,Expense,Entertainment,5534,NO,NO,UPI,Kolkata
T11122,U085,2023-11-29,Expense,Rent,4309,NO,NO,BANK TRANSFER,Mumbai
T7475,U027,2021-04-01,Expense,Rent,614,NO,NO,UNKNOWN,Jaipur
T1843,U092,2024-05-08,Expense,Travel,7285,NO,NO,UNKNOWN,Unknown
T13543,U138,2024-03-15,Expense,Rent,9968,NO,NO,UNKNOWN,Unknown
T7348,U063,2024-09-25,Expense,Salary,2732,NO,NO,CASH,Hyderabad
T2165,U048,2023-06-11,Expense,Education,4777,NO,NO,BANK TRANSFER,Delhi
T3082,U050,2021-07-23,Expense,Food,3972,NO,NO,UPI,Unknown
T6570,U115,2022-05-19,Expense,Rent,12915,NO,NO,UNKNOWN,Delhi
T7127,U106,2024-02-26,Expense,Savings,7253,NO,NO,CARD,Kolkata
T5496,U057,2023-06-01,Expense,Rent,7343,NO,NO,UPI,Jaipur
T3283,U101,2023-09-23,Expense,Savings,8217,NO,NO,UNKNOWN,Bangalore
T3351,U114,2022-11-28,Income,Bonus,60213,NO,NO,BANK TRANSFER,Delhi
T8970,U060,2023-08-07,Expense,Utilities,8243,NO,NO,UNKNOWN,Unknown
T1691,U094,2023-12-16,Income,Food,59766,NO,NO,CARD,Ahmedabad
T11042,U002,2024-05-12,Expense,Food,-1000,YES,NO,CASH,Lucknow
T3323,U063,2021-01-27,Expense,Savings,8408,NO,NO,CARD,Pune
T8522,U138,2021-03-07,Expense,Utilities,2631,NO,NO,CASH,Jaipur
T11816,U047,2023-05-16,Expense,Rent,6249,NO,NO,BANK TRANSFER,Hyderabad
T11571,U074,2023-01-05,Expense,Food,8520,NO,NO,BANK TRANSFER,Pune
T11523,U012,2024-12-11,Expense,Health,9140,NO,NO,BANK TRANSFER,Jaipur
T1398,U064,2022-08-12,Expense,Entertainment,6413,NO,NO,CASH,Bangalore
T12504,U090,2022-09-02,Income,Food,55483,NO,NO,BANK TRANSFER,Hyderabad
T11328,U138,2023-05-03,Expense,Health,8083,NO,NO,UPI,Mumbai
T13801,U150,2021-02-01,Expense,Food,1416,NO,NO,BANK TRANSFER,Pune
T13736,U100,2021-03-21,Expense,Food,6325,NO,NO,BANK TRANSFER,Mumbai
T7232,U124,2022-12-25,Expense,Bonus,9652,NO,NO,UNKNOWN,Unknown
T2774,U137,2023-03-17,Expense,Food,6160,NO,NO,BANK TRANSFER,Chennai
T12162,U083,2021-02-18,Expense,Rent,3871,NO,NO,BANK TRANSFER,Mumbai
T7637,U084,2022-04-15,Expense,Food,1466,NO,NO,UPI,Chennai
T4462,U118,2023-12-09,Expense,Food,7634,NO,NO,UPI,Pune
T12995,U013,2021-12-30,Expense,Food,6344,NO,NO,CARD,Unknown
T12144,U062,2022-02-22,Expense,Rent,2686,NO,NO,CASH,Kolkata
T10488,U037,2023-09-22,Expense,Entertainment,2558,NO,NO,BANK TRANSFER,Ahmedabad
T10546,U073,2023-07-28,Expense,Rent,221,NO,NO,UPI,Unknown
T0552,U026,2024-11-17,Expense,Utilities,9869,NO,NO,BANK TRANSFER,Chennai
T11455,U149,2023-12-10,Income,Entertainment,29899,NO,NO,BANK TRANSFER,Lucknow
T8559,U087,2022-05-03,Expense,Entertainment,3835,NO,NO,CASH,Ahmedabad
T3423,U125,2021-01-17,Expense,Freelance,1860,NO,NO,UPI,Jaipur
T8264,U120,2024-10-21,Expense,Others,3165,NO,NO,BANK TRANSFER,Delhi
T6880,U076,2021-07-16,Expense,Food,8144,NO,NO,CARD,Bangalore
T9464,U143,2023-04-26,Expense,Rent,1979,NO,NO,UPI,Ahmedabad
T12757,U071,2024-11-20,Expense,Food,4319,NO,NO,UPI,Unknown
T13146,U036,2023-08-27,Income,Others,17113,NO,NO,CARD,Ahmedabad
T6197,U108,2021-11-04,Expense,Utilities,5382,NO,NO,CARD,Jaipur
T2793,U068,2024-10-27,Expense,Utilities,5766,NO,NO,CARD,Jaipur
T1513,U038,2021-12-07,Income,Food,32450,NO,NO,UNKNOWN,Jaipur
T1634,U079,2024-09-18,Expense,Education,2025,NO,NO,CARD,Jaipur
T12231,U123,2021-01-01,Expense,Education,3346,NO,NO,BANK TRANSFER,Mumbai
T1404,U015,2024-10-08,Expense,Education,6204,NO,NO,UPI,Jaipur
T0140,U016,2023-12-27,Expense,Utilities,4480,NO,NO,CASH,Pune
T7596,U051,2023-08-13,Income,Rent,11476,NO,NO,CARD,Bangalore
T2044,U084,2022-08-19,Expense,Food,1159,NO,NO,CARD,Hyderabad
T11354,U143,2022-08-04,Expense,Rent,8950,NO,NO,CASH,Unknown
T1711,U130,2021-01-24,Expense,Rent,6053,NO,NO,CASH,Unknown
T3034,U069,2024-09-17,Expense,Others,9961,NO,NO,CARD,Bangalore
T0650,U124,2021-07-18,Expense,Health,4359,NO,NO,BANK TRANSFER,Lucknow
T1767,U043,2022-12-27,Income,Travel,70235,NO,NO,CARD,Unknown
T7334,U084,2021-03-12,Expense,Education,33308,NO,NO,CASH,Bangalore
T6150,U008,2024-10-03,Expense,Food,7966,NO,NO,CARD,Chennai
T9381,U016,2021-06-27,Expense,Education,759,NO,NO,UPI,Chennai
T6707,U059,2022-11-11,Expense,Travel,8191,NO,NO,BANK TRANSFER,Ahmedabad
T5115,U112,2024-12-08,Expense,Rent,-500,YES,NO,BANK TRANSFER,Kolkata
T13429,U020,2023-06-19,Expense,Entertainment,1499,NO,NO,CARD,Pune
T6195,U090,2022-11-15,Expense,Investment,9789,NO,NO,CARD,Pune
T1138,U027,2021-10-18,Income,Rent,10591,NO,NO,UPI,Kolkata
T6368,U110,2024-11-01,Expense,Utilities,4511,NO,NO,CASH,Chennai
T10442,U100,2023-05-14,Expense,Food,5549,NO,NO,UNKNOWN,Mumbai
T2289,U087,2022-08-31,Expense,Entertainment,934,NO,NO,BANK TRANSFER,Ahmedabad
T4411,U099,2023-01-12,Expense,Bonus,1956,NO,NO,CARD,Jaipur
T4262,U080,2023-12-07,Expense,Travel,4122,NO,NO,UPI,Chennai
T9198,U044,2021-03-16,Expense,Food,27525,NO,NO,UPI,Lucknow
T5785,U136,2022-11-13,Expense,Travel,794,NO,NO,CARD,Lucknow
T0772,U024,2021-11-22,Expense,Utilities,4280,NO,NO,UPI,Kolkata
T1315,U099,2024-01-04,Expense,Rent,7906,NO,NO,UPI,Kolkata
T2507,U036,2024-02-05,Expense,Investment,1318,NO,NO,BANK TRANSFER,Pune
T6332,U024,2021-09-23,Income,Food,77882,NO,NO,UPI,Pune
T6251,U022,2023-10-24,Income,Bonus,68075,NO,NO,BANK TRANSFER,Pune
T10340,U089,2021-08-11,Income,Food,27953,NO,NO,UPI,Hyderabad
T11835,U125,2022-04-12,Expense,Travel,7315,NO,NO,BANK TRANSFER,Jaipur
T2247,U123,2022-09-09,Expense,Rent,444,NO,NO,CARD,Kolkata
T9944,U143,2023-02-22,Expense,Salary,4469,NO,NO,BANK TRANSFER,Bangalore
T12169,U136,2021-02-21,Expense,Entertainment,2732,NO,NO,CASH,Hyderabad
T4083,U030,2023-05-26,Income,Education,17387,NO,NO,UNKNOWN,Chennai
T10173,U066,2024-03-09,Expense,Food,474,NO,NO,UPI,Bangalore
T0032,U097,2022-02-11,Expense,Travel,24764,NO,NO,CASH,Hyderabad
T5342,U128,2023-02-08,Expense,Rent,3304,NO,NO,CARD,Chennai
T12708,U126,2022-05-21,Expense,Utilities,7314,NO,NO,UPI,Ahmedabad
T7555,U055,2022-09-13,Expense,Food,4249,NO,NO,CARD,Chennai
T3336,U001,2022-09-10,Income,Rent,55604,NO,NO,CASH,Chennai
T8233,U051,2022-10-17,Expense,Utilities,929,NO,NO,BANK TRANSFER,Chennai
T12287,U057,2022-09-14,Income,Utilities,46399,NO,NO,CASH,Pune
T2341,U108,2021-03-20,Expense,Salary,5279,NO,NO,CASH,Hyderabad
T4218,U084,2022-05-28,Expense,Education,8028,NO,NO,BANK TRANSFER,Kolkata
T13128,U128,2023-11-14,Expense,Travel,865,NO,NO,BANK TRANSFER,Lucknow
T10610,U127,2023-04-19,Expense,Entertainment,5984,NO,NO,CARD,Bangalore
T6975,U047,2024-12-16,Expense,Food,1405,NO,NO,BANK TRANSFER,Pune
T2614,U068,2023-07-08,Expense,Food,1139,NO,NO,CASH,Jaipur
T4306,U083,2022-08-27,Expense,Travel,7917,NO,NO,CASH,Ahmedabad
T5621,U045,2022-11-23,Expense,Others,1211,NO,NO,UPI,Hyderabad
T11419,U136,2022-12-07,Expense,Entertainment,6515,NO,NO,CARD,Ahmedabad
T13984,U106,2024-08-19,Expense,Food,9761,NO,NO,BANK TRANSFER,Bangalore
T0069,U103,2023-03-22,Expense,Rent,1968,NO,NO,UPI,Bangalore
T1372,U038,2021-06-17,Expense,Food,8596,NO,NO,BANK TRANSFER,Ahmedabad
T9074,U016,2024-12-04,Expense,Food,30589,NO,NO,BANK TRANSFER,Delhi
T1949,U107,2024-06-08,Expense,Health,2823,NO,NO,CASH,Mumbai
T5778,U061,2023-08-22,Expense,Education,6634,NO,NO,CARD,Pune
T13505,U020,2021-02-17,Expense,Bonus,174,NO,NO,UNKNOWN,Chennai
T9659,U148,2022-07-15,Expense,Rent,9710,NO,NO,BANK TRANSFER,Pune
T3611,U028,2023-09-10,Expense,Utilities,946,NO,NO,CARD,Kolkata
T10626,U018,2024-03-22,Expense,Rent,1454,NO,NO,BANK TRANSFER,Hyderabad
T1245,U097,2023-04-28,Expense,Others,4040,NO,NO,CARD,Chennai
T11303,U139,2023-11-29,Expense,Food,5575,NO,NO,BANK TRANSFER,Pune
T2113,U030,2021-10-24,Income,Uncategorised,10309,NO,NO,CASH,Lucknow
T4158,U035,2024-09-11,Income,Investment,69689,NO,NO,BANK TRANSFER,Unknown
T13671,U003,2024-05-31,Expense,Bonus,1495,NO,NO,UNKNOWN,Ahmedabad
T8755,U054,2022-06-10,Income,Savings,49134,NO,NO,UPI,Delhi
T1015,U143,2023-09-26,Expense,Food,8950,NO,NO,CASH,Bangalore
T10220,U036,2022-06-10,Income,Rent,57854,NO,NO,CASH,Delhi
T4592,U034,2021-07-15,Expense,Utilities,859,NO,NO,CARD,Pune
T7805,U002,2024-11-08,Expense,Rent,6081,NO,NO,CARD,Hyderabad
T12261,U111,2021-12-22,Income,Rent,48933,NO,NO,CARD,Mumbai
T10409,U010,2024-04-24,Expense,Food,20775,NO,NO,CASH,Chennai
T2611,U097,2023-09-15,Expense,Savings,3197,NO,NO,BANK TRANSFER,Unknown
T8752,U146,2024-09-19,Expense,Food,1598,NO,NO,CARD,Kolkata
T5694,U073,2023-08-12,Expense,Food,1377,NO,NO,CASH,Hyderabad
T7468,U129,2024-03-02,Expense,Bonus,28176,NO,NO,UPI,Hyderabad
T13001,U112,2022-04-03,Expense,Travel,5590,NO,NO,UPI,Jaipur
T7086,U009,2023-04-28,Expense,Food,7768,NO,NO,CARD,Bangalore
T9828,U106,2021-08-14,Expense,Entertainment,15775,NO,NO,CARD,Unknown
T11337,U147,2021-06-20,Expense,Education,5947,NO,NO,CARD,Bangalore
T2454,U138,2022-12-02,Expense,Entertainment,2715,NO,NO,CASH,Pune
T3283,U101,2023-09-23,Expense,Food,8217,NO,NO,UNKNOWN,Bangalore
T5406,U015,2024-05-29,Expense,Rent,-500,YES,NO,CASH,Chennai
T11227,U013,2023-08-14,Expense,Utilities,9800,NO,NO,CASH,Ahmedabad
T1636,U024,2022-08-14,Expense,Freelance,5844,NO,NO,CARD,Jaipur
T7823,U099,2024-08-18,Expense,Education,5211,NO,NO,UPI,Delhi
T9691,U145,2022-08-25,Expense,Rent,2909,NO,NO,CASH,Unknown
T6750,U021,2024-05-21,Expense,Salary,5978,NO,NO,UNKNOWN,Lucknow
T1538,U019,2023-12-23,Income,Food,62118,NO,NO,BANK TRANSFER,Chennai
T11875,U016,2021-09-29,Expense,Savings,8731,NO,NO,BANK TRANSFER,Jaipur
T1118,U075,2022-03-28,Expense,Food,1322,NO,NO,CARD,Delhi
T1709,U069,2024-06-24,Expense,Savings,7373,NO,NO,BANK TRANSFER,Hyderabad
T4274,U106,2021-11-26,Expense,Entertainment,2822,NO,NO,BANK TRANSFER,Hyderabad
T13100,U008,2022-11-27,Income,Travel,49835,NO,NO,CARD,Jaipur
T4450,U021,2023-11-22,Expense,Utilities,3781,NO,NO,BANK TRANSFER,Kolkata
T13254,U132,2022-06-23,Income,Utilities,19454,NO,NO,BANK TRANSFER,Pune
T5261,U047,2023-04-24,Expense,Food,560,NO,NO,CARD,Ahmedabad
T10836,U034,2023-05-18,Income,Utilities,33341,NO,NO,UPI,Chennai
T9210,U080,2024-12-24,Expense,Food,4923,NO,NO,CASH,Chennai
T7624,U075,2024-07-24,Income,Food,946934,NO,YES,BANK TRANSFER,Jaipur
T2548,U110,2022-03-19,Income,Food,57810,NO,NO,BANK TRANSFER,Jaipur
T8364,U013,2021-12-19,Income,Travel,17011,NO,NO,BANK TRANSFER,Bangalore
T11120,U107,2023-12-20,Income,Travel,41449,NO,NO,CARD,Chennai
T5707,U048,2021-07-17,Expense,Education,7669,NO,NO,BANK TRANSFER,Kolkata
T8706,U140,2024-02-22,Income,Food,59188,NO,NO,UPI,Bangalore
T12088,U057,2023-04-06,Expense,Utilities,2212,NO,NO,UPI,Pune
T10665,U044,2021-10-30,Expense,Freelance,9808,NO,NO,CASH,Kolkata
T5226,U012,2022-11-03,Income,Entertainment,45051,NO,NO,UPI,Jaipur
T2902,U150,2024-01-30,Expense,Rent,1776,NO,NO,UNKNOWN,Jaipur
T9437,U065,2022-02-17,Expense,Utilities,2457,NO,NO,UPI,Chennai
T5800,U118,2022-10-23,Expense,Education,7439,NO,NO,UPI,Lucknow
T4744,U014,2022-07-19,Expense,Entertainment,4492,NO,NO,BANK TRANSFER,Pune
T9645,U093,2021-11-27,Expense,Salary,8174,NO,NO,BANK TRANSFER,Bangalore
T0720,U043,2022-05-05,Expense,Utilities,7605,NO,NO,UNKNOWN,Lucknow
T7280,U032,2024-08-09,Expense,Entertainment,1670,NO,NO,CARD,Lucknow
T5818,U120,2023-02-01,Expense,Food,5515,NO,NO,UNKNOWN,Kolkata
T9438,U022,2021-11-15,Expense,Travel,4852,NO,NO,UPI,Jaipur
T8979,U120,2021-07-25,Expense,Investment,6860,NO,NO,UPI,Ahmedabad
T2444,U024,2024-07-14,Expense,Travel,3548,NO,NO,CARD,Delhi
T5910,U103,2022-06-16,Expense,Travel,4579,NO,NO,BANK TRANSFER,Lucknow
T3399,U075,2024-09-04,Expense,Rent,8609,NO,NO,UNKNOWN,Pune
T6440,U144,2022-02-09,Expense,Others,4254,NO,NO,BANK TRANSFER,Chennai
T6316,U045,2021-08-27,Expense,Utilities,8409,NO,NO,BANK TRANSFER,Kolkata
T10346,U024,2023-09-15,Expense,Rent,7493,NO,NO,UPI,Jaipur
T2171,U147,2022-08-18,Expense,Food,4802,NO,NO,CARD,Chennai
T9574,U057,2023-02-16,Expense,Health,7154,NO,NO,CASH,Pune
T10846,U140,2023-01-16,Expense,Rent,38943,NO,NO,UPI,Ahmedabad
T7244,U032,2024-04-16,Expense,Food,4003,NO,NO,UPI,Bangalore
T11226,U091,2022-12-13,Expense,Utilities,5211,NO,NO,BANK TRANSFER,Unknown
T10706,U108,2024-02-03,Expense,Utilities,7890,NO,NO,CASH,Pune
T10227,U034,2024-09-07,Expense,Uncategorised,2458,NO,NO,CARD,Bangalore
T11831,U122,2023-11-20,Expense,Others,39411,NO,NO,UPI,Jaipur
T3332,U046,2021-11-20,Expense,Food,2324,NO,NO,CASH,Ahmedabad
T9658,U089,2024-07-16,Income,Utilities,40408,NO,NO,UPI,Mumbai
T4196,U087,2024-09-18,Income,Food,15505,NO,NO,BANK TRANSFER,Delhi
T5623,U058,2023-12-20,Expense,Investment,3401,NO,NO,UNKNOWN,Pune
T12339,U112,2023-10-14,Expense,Utilities,8040,NO,NO,UPI,Delhi
T6290,U031,2024-02-21,Expense,Utilities,4369,NO,NO,UPI,Delhi
T7570,U048,2021-10-23,Expense,Others,0,NO,NO,CASH,Kolkata
T12668,U080,2022-09-22,Expense,Others,4702,NO,NO,UPI,Ahmedabad
T9920,U074,2024-03-30,Expense,Investment,1941,NO,NO,BANK TRANSFER,Chennai
T11833,U054,2024-10-16,Expense,Rent,4847,NO,NO,BANK TRANSFER,Unknown
T10237,U076,2022-11-02,Expense,Travel,3528,NO,NO,UPI,Jaipur
T4149,U001,2022-07-12,Expense,Utilities,17529,NO,NO,CASH,Ahmedabad
T8648,U076,2022-03-09,Expense,Entertainment,179,NO,NO,UPI,Hyderabad
T0373,U069,2023-10-10,Expense,Travel,2368,NO,NO,CARD,Kolkata
T5745,U107,2021-03-08,Expense,Entertainment,16470,NO,NO,CASH,Delhi
T12554,U075,2022-03-20,Expense,Entertainment,2647,NO,NO,CASH,Bangalore
T4738,U019,2022-10-14,Income,Food,32428,NO,NO,CARD,Delhi
T11320,U138,2023-08-05,Expense,Others,0,NO,NO,CASH,Unknown
T13750,U135,2021-06-25,Expense,Entertainment,1633,NO,NO,CASH,Delhi
T13442,U055,2021-10-06,Expense,Travel,8016,NO,NO,UPI,Kolkata
T0679,U076,2022-12-13,Expense,Travel,8369,NO,NO,CARD,Chennai
T13179,U013,2023-09-23,Expense,Rent,4932,NO,NO,UNKNOWN,Delhi
T0691,U099,2022-08-25,Income,Investment,674606,NO,YES,CASH,Chennai
T11678,U055,2022-10-27,Expense,Food,4196,NO,NO,BANK TRANSFER,Chennai
T1748,U112,2022-05-30,Expense,Rent,8457,NO,NO,UPI,Unknown
T8691,U108,2024-02-29,Income,Rent,899072,NO,YES,CASH,Ahmedabad
T10997,U095,2021-06-02,Expense,Entertainment,8447,NO,NO,CARD,Hyderabad
T9409,U053,2024-11-24,Expense,Food,3997,NO,NO,UPI,Mumbai
T3203,U079,2022-12-19,Expense,Savings,3557,NO,NO,BANK TRANSFER,Jaipur
T12955,U110,2024-05-28,Income,Rent,70126,NO,NO,BANK TRANSFER,Ahmedabad
T4275,U145,2021-10-07,Income,Bonus,0,NO,NO,CASH,Kolkata
T4166,U003,2021-02-27,Expense,Travel,3995,NO,NO,CARD,Kolkata
T2592,U113,2022-08-27,Expense,Rent,4207,NO,NO,CASH,Pune
T0869,U084,2022-11-23,Income,Education,32525,NO,NO,CARD,Hyderabad
T1308,U069,2022-03-06,Income,Entertainment,59941,NO,NO,CARD,Ahmedabad
T4039,U049,2024-07-05,Income,Bonus,35662,NO,NO,CASH,Chennai
T12749,U084,2021-06-06,Expense,Entertainment,5074,NO,NO,BANK TRANSFER,Mumbai
T4718,U007,2022-02-28,Income,Travel,54309,NO,NO,CARD,Kolkata
T9017,U020,2021-08-28,Expense,Entertainment,3611,NO,NO,BANK TRANSFER,Jaipur
T6599,U053,2022-04-01,Expense,Salary,9882,NO,NO,CARD,Jaipur
T9283,U122,2024-01-14,Expense,Utilities,8973,NO,NO,CASH,Chennai
T4178,U030,2021-04-15,Expense,Food,821,NO,NO,UNKNOWN,Hyderabad
T7077,U087,2024-06-08,Expense,Health,0,NO,NO,CARD,Chennai
T0556,U111,2021-07-02,Income,Uncategorised,68886,NO,NO,CARD,Hyderabad
T9266,U138,2023-08-12,Expense,Food,5446,NO,NO,UPI,Unknown
T10611,U102,2022-02-11,Expense,Salary,7403,NO,NO,UPI,Bangalore
T13033,U142,2022-04-12,Expense,Utilities,5317,NO,NO,BANK TRANSFER,Kolkata
T5536,U140,2021-10-02,Income,Education,164337,NO,NO,UPI,Jaipur
T9938,U102,2024-02-10,Expense,Rent,2671,NO,NO,CASH,Jaipur
T9265,U048,2024-01-22,Expense,Health,3707,NO,NO,CASH,Kolkata
T9476,U123,2023-10-18,Expense,Health,38882,NO,NO,UPI,Hyderabad
T4134,U136,2021-09-22,Expense,Rent,5459,NO,NO,CASH,Bangalore
T5262,U018,2021-12-12,Expense,Utilities,884,NO,NO,UPI,Ahmedabad
T12353,U102,2024-01-12,Expense,Salary,391,NO,NO,CARD,Chennai
T4399,U012,2021-05-28,Expense,Rent,2291,NO,NO,BANK TRANSFER,Pune
T6770,U074,2024-05-26,Income,Investment,12707,NO,NO,CARD,Unknown
T8855,U136,2022-06-19,Expense,Travel,6061,NO,NO,CASH,Pune
T11508,U101,2023-01-05,Expense,Food,7897,NO,NO,CARD,Hyderabad
T11515,U081,2023-08-07,Expense,Investment,9122,NO,NO,UPI,Unknown
T3428,U100,2023-10-23,Expense,Utilities,35601,NO,NO,CASH,Mumbai
T9161,U081,2021-08-09,Expense,Food,2783,NO,NO,CASH,Jaipur
T4102,U051,2023-11-05,Expense,Travel,7347,NO,NO,CARD,Delhi
T4551,U119,2024-01-10,Income,Freelance,43118,NO,NO,UPI,Lucknow
T7680,U091,2024-08-13,Expense,Travel,3682,NO,NO,CASH,Unknown
T0575,U065,2022-11-23,Expense,Freelance,4493,NO,NO,BANK TRANSFER,Chennai
T11863,U079,2021-11-07,Expense,Food,6217,NO,NO,CASH,Kolkata
T12153,U007,2022-09-21,Expense,Others,5485,NO,NO,UPI,Kolkata
T3887,U009,2024-06-30,Expense,Rent,1680,NO,NO,UNKNOWN,Ahmedabad
T12819,U111,2024-02-18,Expense,Health,7553,NO,NO,BANK TRANSFER,Bangalore
T8162,U145,2021-06-24,Expense,Rent,6701,NO,NO,CASH,Hyderabad
T0547,U076,2022-12-24,Income,Food,74828,NO,NO,UNKNOWN,Pune
T3487,U137,2022-07-19,Expense,Bonus,7192,NO,NO,CASH,Pune
T6573,U013,2023-03-19,Expense,Food,9691,NO,NO,CARD,Pune
T1183,U080,2023-07-08,Expense,Bonus,7373,NO,NO,CARD,Mumbai
T6080,U052,2024-06-18,Expense,Entertainment,5558,NO,NO,BANK TRANSFER,Jaipur
T3390,U093,2024-06-17,Expense,Utilities,3746,NO,NO,CASH,Chennai
T4722,U116,2024-06-10,Expense,Bonus,2152,NO,NO,UPI,Hyderabad
T8195,U111,2023-07-13,Expense,Salary,5074,NO,NO,CASH,Kolkata
T10179,U012,2024-01-12,Expense,Bonus,18912,NO,NO,CARD,Kolkata
T0565,U052,2021-01-01,Income,Food,76296,NO,NO,CASH,Bangalore
T7900,U104,2021-12-16,Expense,Utilities,4715,NO,NO,CASH,Bangalore
T4961,U062,2024-09-09,Expense,Food,1439,NO,NO,UPI,Ahmedabad
T7435,U022,2022-08-12,Expense,Utilities,9558,NO,NO,UNKNOWN,Hyderabad
T5500,U050,2023-06-05,Expense,Freelance,8279,NO,NO,CARD,Chennai
T10999,U069,2021-09-21,Expense,Others,5193,NO,NO,CASH,Bangalore
T7055,U036,2023-05-13,Expense,Investment,5961,NO,NO,CASH,Delhi
T13272,U002,2024-10-15,Expense,Utilities,0,NO,NO,UPI,Hyderabad
T9167,U131,2022-11-25,Expense,Utilities,9110,NO,NO,UPI,Jaipur
T5944,U144,2021-02-22,Expense,Rent,3058,NO,NO,UPI,Kolkata
T9135,U107,2023-04-30,Expense,Entertainment,9339,NO,NO,CASH,Kolkata
T6275,U030,2024-04-08,Income,Utilities,17616,NO,NO,CASH,Delhi
T12503,U017,2023-03-02,Income,Food,363110,NO,NO,UPI,Hyderabad
T1915,U077,2022-04-05,Expense,Rent,5155,NO,NO,CASH,Mumbai
T9701,U098,2021-12-14,Expense,Travel,3915,NO,NO,CARD,Lucknow
T2956,U070,2023-05-24,Expense,Rent,6705,NO,NO,CARD,Unknown
T13940,U089,2022-10-10,Expense,Entertainment,3474,NO,NO,CARD,Ahmedabad
T8428,U121,2021-12-30,Income,Rent,60680,NO,NO,CASH,Delhi
T0832,U048,2021-02-17,Expense,Food,8504,NO,NO,CASH,Hyderabad
T9177,U090,2022-04-20,Expense,Rent,8978,NO,NO,BANK TRANSFER,Unknown
T2959,U110,2023-06-21,Expense,Rent,0,NO,NO,CARD,Unknown
T13055,U135,2021-07-24,Expense,Food,5389,NO,NO,BANK TRANSFER,Jaipur
T8404,U070,2023-07-10,Expense,Travel,13749,NO,NO,BANK TRANSFER,Hyderabad
T2226,U038,2023-12-05,Expense,Entertainment,6881,NO,NO,UPI,Chennai
T12448,U061,2024-06-07,Income,Food,59723,NO,NO,CASH,Ahmedabad
T7838,U014,2021-07-03,Expense,Savings,581,NO,NO,BANK TRANSFER,Jaipur
T5451,U088,2024-04-22,Expense,Investment,6384,NO,NO,CARD,Delhi
T11801,U002,2023-04-19,Expense,Rent,2659,NO,NO,UPI,Bangalore
T0790,U010,2024-04-18,Expense,Travel,651,NO,NO,CARD,Delhi
T10195,U143,2023-02-14,Expense,Education,2505,NO,NO,CARD,Pune
T9182,U055,2021-12-03,Expense,Rent,6317,NO,NO,UPI,Mumbai
T7917,U073,2023-08-24,Expense,Entertainment,507,NO,NO,BANK TRANSFER,Mumbai
T3568,U021,2024-04-06,Income,Rent,54642,NO,NO,UPI,Chennai
T1371,U021,2024-03-26,Expense,Travel,47195,NO,NO,CARD,Unknown
T4676,U119,2021-06-28,Expense,Rent,1869,NO,NO,CARD,Pune
T4279,U031,2021-10-25,Expense,Food,295,NO,NO,CARD,Kolkata
T6205,U104,2021-06-05,Expense,Health,9048,NO,NO,CARD,Delhi
T5593,U130,2021-11-09,Expense,Utilities,0,NO,NO,UNKNOWN,Mumbai
T0115,U051,2023-05-30,Expense,Others,8896,NO,NO,UPI,Hyderabad
T5859,U125,2024-07-24,Expense,Rent,1378,NO,NO,BANK TRANSFER,Unknown
T4442,U074,2022-02-05,Expense,Entertainment,12417,NO,NO,UNKNOWN,Mumbai
T12171,U091,2024-05-01,Expense,Food,2708,NO,NO,CASH,Unknown
T1589,U148,2023-10-22,Expense,Utilities,999999,NO,YES,BANK TRANSFER,Lucknow
T9766,U023,2022-07-17,Expense,Rent,8749,NO,NO,CASH,Kolkata
T0892,U092,2024-01-11,Expense,Food,4349,NO,NO,CASH,Mumbai
T8199,U036,2021-12-07,Expense,Salary,5814,NO,NO,UPI,Chennai
T6107,U129,2021-10-05,Expense,Others,4118,NO,NO,CARD,Jaipur
T12777,U023,2021-08-25,Expense,Travel,990,NO,NO,BANK TRANSFER,Pune
T3737,U031,2024-11-12,Expense,Savings,9148,NO,NO,CASH,Unknown
T10504,U057,2022-07-11,Expense,Savings,5872,NO,NO,UPI,Ahmedabad
T13448,U145,2024-06-02,Expense,Salary,3982,NO,NO,CARD,Hyderabad
T2505,U112,2024-06-19,Expense,Food,1833,NO,NO,BANK TRANSFER,Lucknow
T7406,U104,2023-05-27,Expense,Others,1389,NO,NO,UPI,Pune
T0164,U099,2022-02-13,Expense,Health,30067,NO,NO,BANK TRANSFER,Jaipur
T8535,U100,2021-12-25,Expense,Utilities,244,NO,NO,CASH,Chennai
T11699,U103,2024-11-07,Expense,Salary,3230,NO,NO,CASH,Ahmedabad
T2103,U078,2022-03-01,Expense,Health,1670,NO,NO,CASH,Bangalore
T0063,U030,2024-08-26,Expense,Entertainment,3843,NO,NO,CASH,Kolkata
T7599,U106,2022-05-01,Expense,Rent,3625,NO,NO,BANK TRANSFER,Kolkata
T4535,U118,2024-07-28,Expense,Freelance,34724,NO,NO,CARD,Jaipur
T6128,U044,2024-05-12,Income,Rent,74771,NO,NO,BANK TRANSFER,Kolkata
T2854,U039,2024-12-11,Expense,Travel,6216,NO,NO,BANK TRANSFER,Hyderabad
T4971,U108,2022-08-13,Income,Health,50898,NO,NO,CARD,Unknown
T7306,U007,2024-01-22,Income,Food,0,NO,NO,UNKNOWN,Kolkata
T4063,U125,2022-11-21,Expense,Education,31495,NO,NO,UPI,Hyderabad
T13837,U092,2024-08-08,Expense,Food,3899,NO,NO,BANK TRANSFER,Pune
T5336,U058,2023-11-11,Expense,Travel,1944,NO,NO,BANK TRANSFER,Kolkata
T2228,U058,2021-03-29,Income,Rent,52448,NO,NO,CARD,Mumbai
T11141,U128,2024-12-20,Expense,Travel,2762,NO,NO,UPI,Mumbai
T11859,U109,2023-12-26,Expense,Food,1443,NO,NO,CARD,Delhi
T9769,U026,2021-08-21,Expense,Travel,8138,NO,NO,BANK TRANSFER,Bangalore
T7349,U073,2021-08-12,Expense,Salary,4243,NO,NO,CASH,Unknown
T10221,U087,2023-06-26,Expense,Travel,6933,NO,NO,UPI,Delhi
T8332,U146,2023-09-14,Expense,Travel,6310,NO,NO,BANK TRANSFER,Kolkata
T11873,U145,2021-11-15,Expense,Food,9693,NO,NO,UPI,Chennai
T1486,U055,2024-08-15,Expense,Education,7745,NO,NO,CASH,Kolkata
T4671,U040,2022-12-03,Expense,Entertainment,9553,NO,NO,CASH,Unknown
T11180,U113,2021-04-05,Expense,Food,1226,NO,NO,UPI,Ahmedabad
T7225,U095,2024-02-12,Expense,Entertainment,999999,NO,YES,CASH,Bangalore
T0545,U095,2024-06-01,Income,Bonus,150335,NO,NO,UPI,Bangalore
T11369,U050,2021-08-14,Income,Travel,26682,NO,NO,CASH,Unknown
T7849,U141,2022-06-03,Income,Bonus,17496,NO,NO,CARD,Bangalore
T8036,U001,2021-04-17,Expense,Entertainment,7213,NO,NO,CARD,Mumbai
T5445,U146,2021-11-30,Expense,Travel,1286,NO,NO,CASH,Jaipur
T10855,U047,2023-06-19,Expense,Utilities,7484,NO,NO,CASH,Pune
T10844,U132,2022-06-22,Expense,Entertainment,667,NO,NO,CARD,Bangalore
T8559,U052,2022-10-29,Expense,Travel,2716,NO,NO,UPI,Chennai
T5751,U038,2024-08-27,Expense,Food,8039,NO,NO,CARD,Ahmedabad
T6055,U079,2022-01-01,Expense,Food,9734,NO,NO,CARD,Kolkata
T2271,U139,2024-02-02,Expense,Education,3753,NO,NO,UPI,Hyderabad
T1150,U024,2022-09-06,Expense,Utilities,4813,NO,NO,BANK TRANSFER,Pune
T10190,U013,2021-03-29,Income,Utilities,61820,NO,NO,UPI,Delhi
T8381,U118,2022-06-14,Expense,Rent,8931,NO,NO,BANK TRANSFER,Mumbai
T10599,U078,2021-06-08,Expense,Rent,24800,NO,NO,CASH,Bangalore
T9765,U108,2024-09-07,Expense,Rent,0,NO,NO,CASH,Lucknow
T13957,U122,2024-01-05,Expense,Food,0,NO,NO,UPI,Hyderabad
T2172,U084,2022-05-14,Income,Food,20396,NO,NO,CASH,Mumbai
T4219,U131,2024-03-02,Expense,Rent,87,NO,NO,CASH,Bangalore
T4078,U132,2023-11-26,Expense,Food,4468,NO,NO,CARD,Ahmedabad
T6668,U077,2023-09-15,Expense,Food,8457,NO,NO,CASH,Chennai
T7023,U135,2023-11-02,Income,Food,55022,NO,NO,UPI,Ahmedabad
T1927,U126,2021-12-14,Income,Utilities,66112,NO,NO,BANK TRANSFER,Lucknow
T4783,U037,2024-02-04,Expense,Travel,6613,NO,NO,UPI,Lucknow
T3814,U135,2021-01-16,Expense,Rent,5327,NO,NO,BANK TRANSFER,Bangalore
T1350,U135,2022-04-03,Expense,Entertainment,1414,NO,NO,CASH,Delhi
T7309,U130,2021-02-16,Expense,Rent,4144,NO,NO,BANK TRANSFER,Lucknow
T2436,U048,2023-06-07,Expense,Food,2154,NO,NO,CARD,Mumbai
T4711,U134,2022-11-03,Expense,Travel,3697,NO,NO,UPI,Kolkata
T8800,U097,2024-01-26,Expense,Food,0,NO,NO,CARD,Bangalore
T3478,U078,2021-09-07,Expense,Bonus,3025,NO,NO,BANK TRANSFER,Pune
T13015,U121,2021-09-17,Expense,Education,413,NO,NO,BANK TRANSFER,Bangalore
T4515,U014,2021-01-02,Expense,Rent,479,NO,NO,CARD,Ahmedabad
T9375,U005,2022-05-18,Expense,Rent,7238,NO,NO,BANK TRANSFER,Bangalore
T5737,U123,2024-10-15,Expense,Food,4063,NO,NO,UPI,Delhi
T9565,U027,2023-06-29,Expense,Rent,8358,NO,NO,CASH,Bangalore
T6735,U131,2021-10-10,Expense,Investment,27817,NO,NO,CASH,Pune
T8888,U065,2023-06-11,Income,Entertainment,24338,NO,NO,CASH,Kolkata
T5354,U140,2024-09-06,Expense,Health,1007,NO,NO,CARD,Kolkata
T13533,U124,2023-02-18,Expense,Food,7821,NO,NO,UPI,Jaipur
T3822,U131,2023-06-02,Expense,Entertainment,9887,NO,NO,CASH,Pune
T11230,U024,2022-10-19,Expense,Bonus,5958,NO,NO,CARD,Bangalore
T6327,U100,2022-04-02,Expense,Food,0,NO,NO,CARD,Jaipur
T0194,U052,2023-04-20,Expense,Others,7975,NO,NO,CASH,Bangalore
T4532,U058,2022-01-04,Income,Salary,45931,NO,NO,CASH,Pune
T11572,U052,2021-10-12,Expense,Investment,7280,NO,NO,BANK TRANSFER,Unknown
T13696,U060,2024-08-11,Expense,Health,5702,NO,NO,CARD,Jaipur
T0684,U117,2022-01-12,Income,Education,32079,NO,NO,BANK TRANSFER,Delhi
T9219,U077,2024-08-14,Expense,Food,5947,NO,NO,CASH,Ahmedabad
T8721,U138,2023-12-30,Expense,Education,22648,NO,NO,CARD,Mumbai
T3293,U063,2024-10-08,Income,Others,75488,NO,NO,UPI,Pune
T7462,U009,2023-07-02,Expense,Utilities,1751,NO,NO,CASH,Bangalore
T1016,U034,2023-02-04,Expense,Utilities,9053,NO,NO,BANK TRANSFER,Kolkata
T1435,U104,2021-10-10,Expense,Rent,4997,NO,NO,CARD,Hyderabad
T4538,U130,2021-03-02,Expense,Travel,5896,NO,NO,BANK TRANSFER,Kolkata
T13202,U073,2023-10-19,Expense,Others,3246,NO,NO,CASH,Jaipur
T7021,U018,2021-03-14,Expense,Savings,7713,NO,NO,CASH,Unknown
T8828,U095,2024-06-25,Income,Investment,63148,NO,NO,UPI,Jaipur
T7276,U097,2022-02-13,Expense,Entertainment,4013,NO,NO,BANK TRANSFER,Kolkata
T12539,U100,2023-03-20,Expense,Rent,8928,NO,NO,UNKNOWN,Lucknow
T4768,U031,2024-09-03,Income,Health,11928,NO,NO,UPI,Bangalore
T4985,U112,2022-06-22,Expense,Travel,2746,NO,NO,CARD,Delhi
T7343,U131,2023-09-15,Expense,Travel,5947,NO,NO,CARD,Lucknow
T1624,U044,2022-11-18,Expense,Education,5425,NO,NO,UPI,Hyderabad
T6464,U020,2022-01-30,Expense,Rent,1731,NO,NO,UPI,Kolkata
T10491,U149,2023-07-21,Expense,Food,3720,NO,NO,CASH,Kolkata
T6661,U012,2021-08-27,Expense,Rent,1364,NO,NO,CASH,Unknown
T6432,U114,2024-04-08,Expense,Bonus,985,NO,NO,CARD,Bangalore
T12930,U038,2021-04-01,Expense,Others,349,NO,NO,CASH,Bangalore
T2836,U118,2024-10-12,Expense,Entertainment,6273,NO,NO,BANK TRANSFER,Ahmedabad
T10317,U075,2023-02-16,Expense,Rent,909,NO,NO,CARD,Jaipur
T2765,U137,2022-12-18,Expense,Rent,12773,NO,NO,BANK TRANSFER,Kolkata
T7496,U026,2023-07-21,Expense,Food,3319,NO,NO,UNKNOWN,Bangalore
T11945,U064,2023-08-27,Expense,Bonus,9082,NO,NO,UPI,Unknown
T3631,U044,2024-12-26,Expense,Food,7224,NO,NO,CARD,Mumbai
T7847,U150,2021-05-24,Expense,Salary,47628,NO,NO,CARD,Ahmedabad
T12540,U041,2021-06-26,Expense,Education,3200,NO,NO,BANK TRANSFER,Lucknow
T6040,U144,2021-08-01,Expense,Food,7092,NO,NO,UPI,Hyderabad
T1272,U085,2022-06-19,Income,Rent,72659,NO,NO,BANK TRANSFER,Jaipur
T13099,U048,2024-10-23,Expense,Food,999999999,NO,YES,CASH,Mumbai
T9720,U033,2023-09-20,Expense,Travel,1245,NO,NO,CASH,Unknown
T4528,U110,2023-09-29,Expense,Travel,9363,NO,NO,BANK TRANSFER,Unknown
T7510,U053,2022-09-21,Income,Food,68585,NO,NO,CARD,Bangalore
T8775,U009,2024-08-16,Expense,Travel,6031,NO,NO,CASH,Pune
T1369,U077,2024-10-06,Expense,Travel,39856,NO,NO,UPI,Unknown
T5773,U114,2024-11-23,Expense,Travel,22043,NO,NO,UPI,Hyderabad
T10150,U087,2021-12-24,Income,Food,68795,NO,NO,CARD,Bangalore
T9038,U148,2022-10-30,Expense,Food,5101,NO,NO,BANK TRANSFER,Pune
T8995,U030,2021-12-22,Expense,Entertainment,7017,NO,NO,BANK TRANSFER,Jaipur
T11531,U074,2024-06-29,Expense,Entertainment,3193,NO,NO,UNKNOWN,Delhi
T12610,U106,2021-07-08,Expense,Entertainment,7795,NO,NO,UPI,Mumbai
T10406,U060,2022-09-28,Income,Food,55496,NO,NO,BANK TRANSFER,Jaipur
T1029,U001,2023-03-07,Income,Food,42053,NO,NO,BANK TRANSFER,Pune
T1471,U105,2023-11-30,Expense,Utilities,7355,NO,NO,UPI,Unknown
T7392,U022,2022-10-11,Expense,Rent,2644,NO,NO,CARD,Chennai
T4655,U100,2024-07-23,Expense,Travel,9701,NO,NO,CARD,Jaipur
T12721,U093,2024-10-28,Expense,Food,7640,NO,NO,CASH,Delhi
T10526,U140,2022-05-11,Expense,Others,7868,NO,NO,CARD,Chennai
T6799,U121,2024-04-15,Expense,Salary,-1000,YES,NO,BANK TRANSFER,Pune
T0515,U065,2023-01-03,Income,Rent,77863,NO,NO,BANK TRANSFER,Unknown
T6636,U008,2024-09-27,Expense,Bonus,9264,NO,NO,CASH,Unknown
T8035,U142,2022-04-28,Expense,Entertainment,2225,NO,NO,CARD,Chennai
T10791,U008,2023-12-29,Expense,Travel,5666,NO,NO,UPI,Pune
T5591,U018,2024-06-19,Expense,Entertainment,6641,NO,NO,CARD,Lucknow
T4502,U073,2021-06-06,Expense,Freelance,22768,NO,NO,BANK TRANSFER,Delhi
T10943,U014,2022-08-01,Expense,Utilities,3600,NO,NO,UPI,Kolkata
T6732,U064,2022-08-03,Income,Travel,26009,NO,NO,CASH,Jaipur
T10205,U071,2021-08-22,Expense,Investment,313,NO,NO,CASH,Jaipur
T9014,U138,2023-02-04,Expense,Bonus,2852,NO,NO,CARD,Mumbai
T8326,U061,2023-02-23,Expense,Health,3652,NO,NO,CARD,Bangalore
T5401,U050,2022-08-03,Expense,Health,8760,NO,NO,UPI,Delhi
T7191,U132,2023-11-17,Expense,Food,9150,NO,NO,CARD,Lucknow
T2162,U029,2022-12-29,Expense,Utilities,6083,NO,NO,UPI,Kolkata
T11804,U020,2023-05-12,Expense,Food,2323,NO,NO,CASH,Delhi
T10457,U141,2021-08-04,Expense,Health,3478,NO,NO,UPI,Kolkata
T9951,U073,2022-03-15,Expense,Food,2182,NO,NO,UPI,Unknown
T6796,U050,2021-01-06,Expense,Food,4271,NO,NO,BANK TRANSFER,Delhi
T8812,U036,2021-08-12,Expense,Salary,3233,NO,NO,UPI,Ahmedabad
T0362,U017,2023-04-25,Expense,Health,20629,NO,NO,UPI,Pune
T8219,U011,2023-08-27,Expense,Others,6802,NO,NO,CASH,Jaipur
T3683,U033,2021-03-02,Expense,Health,8375,NO,NO,BANK TRANSFER,Lucknow
T10106,U036,2024-04-20,Expense,Food,6862,NO,NO,CARD,Lucknow
T8267,U108,2024-02-13,Expense,Rent,4755,NO,NO,BANK TRANSFER,Unknown
T2250,U102,2022-03-28,Income,Food,70309,NO,NO,BANK TRANSFER,Chennai
T3851,U094,2022-09-30,Expense,Food,3924,NO,NO,BANK TRANSFER,Mumbai
T8039,U117,2021-11-20,Expense,Entertainment,15983,NO,NO,CASH,Jaipur
T5736,U029,2023-11-11,Expense,Utilities,3773,NO,NO,CARD,Lucknow
T5641,U054,2021-10-16,Expense,Rent,4746,NO,NO,UNKNOWN,Pune
T4211,U082,2021-05-04,Expense,Food,4652,NO,NO,BANK TRANSFER,Delhi
T8439,U013,2022-02-25,Expense,Investment,627,NO,NO,CARD,Ahmedabad
T4577,U079,2023-12-25,Expense,Uncategorised,4541,NO,NO,UNKNOWN,Jaipur
T6702,U135,2023-05-21,Expense,Food,20394,NO,NO,BANK TRANSFER,Bangalore
T7868,U042,2022-02-21,Expense,Health,2960,NO,NO,BANK TRANSFER,Pune
T9740,U047,2023-02-28,Expense,Food,8574,NO,NO,CARD,Jaipur
T11348,U026,2024-10-03,Expense,Freelance,4216,NO,NO,CARD,Delhi
T4092,U143,2024-04-15,Income,Food,44232,NO,NO,CASH,Jaipur
T0382,U066,2023-03-28,Income,Rent,30202,NO,NO,BANK TRANSFER,Lucknow
T10144,U045,2024-02-22,Expense,Investment,1942,NO,NO,CARD,Unknown
T10376,U146,2022-12-19,Expense,Salary,4460,NO,NO,BANK TRANSFER,Bangalore
T12974,U069,2024-12-06,Expense,Rent,2404,NO,NO,UPI,Delhi
T6583,U108,2024-02-08,Expense,Freelance,121,NO,NO,BANK TRANSFER,Kolkata
T10588,U094,2023-11-29,Expense,Rent,3289,NO,NO,UPI,Mumbai
T12489,U005,2022-08-29,Expense,Others,8074,NO,NO,UPI,Mumbai
T7328,U137,2021-08-20,Expense,Food,822,NO,NO,UPI,Jaipur
T2349,U144,2021-01-31,Expense,Rent,4030,NO,NO,CARD,Bangalore
T7521,U114,2022-05-12,Expense,Rent,8617,NO,NO,UPI,Kolkata
T11038,U149,2024-11-29,Expense,Uncategorised,5359,NO,NO,UPI,Kolkata
T3497,U101,2021-09-03,Expense,Food,1954,NO,NO,BANK TRANSFER,Ahmedabad
T9120,U120,2021-07-27,Expense,Rent,15158,NO,NO,BANK TRANSFER,Lucknow
T8942,U088,2022-08-21,Expense,Food,6824,NO,NO,CARD,Pune
T12001,U078,2023-02-21,Expense,Utilities,3361,NO,NO,CARD,Mumbai
T11444,U020,2022-09-08,Expense,Utilities,1862,NO,NO,UPI,Kolkata
T8910,U073,2024-01-27,Expense,Savings,6949,NO,NO,BANK TRANSFER,Hyderabad
T10315,U041,2024-11-11,Expense,Food,8509,NO,NO,BANK TRANSFER,Hyderabad
T12163,U067,2023-07-24,Expense,Utilities,6652,NO,NO,CASH,Lucknow
T8966,U023,2021-02-10,Expense,Health,8364,NO,NO,CASH,Mumbai
T10778,U036,2021-02-08,Expense,Freelance,341,NO,NO,UPI,Unknown
T1396,U072,2021-02-04,Expense,Travel,5193,NO,NO,UPI,Pune
T11713,U136,2021-02-12,Expense,Entertainment,1859,NO,NO,CARD,Bangalore
T1581,U098,2021-11-07,Expense,Salary,9415,NO,NO,CASH,Mumbai
T12767,U044,2021-11-03,Expense,Food,5685,NO,NO,BANK TRANSFER,Bangalore
T12921,U146,2024-11-30,Income,Education,69496,NO,NO,BANK TRANSFER,Bangalore
T9417,U107,2023-08-19,Expense,Utilities,1751,NO,NO,BANK TRANSFER,Pune
T11450,U094,2022-08-14,Expense,Food,1102,NO,NO,UPI,Pune
T12215,U148,2024-10-29,Expense,Food,7063,NO,NO,CARD,Chennai
T11105,U102,2022-01-26,Expense,Entertainment,1125,NO,NO,BANK TRANSFER,Ahmedabad
T9215,U149,2022-01-07,Income,Utilities,38108,NO,NO,BANK TRANSFER,Ahmedabad
T7035,U022,2024-01-06,Expense,Food,1684,NO,NO,UPI,Ahmedabad
T8593,U121,2023-03-10,Expense,Others,5145,NO,NO,CARD,Mumbai
T5014,U036,2024-03-24,Expense,Utilities,1456,NO,NO,UPI,Bangalore
T4409,U004,2024-05-14,Expense,Food,2290,NO,NO,UPI,Ahmedabad
T4209,U033,2023-08-18,Expense,Freelance,6993,NO,NO,BANK TRANSFER,Kolkata
T6790,U063,2022-09-22,Income,Freelance,72560,NO,NO,BANK TRANSFER,Jaipur
T2276,U086,2024-09-18,Expense,Education,4047,NO,NO,BANK TRANSFER,Pune
T8897,U021,2021-11-22,Income,Utilities,70871,NO,NO,CASH,Jaipur
T10100,U092,2021-03-26,Expense,Food,2268,NO,NO,CASH,Hyderabad
T1583,U045,2023-08-22,Expense,Rent,5568,NO,NO,BANK TRANSFER,Bangalore
T13058,U122,2024-07-16,Expense,Salary,9636,NO,NO,BANK TRANSFER,Unknown
T12193,U121,2024-05-08,Expense,Health,3808,NO,NO,BANK TRANSFER,Hyderabad
T3088,U141,2024-03-05,Expense,Savings,9578,NO,NO,BANK TRANSFER,Lucknow
T13802,U100,2023-11-27,Expense,Savings,2835,NO,NO,CASH,Kolkata
T3659,U059,2021-03-11,Expense,Utilities,1261,NO,NO,CASH,Ahmedabad
T4655,U100,2024-07-23,Expense,Entertainment,9701,NO,NO,CARD,Jaipur
T5162,U094,2023-05-04,Expense,Rent,157,NO,NO,CASH,Lucknow
T2838,U064,2022-04-27,Expense,Education,1629,NO,NO,BANK TRANSFER,Ahmedabad
T10609,U050,2021-10-12,Expense,Freelance,3213,NO,NO,CARD,Unknown
T8566,U042,2022-06-29,Expense,Travel,630,NO,NO,BANK TRANSFER,Kolkata
T10031,U105,2024-08-17,Expense,Food,3479,NO,NO,UPI,Delhi
T12929,U074,2023-04-09,Income,Entertainment,60483,NO,NO,UPI,Pune
T7257,U015,2024-08-01,Expense,Investment,3966,NO,NO,CARD,Unknown
T8051,U003,2023-10-27,Expense,Food,3352,NO,NO,UPI,Bangalore
T9968,U053,2023-12-22,Expense,Savings,2489,NO,NO,CASH,Unknown
T11998,U122,2024-09-05,Expense,Food,960,NO,NO,BANK TRANSFER,Hyderabad
T1067,U053,2022-09-26,Expense,Travel,1461,NO,NO,UPI,Bangalore
T0575,U088,2023-01-27,Expense,Food,6879,NO,NO,CARD,Chennai
T0390,U127,2024-05-05,Income,Rent,73950,NO,NO,CASH,Jaipur
T7865,U138,2023-10-18,Expense,Salary,6236,NO,NO,CARD,Kolkata
T13350,U084,2022-03-21,Expense,Travel,3222,NO,NO,CARD,Hyderabad
T10004,U072,2024-11-23,Expense,Food,23309,NO,NO,UNKNOWN,Jaipur
T8401,U072,2022-02-22,Income,Rent,70095,NO,NO,CASH,Pune
T0277,U069,2024-06-08,Expense,Education,7908,NO,NO,UPI,Ahmedabad
T5030,U122,2021-04-04,Expense,Food,8285,NO,NO,UPI,Mumbai
T9973,U005,2021-03-10,Expense,Health,7366,NO,NO,CARD,Jaipur
T6236,U077,2021-11-06,Expense,Utilities,-500,YES,NO,CARD,Hyderabad
T3050,U077,2024-10-12,Income,Food,34138,NO,NO,BANK TRANSFER,Unknown
T11285,U102,2021-10-16,Expense,Investment,2412,NO,NO,CARD,Lucknow
T5117,U061,2021-07-09,Expense,Food,28410,NO,NO,BANK TRANSFER,Chennai
T5514,U075,2022-01-02,Expense,Entertainment,952,NO,NO,UPI,Bangalore
T8258,U105,2021-10-02,Expense,Utilities,9210,NO,NO,UNKNOWN,Unknown
T4064,U013,2024-07-01,Income,Food,72708,NO,NO,BANK TRANSFER,Mumbai
T8345,U059,2022-03-25,Expense,Travel,4834,NO,NO,CARD,Hyderabad
T0168,U045,2024-11-11,Expense,Rent,9485,NO,NO,CASH,Lucknow
T7645,U069,2023-10-15,Income,Travel,44957,NO,NO,CASH,Lucknow
T6219,U040,2023-10-30,Income,Travel,11212,NO,NO,UPI,Kolkata
T13357,U031,2021-06-10,Expense,Travel,2217,NO,NO,UPI,Unknown
T5855,U148,2021-11-13,Expense,Others,3736,NO,NO,UPI,Chennai
T9516,U137,2022-11-11,Expense,Rent,28652,NO,NO,CARD,Lucknow
T0396,U026,2023-01-15,Expense,Travel,207,NO,NO,CARD,Pune
T0283,U038,2024-12-29,Expense,Freelance,3060,NO,NO,UPI,Ahmedabad
T3558,U009,2021-02-01,Expense,Freelance,6980,NO,NO,CASH,Delhi
T5434,U119,2022-09-26,Income,Salary,46028,NO,NO,CASH,Lucknow
T11956,U135,2023-06-03,Expense,Health,2785,NO,NO,CARD,Bangalore
T13217,U129,2022-05-25,Expense,Travel,8847,NO,NO,BANK TRANSFER,Mumbai
T9889,U041,2022-04-18,Expense,Uncategorised,6431,NO,NO,UPI,Hyderabad
T4032,U129,2024-05-30,Income,Food,27335,NO,NO,CASH,Hyderabad
T10028,U026,2023-05-26,Expense,Education,7429,NO,NO,CASH,Hyderabad
T3629,U027,2023-11-05,Expense,Travel,151,NO,NO,CARD,Delhi
T10109,U085,2023-05-09,Expense,Entertainment,4108,NO,NO,BANK TRANSFER,Delhi
T9232,U113,2022-07-07,Expense,Travel,999999999,NO,YES,CASH,Unknown
T4894,U107,2022-03-28,Expense,Rent,7223,NO,NO,BANK TRANSFER,Jaipur
T3020,U021,2021-10-18,Expense,Freelance,1413,NO,NO,CARD,Unknown
T3337,U049,2023-01-24,Expense,Education,2243,NO,NO,CASH,Pune
T10899,U095,2022-06-04,Expense,Rent,2918,NO,NO,CASH,Lucknow
T12126,U098,2024-08-23,Income,Food,17088,NO,NO,UPI,Ahmedabad
T8004,U093,2022-05-22,Expense,Uncategorised,144,NO,NO,CASH,Kolkata
T11651,U115,2021-08-17,Expense,Food,6317,NO,NO,UPI,Bangalore
T5486,U024,2022-06-11,Income,Rent,51746,NO,NO,UPI,Ahmedabad
T5655,U028,2024-01-01,Expense,Health,757,NO,NO,CASH,Delhi
T11563,U073,2023-01-09,Expense,Investment,6288,NO,NO,BANK TRANSFER,Mumbai
T1481,U018,2022-07-06,Expense,Entertainment,850,NO,NO,BANK TRANSFER,Mumbai
T5957,U092,2023-06-19,Expense,Rent,7713,NO,NO,UPI,Bangalore
T0042,U146,2023-06-19,Expense,Education,8190,NO,NO,UPI,Unknown
T5018,U111,2024-10-26,Expense,Health,6332,NO,NO,CASH,Hyderabad
T10742,U109,2021-01-31,Expense,Food,4045,NO,NO,CASH,Hyderabad
T3330,U077,2024-04-28,Expense,Utilities,0,NO,NO,BANK TRANSFER,Lucknow
T12422,U135,2024-11-30,Expense,Salary,3586,NO,NO,CARD,Hyderabad
T1783,U022,2022-11-19,Expense,Utilities,302,NO,NO,CASH,Hyderabad
T7736,U140,2023-05-02,Expense,Salary,611,NO,NO,BANK TRANSFER,Mumbai
T5274,U033,2024-11-06,Expense,Entertainment,1669,NO,NO,UPI,Ahmedabad
T8394,U012,2022-04-14,Expense,Food,8897,NO,NO,UPI,Jaipur
T12628,U037,2021-09-20,Expense,Travel,3610,NO,NO,UPI,Bangalore
T8016,U105,2024-03-10,Expense,Food,2874,NO,NO,UPI,Pune
T7344,U069,2022-10-15,Expense,Travel,190,NO,NO,CASH,Bangalore
T8047,U079,2022-01-04,Expense,Bonus,2866,NO,NO,CARD,Unknown
T5419,U015,2024-08-25,Expense,Investment,5782,NO,NO,BANK TRANSFER,Ahmedabad
T1360,U143,2022-03-13,Expense,Travel,5280,NO,NO,CARD,Lucknow
T13107,U117,2021-02-23,Income,Food,20615,NO,NO,UPI,Delhi
T13852,U073,2024-10-13,Expense,Food,6687,NO,NO,CASH,Hyderabad
T12676,U045,2022-06-22,Expense,Savings,-1000,YES,NO,UNKNOWN,Pune
T0403,U109,2023-09-03,Expense,Food,8602,NO,NO,BANK TRANSFER,Ahmedabad
T4443,U117,2024-07-25,Expense,Others,3905,NO,NO,BANK TRANSFER,Hyderabad
T7941,U053,2024-10-31,Expense,Utilities,9396,NO,NO,UPI,Jaipur
T7428,U014,2024-01-17,Income,Food,42684,NO,NO,UPI,Kolkata
T0818,U096,2024-04-15,Expense,Food,1996,NO,NO,CASH,Mumbai
T2323,U094,2022-09-10,Expense,Travel,8216,NO,NO,BANK TRANSFER,Hyderabad
T13996,U067,2024-03-09,Expense,Others,2404,NO,NO,BANK TRANSFER,Lucknow
T4205,U137,2021-09-17,Expense,Utilities,4672,NO,NO,CASH,Ahmedabad
T11147,U141,2021-07-13,Income,Travel,46843,NO,NO,CARD,Jaipur
T11908,U013,2022-02-16,Expense,Rent,925,NO,NO,UPI,Mumbai
T3867,U057,2024-05-03,Expense,Health,3474,NO,NO,CASH,Kolkata
T4012,U122,2024-10-16,Expense,Utilities,5355,NO,NO,BANK TRANSFER,Jaipur
T10228,U053,2024-12-01,Income,Rent,48249,NO,NO,BANK TRANSFER,Hyderabad
T2275,U141,2023-11-29,Expense,Education,159,NO,NO,CARD,Unknown
T13621,U112,2024-08-03,Expense,Travel,7510,NO,NO,CARD,Hyderabad
T8588,U110,2022-04-11,Expense,Freelance,3341,NO,NO,CARD,Lucknow
T2474,U104,2024-02-05,Expense,Salary,7360,NO,NO,UPI,Hyderabad
T0154,U001,2021-01-26,Expense,Travel,679,NO,NO,BANK TRANSFER,Pune
T9259,U068,2023-07-04,Expense,Health,126,NO,NO,CARD,Unknown
T0169,U027,2021-10-16,Expense,Investment,1553,NO,NO,UPI,Unknown
T6678,U053,2021-08-12,Expense,Travel,7129,NO,NO,CARD,Pune
T8186,U042,2021-04-15,Expense,Rent,5386,NO,NO,BANK TRANSFER,Chennai
T13969,U018,2022-10-27,Expense,Utilities,1753,NO,NO,CARD,Mumbai
T0083,U140,2021-03-16,Expense,Rent,2769,NO,NO,BANK TRANSFER,Pune
T10641,U087,2023-08-20,Expense,Investment,6469,NO,NO,CASH,Pune
T10479,U133,2022-07-14,Expense,Utilities,3773,NO,NO,CARD,Kolkata
T10809,U029,2023-09-20,Income,Others,39633,NO,NO,CASH,Chennai
T5370,U148,2024-08-01,Expense,Bonus,3890,NO,NO,CARD,Jaipur
T13295,U045,2022-06-09,Expense,Health,8846,NO,NO,CASH,Ahmedabad
T1815,U072,2021-02-17,Income,Uncategorised,43700,NO,NO,BANK TRANSFER,Kolkata
T13530,U085,2024-09-07,Income,Food,48358,NO,NO,CARD,Delhi
T9954,U104,2021-03-27,Income,Rent,26154,NO,NO,BANK TRANSFER,Chennai
T0459,U069,2023-03-27,Expense,Utilities,0,NO,NO,BANK TRANSFER,Kolkata
T10330,U108,2022-03-08,Expense,Rent,5714,NO,NO,BANK TRANSFER,Jaipur
T13470,U150,2024-03-31,Expense,Salary,3308,NO,NO,UNKNOWN,Hyderabad
T8463,U070,2022-01-03,Expense,Rent,4744,NO,NO,BANK TRANSFER,Hyderabad
T2205,U054,2022-03-31,Expense,Utilities,-500,YES,NO,CARD,Unknown
T12942,U080,2023-09-27,Expense,Food,0,NO,NO,CASH,Jaipur
T0234,U010,2023-04-01,Expense,Education,2971,NO,NO,UPI,Unknown
T9350,U096,2023-09-17,Expense,Food,9956,NO,NO,CARD,Chennai
T7329,U061,2021-01-12,Income,Savings,61329,NO,NO,UPI,Delhi
T1290,U138,2021-10-13,Expense,Travel,6527,NO,NO,CASH,Ahmedabad
T10483,U027,2021-10-28,Expense,Uncategorised,8987,NO,NO,BANK TRANSFER,Chennai
T10373,U091,2024-07-20,Expense,Food,1090,NO,NO,BANK TRANSFER,Pune
T11611,U092,2023-09-22,Expense,Entertainment,4930,NO,NO,UPI,Pune
T2332,U007,2024-08-01,Income,Freelance,79248,NO,NO,BANK TRANSFER,Delhi
T3251,U038,2021-08-13,Expense,Travel,3906,NO,NO,BANK TRANSFER,Delhi
T10762,U123,2022-08-06,Expense,Food,24254,NO,NO,CASH,Unknown
T8254,U147,2023-01-31,Expense,Food,39660,NO,NO,UPI,Chennai
T4478,U134,2024-05-02,Expense,Rent,2821,NO,NO,CASH,Unknown
T12753,U016,2022-05-11,Expense,Health,3634,NO,NO,CARD,Hyderabad
T1977,U077,2022-12-06,Expense,Utilities,5991,NO,NO,UPI,Hyderabad
T10052,U132,2024-02-22,Expense,Rent,-1000,YES,NO,CASH,Jaipur
T10148,U066,2023-11-16,Income,Rent,65768,NO,NO,CARD,Bangalore
T10194,U063,2023-10-18,Expense,Food,7179,NO,NO,BANK TRANSFER,Lucknow
T2601,U001,2024-04-09,Expense,Salary,8336,NO,NO,UNKNOWN,Bangalore
T3086,U006,2022-06-13,Expense,Education,3199,NO,NO,CARD,Delhi
T13190,U147,2022-12-28,Expense,Rent,6893,NO,NO,UPI,Lucknow
T5986,U128,2024-11-03,Income,Travel,20102,NO,NO,BANK TRANSFER,Ahmedabad
T7793,U130,2023-08-07,Expense,Travel,5749,NO,NO,UPI,Mumbai
T0811,U148,2024-04-16,Expense,Rent,8478,NO,NO,CASH,Ahmedabad
T12020,U077,2021-04-24,Expense,Rent,5033,NO,NO,BANK TRANSFER,Kolkata
T10369,U037,2021-03-10,Income,Freelance,68977,NO,NO,CARD,Unknown
T8081,U100,2021-12-14,Expense,Investment,6566,NO,NO,BANK TRANSFER,Mumbai
T6262,U072,2024-01-25,Expense,Education,2737,NO,NO,CARD,Chennai
T12703,U059,2024-11-16,Expense,Entertainment,8072,NO,NO,BANK TRANSFER,Bangalore
T0633,U104,2021-01-26,Expense,Food,0,NO,NO,BANK TRANSFER,Kolkata
T7106,U112,2024-07-26,Expense,Health,9251,NO,NO,UPI,Lucknow
T0783,U051,2022-04-21,Expense,Food,2905,NO,NO,BANK TRANSFER,Ahmedabad
T4482,U021,2024-01-27,Income,Food,293358,NO,NO,CARD,Mumbai
T3802,U016,2021-12-10,Expense,Food,7694,NO,NO,CARD,Mumbai
T12232,U099,2023-12-14,Expense,Travel,3701,NO,NO,UPI,Lucknow
T10102,U014,2023-06-06,Expense,Travel,8956,NO,NO,UPI,Hyderabad
T5090,U029,2022-12-11,Expense,Utilities,7499,NO,NO,CASH,Lucknow
T1188,U131,2021-03-08,Expense,Freelance,1777,NO,NO,UPI,Jaipur
T5517,U013,2022-05-19,Expense,Utilities,4730,NO,NO,CARD,Lucknow
T4066,U143,2023-08-26,Expense,Utilities,5615,NO,NO,UPI,Lucknow
T10212,U140,2021-01-29,Income,Travel,44992,NO,NO,UPI,Hyderabad
T7527,U063,2023-12-22,Expense,Others,47588,NO,NO,CARD,Lucknow
T9267,U046,2023-02-18,Income,Food,59307,NO,NO,UPI,Hyderabad
T9230,U150,2022-06-10,Expense,Entertainment,5127,NO,NO,UPI,Chennai
T5424,U095,2024-08-13,Expense,Freelance,3102,NO,NO,BANK TRANSFER,Delhi
T10972,U098,2022-09-07,Income,Rent,75735,NO,NO,UPI,Bangalore
T0100,U088,2024-10-16,Expense,Travel,3250,NO,NO,UPI,Ahmedabad
T2236,U085,2024-08-27,Expense,Food,941,NO,NO,CASH,Chennai
T5953,U135,2024-12-22,Expense,Entertainment,1829,NO,NO,CASH,Kolkata
T5726,U097,2022-06-29,Income,Bonus,73380,NO,NO,CASH,Bangalore
T6341,U139,2022-08-15,Expense,Food,2306,NO,NO,BANK TRANSFER,Chennai
T9022,U098,2022-01-05,Expense,Utilities,4036,NO,NO,BANK TRANSFER,Hyderabad
T10673,U150,2022-06-06,Income,Rent,45760,NO,NO,CASH,Ahmedabad
T8196,U064,2021-04-09,Expense,Travel,5312,NO,NO,CARD,Delhi
T0105,U140,2021-02-10,Expense,Food,7618,NO,NO,UNKNOWN,Kolkata
T5357,U149,2021-08-12,Expense,Utilities,-500,YES,NO,BANK TRANSFER,Mumbai
T4682,U077,2021-12-28,Expense,Rent,3302,NO,NO,CARD,Chennai
T6220,U110,2024-12-14,Income,Travel,20953,NO,NO,CASH,Jaipur
T11045,U071,2021-02-03,Expense,Rent,7505,NO,NO,CARD,Delhi
T8251,U045,2021-02-20,Expense,Utilities,5549,NO,NO,UNKNOWN,Ahmedabad
T5984,U116,2023-10-16,Income,Rent,14365,NO,NO,CARD,Ahmedabad
T5685,U134,2021-08-09,Expense,Others,8517,NO,NO,BANK TRANSFER,Mumbai
T0282,U032,2024-12-17,Expense,Entertainment,8483,NO,NO,CASH,Lucknow
T9220,U126,2024-05-07,Expense,Travel,646,NO,NO,CARD,Jaipur
T5520,U130,2022-06-08,Income,Food,65773,NO,NO,CARD,Pune
T4853,U058,2021-10-26,Income,Rent,69839,NO,NO,CARD,Jaipur
T0794,U058,2022-07-09,Income,Rent,79565,NO,NO,BANK TRANSFER,Pune
T8723,U148,2022-05-15,Expense,Food,3279,NO,NO,CASH,Hyderabad
T13003,U015,2023-09-21,Expense,Food,6835,NO,NO,BANK TRANSFER,Pune
T7536,U133,2022-12-08,Expense,Food,6533,NO,NO,CASH,Hyderabad
T9061,U004,2023-02-14,Expense,Uncategorised,3006,NO,NO,CARD,Pune
T10675,U112,2024-02-08,Income,Food,23898,NO,NO,CARD,Ahmedabad
T8453,U009,2022-12-29,Income,Utilities,22632,NO,NO,CARD,Delhi
T10089,U119,2024-06-21,Income,Food,69406,NO,NO,CARD,Lucknow
T5808,U087,2023-07-21,Expense,Entertainment,3460,NO,NO,UPI,Unknown
T1127,U087,2021-11-22,Expense,Rent,8733,NO,NO,BANK TRANSFER,Chennai
T5238,U049,2021-12-09,Expense,Education,0,NO,NO,CARD,Hyderabad
T10423,U024,2024-10-17,Expense,Food,8882,NO,NO,BANK TRANSFER,Pune
T9395,U060,2023-04-12,Expense,Others,6373,NO,NO,BANK TRANSFER,Unknown
T2633,U057,2024-06-13,Expense,Rent,3299,NO,NO,BANK TRANSFER,Delhi
T5381,U011,2021-04-01,Expense,Travel,4357,NO,NO,CARD,Kolkata
T8010,U057,2024-02-26,Expense,Rent,2625,NO,NO,CASH,Lucknow
T12612,U149,2021-08-20,Expense,Utilities,9638,NO,NO,CARD,Pune
T1334,U110,2021-07-21,Expense,Rent,8991,NO,NO,BANK TRANSFER,Hyderabad
T10575,U033,2023-11-24,Expense,Food,7308,NO,NO,CARD,Kolkata
T1772,U130,2022-01-17,Expense,Food,6135,NO,NO,CARD,Delhi
T1438,U017,2023-02-07,Expense,Rent,5126,NO,NO,CASH,Lucknow
T3647,U116,2023-12-17,Expense,Others,592,NO,NO,UPI,Unknown
T1342,U095,2024-10-21,Expense,Health,8176,NO,NO,UPI,Delhi
T8418,U134,2023-09-20,Expense,Investment,999999999,NO,YES,UPI,Ahmedabad
T2369,U052,2023-12-18,Expense,Freelance,5598,NO,NO,CASH,Kolkata
T13293,U032,2022-01-22,Income,Entertainment,41288,NO,NO,UPI,Kolkata
T6858,U142,2024-07-15,Expense,Rent,3233,NO,NO,UPI,Pune
T13291,U094,2023-10-26,Expense,Food,5715,NO,NO,CASH,Kolkata
T10729,U150,2024-10-26,Income,Rent,42045,NO,NO,BANK TRANSFER,Mumbai
T8792,U115,2023-10-10,Expense,Travel,6214,NO,NO,CARD,Kolkata
T6035,U041,2024-07-08,Expense,Rent,7475,NO,NO,UPI,Pune
T11576,U107,2023-04-15,Expense,Entertainment,8679,NO,NO,BANK TRANSFER,Mumbai
T6377,U066,2021-02-27,Expense,Bonus,48454,NO,NO,CARD,Delhi
T9044,U030,2024-11-16,Expense,Utilities,9721,NO,NO,UPI,Delhi
T0942,U142,2021-07-08,Expense,Freelance,2765,NO,NO,CASH,Unknown
T7129,U088,2023-03-25,Expense,Food,2905,NO,NO,CARD,Pune
T2188,U041,2021-12-29,Expense,Travel,5699,NO,NO,UPI,Bangalore
T2185,U012,2021-09-11,Expense,Health,2114,NO,NO,UPI,Pune
T8413,U080,2024-11-17,Expense,Entertainment,5312,NO,NO,UPI,Delhi
T4588,U027,2024-11-25,Expense,Others,194,NO,NO,CASH,Lucknow
T10193,U035,2021-04-17,Income,Entertainment,21264,NO,NO,BANK TRANSFER,Kolkata
T1855,U074,2024-01-06,Expense,Rent,14410,NO,NO,CARD,Jaipur
T5754,U059,2021-01-03,Expense,Rent,316,NO,NO,BANK TRANSFER,Jaipur
T10518,U088,2024-06-14,Expense,Entertainment,6488,NO,NO,BANK TRANSFER,Lucknow
T12277,U080,2023-02-17,Expense,Education,2317,NO,NO,BANK TRANSFER,Bangalore
T12385,U138,2021-03-29,Expense,Rent,16454,NO,NO,BANK TRANSFER,Pune
T11067,U098,2024-07-24,Expense,Rent,435,NO,NO,CARD,Kolkata
T10369,U037,2021-03-10,Income,Food,68977,NO,NO,CARD,Unknown
T3681,U052,2024-02-19,Expense,Uncategorised,1158,NO,NO,UPI,Pune
T8530,U042,2023-09-18,Expense,Food,6021,NO,NO,UPI,Lucknow
T11903,U041,2021-06-10,Expense,Utilities,999999,NO,YES,BANK TRANSFER,Unknown
T3018,U025,2022-06-03,Expense,Utilities,9976,NO,NO,BANK TRANSFER,Hyderabad
T10136,U022,2023-12-18,Income,Food,24773,NO,NO,BANK TRANSFER,Lucknow
T8175,U068,2022-09-02,Expense,Rent,2213,NO,NO,CASH,Bangalore
T8832,U039,2021-08-04,Expense,Rent,4606,NO,NO,UPI,Bangalore
T0451,U059,2022-11-10,Expense,Rent,3744,NO,NO,BANK TRANSFER,Unknown
T8176,U097,2021-03-31,Expense,Food,4521,NO,NO,BANK TRANSFER,Hyderabad
T5700,U097,2023-03-02,Income,Food,47389,NO,NO,UPI,Mumbai
T7659,U112,2022-07-29,Expense,Rent,2352,NO,NO,UNKNOWN,Jaipur
T1276,U083,2024-09-05,Expense,Education,4736,NO,NO,BANK TRANSFER,Lucknow
T9304,U087,2024-11-30,Expense,Travel,4116,NO,NO,UPI,Bangalore
T0964,U109,2023-03-21,Income,Rent,28542,NO,NO,CARD,Ahmedabad
T0426,U001,2024-11-20,Expense,Education,6258,NO,NO,UPI,Unknown
T3097,U109,2022-08-30,Expense,Health,1666,NO,NO,BANK TRANSFER,Hyderabad
T3707,U107,2021-02-20,Expense,Entertainment,4343,NO,NO,CARD,Bangalore
T10801,U138,2024-03-27,Expense,Rent,2035,NO,NO,CARD,Jaipur
T2878,U007,2022-11-04,Expense,Utilities,8832,NO,NO,BANK TRANSFER,Hyderabad
T5439,U114,2024-03-04,Expense,Food,4342,NO,NO,CARD,Jaipur
T9629,U103,2021-03-13,Expense,Education,6201,NO,NO,CASH,Mumbai
T0798,U116,2023-10-22,Expense,Food,4659,NO,NO,CARD,Jaipur
T6900,U078,2024-10-19,Expense,Health,28261,NO,NO,BANK TRANSFER,Jaipur
T12083,U032,2023-09-13,Expense,Travel,8172,NO,NO,UPI,Lucknow
T1097,U004,2022-02-21,Expense,Entertainment,3122,NO,NO,UPI,Bangalore
T10653,U132,2021-08-10,Expense,Food,1269,NO,NO,BANK TRANSFER,Unknown
T12982,U001,2023-04-06,Income,Salary,69892,NO,NO,BANK TRANSFER,Unknown
T5453,U085,2022-06-22,Expense,Entertainment,2765,NO,NO,UPI,Kolkata
T2729,U006,2023-05-06,Expense,Rent,4290,NO,NO,UPI,Mumbai
T6871,U120,2021-04-30,Expense,Education,3485,NO,NO,CASH,Jaipur
T11892,U125,2021-07-26,Expense,Salary,391,NO,NO,CASH,Lucknow
T11940,U093,2022-02-06,Expense,Health,0,NO,NO,BANK TRANSFER,Unknown
T3538,U059,2021-02-14,Expense,Food,1564,NO,NO,UPI,Bangalore
T1147,U052,2021-12-30,Expense,Freelance,3740,NO,NO,UNKNOWN,Jaipur
T11439,U084,2024-03-21,Income,Travel,17575,NO,NO,UPI,Unknown
T4229,U016,2021-11-10,Expense,Utilities,7527,NO,NO,UPI,Ahmedabad
T0812,U065,2024-09-30,Income,Others,79248,NO,NO,UPI,Mumbai
T10288,U103,2021-10-21,Expense,Bonus,6155,NO,NO,BANK TRANSFER,Ahmedabad
T9694,U020,2022-08-26,Expense,Bonus,3605,NO,NO,BANK TRANSFER,Delhi
T11645,U086,2022-03-07,Expense,Rent,9791,NO,NO,CARD,Bangalore
T12077,U059,2023-12-01,Expense,Rent,5605,NO,NO,CARD,Hyderabad
T2788,U088,2021-02-19,Expense,Savings,6362,NO,NO,BANK TRANSFER,Pune
T10834,U066,2021-03-26,Expense,Utilities,6819,NO,NO,CARD,Ahmedabad
T13842,U087,2023-05-04,Expense,Investment,2829,NO,NO,BANK TRANSFER,Ahmedabad
T12205,U071,2023-12-10,Expense,Rent,445,NO,NO,CASH,Unknown
T10251,U078,2024-08-03,Expense,Salary,8153,NO,NO,CASH,Lucknow
T1737,U078,2024-04-03,Expense,Education,1401,NO,NO,BANK TRANSFER,Bangalore
T12371,U087,2022-12-11,Expense,Health,8167,NO,NO,BANK TRANSFER,Pune
T2125,U136,2022-04-14,Expense,Food,1300,NO,NO,BANK TRANSFER,Lucknow
T3439,U027,2023-11-02,Expense,Food,272,NO,NO,UPI,Lucknow
T12363,U001,2023-11-10,Expense,Education,4839,NO,NO,CASH,Mumbai
T10386,U032,2022-10-14,Expense,Savings,38710,NO,NO,CASH,Ahmedabad
T5382,U141,2023-01-30,Expense,Rent,4500,NO,NO,BANK TRANSFER,Hyderabad
T4997,U052,2024-06-01,Expense,Others,226,NO,NO,UPI,Kolkata
T8994,U105,2024-07-07,Expense,Food,8129,NO,NO,CASH,Jaipur
T5186,U008,2023-01-28,Expense,Food,9406,NO,NO,CARD,Jaipur
T10095,U007,2023-02-10,Expense,Travel,0,NO,NO,UPI,Pune
T4120,U125,2023-04-25,Expense,Travel,4452,NO,NO,CARD,Delhi
T3844,U003,2022-07-14,Expense,Others,5784,NO,NO,CARD,Pune
T3507,U019,2024-02-14,Expense,Freelance,5576,NO,NO,CASH,Pune
T0939,U125,2021-05-29,Expense,Utilities,685,NO,NO,UNKNOWN,Bangalore
T1160,U040,2022-10-24,Expense,Rent,7596,NO,NO,UPI,Lucknow
T9836,U017,2023-05-14,Expense,Travel,833,NO,NO,CASH,Chennai
T8969,U131,2024-05-26,Expense,Entertainment,8831,NO,NO,CASH,Bangalore
T7883,U091,2023-12-10,Income,Food,48899,NO,NO,UPI,Unknown
T11916,U063,2022-10-27,Expense,Food,7364,NO,NO,BANK TRANSFER,Chennai
T7473,U126,2024-03-23,Expense,Utilities,8260,NO,NO,CASH,Chennai
T13299,U098,2022-06-10,Expense,Rent,16911,NO,NO,CASH,Hyderabad
T6503,U077,2022-03-27,Expense,Travel,5319,NO,NO,UPI,Lucknow
T5476,U086,2021-12-28,Expense,Freelance,5982,NO,NO,UPI,Ahmedabad
T2904,U046,2023-02-11,Income,Utilities,55994,NO,NO,UPI,Mumbai
T4950,U117,2023-01-16,Expense,Travel,943,NO,NO,BANK TRANSFER,Ahmedabad
T10181,U071,2022-06-07,Expense,Freelance,991,NO,NO,UPI,Lucknow
T6145,U079,2024-03-20,Expense,Health,2969,NO,NO,BANK TRANSFER,Lucknow
T10687,U005,2023-07-18,Expense,Food,4279,NO,NO,CARD,Mumbai
T9838,U057,2023-09-18,Expense,Rent,4921,NO,NO,CARD,Kolkata
T8068,U017,2022-06-15,Income,Utilities,61153,NO,NO,CARD,Jaipur
T13739,U119,2024-11-23,Expense,Education,4921,NO,NO,UPI,Hyderabad
T13633,U143,2022-11-22,Expense,Bonus,3418,NO,NO,BANK TRANSFER,Jaipur
T0274,U129,2021-05-07,Income,Utilities,39567,NO,NO,CARD,Jaipur
T5001,U148,2022-08-31,Income,Freelance,74667,NO,NO,UPI,Delhi
T6818,U091,2021-10-17,Expense,Others,2633,NO,NO,BANK TRANSFER,Bangalore
T7076,U090,2021-12-22,Expense,Travel,1934,NO,NO,UPI,Chennai
T6385,U034,2023-09-24,Expense,Travel,913,NO,NO,CARD,Ahmedabad
T7237,U083,2023-02-21,Expense,Entertainment,7566,NO,NO,UPI,Jaipur
T7482,U105,2023-12-02,Income,Food,24464,NO,NO,CARD,Bangalore
T3441,U051,2023-04-20,Expense,Food,8410,NO,NO,CARD,Mumbai
T4692,U108,2022-06-10,Expense,Food,0,NO,NO,BANK TRANSFER,Unknown
T13744,U100,2024-01-22,Expense,Rent,0,NO,NO,CARD,Lucknow
T8583,U122,2023-03-22,Expense,Investment,3183,NO,NO,UPI,Hyderabad
T10167,U110,2021-08-17,Income,Food,74602,NO,NO,CARD,Unknown
T0281,U037,2024-08-16,Expense,Food,5399,NO,NO,CARD,Hyderabad
T8456,U088,2023-01-07,Income,Utilities,36331,NO,NO,CARD,Delhi
T3353,U105,2023-03-11,Expense,Travel,6762,NO,NO,BANK TRANSFER,Jaipur
T8689,U071,2021-10-08,Expense,Freelance,1783,NO,NO,UNKNOWN,Pune
T0082,U060,2022-11-29,Expense,Food,4578,NO,NO,BANK TRANSFER,Lucknow
T13826,U130,2024-12-17,Expense,Investment,2035,NO,NO,UNKNOWN,Jaipur
T4603,U116,2023-05-23,Expense,Entertainment,2374,NO,NO,UPI,Hyderabad
T6692,U134,2022-01-24,Expense,Food,8666,NO,NO,BANK TRANSFER,Jaipur
T0863,U059,2024-01-16,Expense,Travel,4881,NO,NO,CASH,Ahmedabad
T2551,U016,2023-04-08,Expense,Food,9609,NO,NO,CARD,Lucknow
T0805,U044,2024-11-03,Expense,Travel,2175,NO,NO,CARD,Unknown
T10495,U079,2024-07-21,Expense,Travel,5855,NO,NO,UPI,Mumbai
T10314,U073,2022-11-03,Income,Salary,74511,NO,NO,CASH,Chennai
T12314,U117,2021-07-04,Income,Utilities,29690,NO,NO,UPI,Unknown
T2222,U110,2022-08-08,Expense,Salary,694,NO,NO,UNKNOWN,Pune
T4597,U032,2022-12-02,Expense,Education,32595,NO,NO,UPI,Delhi
T6022,U041,2021-11-01,Expense,Entertainment,5282,NO,NO,CARD,Chennai
T12219,U074,2022-01-14,Expense,Travel,2622,NO,NO,UPI,Mumbai
T9585,U021,2021-10-07,Income,Travel,60194,NO,NO,CASH,Lucknow
T9515,U075,2022-09-27,Expense,Others,6565,NO,NO,CARD,Unknown
T6430,U046,2021-02-19,Income,Entertainment,12836,NO,NO,CARD,Bangalore
T5409,U010,2024-11-08,Expense,Food,463,NO,NO,UPI,Jaipur
T5053,U040,2023-10-23,Expense,Rent,5779,NO,NO,CASH,Ahmedabad
T9081,U067,2024-04-30,Expense,Travel,2451,NO,NO,BANK TRANSFER,Delhi
T4731,U007,2024-12-17,Expense,Rent,1709,NO,NO,UPI,Hyderabad
T13209,U001,2024-03-23,Expense,Rent,8514,NO,NO,CARD,Bangalore
T12381,U065,2024-01-22,Expense,Rent,999999,NO,YES,UPI,Jaipur
T11922,U099,2024-09-21,Expense,Rent,5916,NO,NO,UNKNOWN,Pune
T8232,U133,2024-07-04,Expense,Food,8705,NO,NO,BANK TRANSFER,Chennai
T9063,U129,2023-06-25,Expense,Education,8780,NO,NO,CASH,Lucknow
T1745,U057,2021-01-07,Expense,Others,0,NO,NO,BANK TRANSFER,Unknown
T12366,U059,2022-12-09,Expense,Entertainment,57,NO,NO,CASH,Jaipur
T11402,U032,2021-07-25,Expense,Others,0,NO,NO,BANK TRANSFER,Pune
T11806,U146,2024-06-25,Expense,Food,-1000,YES,NO,UPI,Kolkata
T2547,U135,2023-05-22,Expense,Food,2839,NO,NO,BANK TRANSFER,Mumbai
T4805,U003,2024-03-07,Expense,Travel,291,NO,NO,CARD,Lucknow
T2692,U022,2022-10-26,Expense,Food,1162,NO,NO,BANK TRANSFER,Lucknow
T7444,U006,2023-11-28,Expense,Education,8076,NO,NO,CARD,Hyderabad
T10263,U066,2022-10-03,Expense,Bonus,5223,NO,NO,UPI,Chennai
T6519,U088,2021-02-13,Expense,Food,0,NO,NO,UPI,Ahmedabad
T8244,U128,2024-07-08,Expense,Food,3559,NO,NO,CASH,Unknown
T10222,U121,2024-02-15,Income,Others,59288,NO,NO,UPI,Mumbai
T6340,U128,2021-06-19,Income,Rent,57527,NO,NO,CARD,Bangalore
T4372,U055,2023-08-14,Expense,Rent,6907,NO,NO,UNKNOWN,Jaipur
T3347,U118,2022-08-30,Income,Education,38776,NO,NO,UPI,Unknown
T12208,U094,2023-10-21,Expense,Education,853,NO,NO,UPI,Mumbai
T10037,U124,2021-05-27,Expense,Travel,5867,NO,NO,UPI,Jaipur
T13065,U086,2024-04-20,Expense,Salary,1125,NO,NO,CASH,Mumbai
T10726,U066,2022-02-04,Income,Travel,23590,NO,NO,CASH,Pune
T11186,U145,2024-11-21,Expense,Bonus,491,NO,NO,BANK TRANSFER,Chennai
T1993,U047,2024-07-10,Expense,Investment,9709,NO,NO,BANK TRANSFER,Delhi
T10684,U094,2023-02-04,Expense,Rent,7477,NO,NO,BANK TRANSFER,Ahmedabad
T0630,U097,2024-12-17,Income,Entertainment,52875,NO,NO,BANK TRANSFER,Delhi
T7581,U145,2023-09-25,Income,Travel,23968,NO,NO,BANK TRANSFER,Chennai
T13545,U113,2024-01-11,Expense,Investment,7603,NO,NO,CARD,Hyderabad
T9246,U030,2022-09-26,Expense,Food,5387,NO,NO,BANK TRANSFER,Delhi
T4261,U021,2024-07-11,Expense,Bonus,4414,NO,NO,UNKNOWN,Kolkata
T13267,U122,2023-04-22,Expense,Travel,6115,NO,NO,BANK TRANSFER,Unknown
T5436,U022,2023-02-19,Expense,Savings,6575,NO,NO,CARD,Delhi
T9192,U016,2021-04-08,Expense,Entertainment,9520,NO,NO,BANK TRANSFER,Kolkata
T6072,U076,2022-03-25,Expense,Travel,2345,NO,NO,BANK TRANSFER,Chennai
T5395,U118,2023-05-22,Expense,Utilities,1341,NO,NO,BANK TRANSFER,Pune
T0111,U108,2023-02-23,Income,Rent,27431,NO,NO,CARD,Bangalore
T10368,U115,2022-08-18,Expense,Rent,1906,NO,NO,CASH,Unknown
T0442,U138,2021-05-17,Expense,Investment,9157,NO,NO,UPI,Kolkata
T12234,U104,2024-12-20,Expense,Travel,1233,NO,NO,UPI,Pune
T7544,U049,2023-08-25,Expense,Travel,7992,NO,NO,UPI,Chennai
T10004,U118,2022-08-17,Expense,Rent,49933,NO,NO,BANK TRANSFER,Pune
T5439,U114,2024-03-04,Expense,Travel,4342,NO,NO,CARD,Jaipur
T2740,U070,2024-03-22,Expense,Rent,5293,NO,NO,UPI,Mumbai
T8747,U097,2024-02-29,Expense,Others,2897,NO,NO,BANK TRANSFER,Hyderabad
T9229,U087,2023-11-10,Expense,Health,6977,NO,NO,UNKNOWN,Unknown
T6854,U078,2022-03-12,Expense,Entertainment,4284,NO,NO,BANK TRANSFER,Kolkata
T11340,U081,2021-10-01,Expense,Food,1714,NO,NO,BANK TRANSFER,Delhi
T5071,U093,2024-09-05,Income,Utilities,24915,NO,NO,CASH,Pune
T9715,U017,2023-08-03,Income,Education,73428,NO,NO,UNKNOWN,Hyderabad
T12398,U099,2022-08-12,Expense,Utilities,698,NO,NO,CARD,Bangalore
T12717,U031,2023-12-01,Expense,Food,6777,NO,NO,CASH,Ahmedabad
T5996,U044,2023-08-31,Expense,Education,-1000,YES,NO,CARD,Unknown
T13993,U064,2023-03-15,Expense,Rent,3206,NO,NO,UPI,Mumbai
T5336,U088,2022-09-09,Income,Freelance,23251,NO,NO,CARD,Lucknow
T3897,U105,2024-07-05,Expense,Food,3130,NO,NO,UPI,Lucknow
T8336,U088,2023-07-09,Expense,Others,5075,NO,NO,BANK TRANSFER,Hyderabad
T7721,U096,2022-05-22,Income,Travel,10440,NO,NO,CARD,Delhi
T11135,U033,2023-04-24,Income,Rent,32286,NO,NO,CARD,Jaipur
T12161,U128,2022-10-16,Expense,Food,6814,NO,NO,BANK TRANSFER,Chennai
T4828,U119,2021-03-03,Income,Rent,25353,NO,NO,BANK TRANSFER,Delhi
T0846,U058,2021-10-17,Expense,Entertainment,6504,NO,NO,CASH,Mumbai
T8069,U131,2021-07-01,Income,Misc,79463,NO,NO,CASH,Ahmedabad
T8647,U064,2021-03-02,Expense,Travel,4340,NO,NO,CARD,Kolkata
T1939,U003,2023-10-26,Expense,Food,2146,NO,NO,CASH,Chennai
T12304,U032,2022-10-11,Expense,Entertainment,13684,NO,NO,CASH,Lucknow
T1524,U074,2024-07-14,Expense,Travel,3772,NO,NO,CARD,Jaipur
T1006,U133,2022-08-11,Expense,Education,2261,NO,NO,CASH,Pune
T6602,U083,2022-08-19,Expense,Health,5827,NO,NO,UPI,Delhi
T6851,U023,2021-06-20,Expense,Food,4469,NO,NO,UPI,Jaipur
T12358,U084,2022-09-25,Expense,Rent,7644,NO,NO,UPI,Unknown
T13096,U141,2021-01-28,Expense,Food,6008,NO,NO,BANK TRANSFER,Kolkata
T1612,U024,2022-06-08,Expense,Travel,7251,NO,NO,CASH,Bangalore
T0246,U115,2023-02-20,Expense,Freelance,2813,NO,NO,CASH,Chennai
T8945,U124,2023-10-13,Expense,Rent,1090,NO,NO,CASH,Pune
T4491,U039,2024-08-07,Expense,Travel,6883,NO,NO,UPI,Delhi
T13925,U073,2023-12-19,Income,Entertainment,50686,NO,NO,CASH,Hyderabad
T4891,U073,2023-08-25,Expense,Entertainment,4592,NO,NO,BANK TRANSFER,Jaipur
T7668,U079,2022-08-05,Expense,Entertainment,3054,NO,NO,CASH,Jaipur
T9368,U140,2023-11-22,Income,Rent,45815,NO,NO,BANK TRANSFER,Chennai
T9299,U108,2021-02-06,Expense,Entertainment,3785,NO,NO,BANK TRANSFER,Kolkata
T1162,U098,2021-05-11,Expense,Savings,8791,NO,NO,UPI,Bangalore
T6943,U037,2024-08-23,Expense,Travel,2705,NO,NO,BANK TRANSFER,Hyderabad
T4881,U022,2022-06-15,Expense,Education,8215,NO,NO,BANK TRANSFER,Pune
T2021,U007,2024-08-20,Expense,Others,4861,NO,NO,CASH,Jaipur
T4199,U064,2022-08-22,Expense,Food,1951,NO,NO,CARD,Jaipur
T1997,U130,2023-12-22,Expense,Health,4656,NO,NO,BANK TRANSFER,Pune
T3226,U039,2021-02-22,Expense,Rent,2265,NO,NO,CASH,Mumbai
T1801,U037,2021-10-06,Income,Food,61674,NO,NO,UPI,Chennai
T3616,U063,2024-04-11,Expense,Food,5559,NO,NO,CARD,Chennai
T4643,U112,2023-08-18,Expense,Travel,1248,NO,NO,UPI,Bangalore
T7681,U041,2024-12-09,Income,Food,22156,NO,NO,BANK TRANSFER,Ahmedabad
T11949,U030,2023-08-04,Income,Entertainment,0,NO,NO,UPI,Mumbai
T12981,U036,2022-08-15,Expense,Food,2565,NO,NO,CASH,Chennai
T12510,U141,2023-11-19,Expense,Entertainment,3444,NO,NO,UPI,Bangalore
T0703,U004,2023-02-21,Expense,Food,2759,NO,NO,UPI,Unknown
T11021,U086,2024-08-11,Income,Entertainment,39095,NO,NO,BANK TRANSFER,Chennai
T12081,U106,2022-01-05,Expense,Education,5680,NO,NO,CARD,Kolkata
T6923,U031,2024-11-10,Income,Travel,61699,NO,NO,CARD,Kolkata
T0315,U062,2021-10-05,Expense,Utilities,368,NO,NO,CASH,Jaipur
T2333,U101,2022-05-02,Expense,Entertainment,5578,NO,NO,CASH,Chennai
T1317,U124,2021-03-30,Expense,Health,8044,NO,NO,CARD,Jaipur
T2457,U066,2023-12-24,Expense,Rent,3788,NO,NO,CASH,Chennai
T10902,U036,2022-05-18,Expense,Utilities,7543,NO,NO,CARD,Delhi
T13362,U051,2023-02-05,Expense,Travel,5904,NO,NO,CARD,Unknown
T1058,U123,2022-07-26,Expense,Freelance,2763,NO,NO,UPI,Pune
T4220,U035,2023-09-21,Income,Rent,0,NO,NO,CASH,Lucknow
T12848,U050,2021-11-26,Expense,Savings,137,NO,NO,UPI,Pune
T9305,U006,2021-04-15,Expense,Food,1520,NO,NO,UNKNOWN,Ahmedabad
T10468,U023,2022-12-20,Expense,Utilities,8005,NO,NO,CARD,Lucknow
T2090,U009,2022-03-10,Income,Investment,64672,NO,NO,UPI,Lucknow
T12045,U028,2024-03-03,Expense,Salary,2603,NO,NO,UPI,Ahmedabad
T5204,U058,2023-09-12,Expense,Food,1437,NO,NO,CASH,Jaipur
T13904,U141,2022-01-09,Expense,Food,3225,NO,NO,CARD,Pune
T0076,U040,2024-11-19,Expense,Entertainment,6068,NO,NO,UPI,Chennai
T5079,U113,2022-01-24,Expense,Rent,4352,NO,NO,BANK TRANSFER,Jaipur
T3404,U032,2023-10-18,Expense,Entertainment,14737,NO,NO,CARD,Ahmedabad
T4803,U039,2022-12-15,Income,Others,26112,NO,NO,UPI,Mumbai
T10069,U063,2024-05-08,Expense,Rent,8617,NO,NO,UPI,Ahmedabad
T9359,U053,2024-08-30,Expense,Utilities,9142,NO,NO,CASH,Bangalore
T4285,U150,2023-03-01,Expense,Education,7840,NO,NO,CASH,Unknown
T1345,U046,2022-01-20,Expense,Food,4316,NO,NO,BANK TRANSFER,Kolkata
T0093,U078,2024-11-03,Expense,Utilities,4016,NO,NO,UPI,Bangalore
T2963,U063,2021-04-05,Expense,Education,0,NO,NO,UPI,Delhi
T8788,U140,2023-11-26,Expense,Health,999999999,NO,YES,UPI,Ahmedabad
T3548,U012,2024-06-10,Expense,Utilities,1363,NO,NO,UNKNOWN,Bangalore
T1821,U109,2023-06-16,Income,Food,27837,NO,NO,CASH,Hyderabad
T5626,U092,2021-10-08,Expense,Freelance,3766,NO,NO,UNKNOWN,Kolkata
T3145,U143,2024-11-26,Expense,Freelance,5191,NO,NO,BANK TRANSFER,Pune
T0086,U113,2021-05-18,Expense,Rent,2613,NO,NO,CASH,Hyderabad
T8148,U084,2022-01-17,Expense,Food,629,NO,NO,UPI,Delhi
T11453,U055,2024-05-24,Expense,Rent,8912,NO,NO,CASH,Mumbai
T11197,U085,2023-10-25,Expense,Rent,24643,NO,NO,BANK TRANSFER,Delhi
T9540,U094,2024-02-24,Expense,Investment,9928,NO,NO,BANK TRANSFER,Pune
T13897,U025,2021-08-01,Expense,Utilities,2058,NO,NO,UPI,Bangalore
T0405,U147,2023-12-07,Expense,Entertainment,558,NO,NO,CASH,Chennai
T5838,U133,2022-02-22,Income,Savings,12632,NO,NO,CASH,Ahmedabad
T6743,U041,2021-01-16,Expense,Entertainment,35468,NO,NO,UPI,Unknown
T4088,U093,2023-03-22,Expense,Rent,9481,NO,NO,CARD,Jaipur
T11712,U116,2023-09-27,Expense,Entertainment,6812,NO,NO,UPI,Kolkata
T2777,U108,2021-02-27,Income,Others,77274,NO,NO,BANK TRANSFER,Jaipur
T1984,U099,2024-10-24,Income,Education,57382,NO,NO,UPI,Chennai
T2500,U096,2022-12-18,Income,Travel,50892,NO,NO,UPI,Kolkata
T5805,U053,2022-08-10,Expense,Rent,6178,NO,NO,UPI,Chennai
T13679,U029,2023-03-03,Expense,Rent,9605,NO,NO,CASH,Delhi
T1917,U003,2022-06-30,Expense,Others,2798,NO,NO,CASH,Unknown
T11566,U119,2024-09-02,Expense,Savings,0,NO,NO,BANK TRANSFER,Jaipur
T3677,U052,2024-01-28,Expense,Travel,4826,NO,NO,UPI,Jaipur
T11706,U036,2021-07-17,Expense,Rent,3065,NO,NO,BANK TRANSFER,Chennai
T9739,U051,2022-01-20,Expense,Rent,5272,NO,NO,BANK TRANSFER,Jaipur
T1145,U063,2021-06-28,Expense,Travel,6940,NO,NO,CARD,Kolkata
T4960,U044,2024-05-17,Expense,Food,183,NO,NO,CASH,Jaipur
T1086,U037,2023-03-25,Expense,Bonus,10392,NO,NO,CASH,Ahmedabad
T10421,U101,2022-02-17,Income,Investment,20394,NO,NO,UPI,Hyderabad
T1461,U119,2023-08-05,Expense,Rent,4179,NO,NO,UPI,Mumbai
T7617,U033,2024-12-05,Expense,Bonus,29543,NO,NO,BANK TRANSFER,Jaipur
T5329,U116,2022-02-18,Expense,Travel,3140,NO,NO,UPI,Hyderabad
T9207,U135,2022-05-09,Expense,Food,1315,NO,NO,UPI,Hyderabad
T6873,U021,2023-04-15,Expense,Rent,6907,NO,NO,CASH,Pune
T10692,U101,2022-07-13,Expense,Food,4863,NO,NO,UPI,Kolkata
T13244,U108,2023-12-16,Expense,Utilities,7489,NO,NO,UPI,Chennai
T0732,U083,2023-10-03,Income,Rent,35320,NO,NO,CARD,Mumbai
T11841,U015,2024-09-25,Expense,Travel,618,NO,NO,CASH,Ahmedabad
T10050,U003,2023-05-31,Expense,Food,45251,NO,NO,CARD,Ahmedabad
T11704,U129,2023-04-27,Expense,Rent,3236,NO,NO,CASH,Bangalore
T8663,U063,2024-08-31,Expense,Travel,1350,NO,NO,CASH,Kolkata
T2791,U122,2022-09-07,Expense,Rent,2321,NO,NO,CARD,Jaipur
T2732,U010,2021-09-13,Expense,Rent,8292,NO,NO,CASH,Delhi
T3890,U030,2023-09-01,Income,Food,55883,NO,NO,UNKNOWN,Mumbai
T12734,U132,2024-03-06,Expense,Rent,1582,NO,NO,CARD,Bangalore
T9522,U026,2022-04-10,Income,Bonus,74036,NO,NO,UPI,Jaipur
T13552,U109,2023-11-21,Income,Entertainment,60888,NO,NO,BANK TRANSFER,Ahmedabad
T7396,U030,2022-07-29,Expense,Savings,7059,NO,NO,CARD,Jaipur
T0385,U076,2024-02-03,Expense,Rent,7712,NO,NO,UPI,Mumbai
T8411,U006,2024-12-10,Expense,Investment,4369,NO,NO,CASH,Jaipur
T3882,U033,2024-09-25,Expense,Rent,3000,NO,NO,CASH,Jaipur
T8815,U036,2021-01-06,Expense,Utilities,7086,NO,NO,UNKNOWN,Chennai
T7070,U011,2024-08-12,Income,Entertainment,30889,NO,NO,UPI,Ahmedabad
T12107,U056,2024-11-28,Income,Rent,38597,NO,NO,CASH,Kolkata
T0065,U080,2024-03-29,Expense,Food,9213,NO,NO,BANK TRANSFER,Lucknow
T6276,U074,2024-10-06,Expense,Travel,5281,NO,NO,BANK TRANSFER,Pune
T10829,U018,2024-12-27,Expense,Rent,0,NO,NO,UNKNOWN,Jaipur
T6674,U064,2022-06-03,Expense,Food,1934,NO,NO,BANK TRANSFER,Mumbai
T4732,U057,2022-09-05,Expense,Utilities,2722,NO,NO,CARD,Pune
T9366,U036,2024-10-03,Expense,Travel,3656,NO,NO,BANK TRANSFER,Mumbai
T1509,U136,2022-12-10,Expense,Health,7998,NO,NO,BANK TRANSFER,Ahmedabad
T8667,U066,2023-01-28,Expense,Food,2854,NO,NO,CASH,Lucknow
T13150,U028,2022-10-17,Expense,Food,4781,NO,NO,CASH,Bangalore
T13861,U104,2023-11-29,Expense,Travel,4924,NO,NO,CASH,Chennai
T13897,U025,2021-08-01,Expense,Freelance,2058,NO,NO,UPI,Bangalore
T3495,U130,2021-08-21,Income,Investment,12387,NO,NO,UPI,Lucknow
T12536,U054,2022-03-23,Expense,Salary,7241,NO,NO,CARD,Ahmedabad
T11474,U141,2021-09-10,Expense,Freelance,6606,NO,NO,CASH,Mumbai
T12740,U040,2024-02-06,Expense,Utilities,4484,NO,NO,CASH,Bangalore
T7354,U074,2023-05-25,Expense,Rent,0,NO,NO,CARD,Hyderabad
T10623,U118,2022-04-02,Expense,Entertainment,8228,NO,NO,BANK TRANSFER,Hyderabad
T4920,U065,2021-08-30,Expense,Utilities,12870,NO,NO,UPI,Lucknow
T10994,U096,2021-10-27,Expense,Travel,4824,NO,NO,CARD,Mumbai
T6119,U132,2024-06-30,Expense,Rent,754,NO,NO,UNKNOWN,Delhi
T7839,U134,2024-12-18,Income,Savings,17765,NO,NO,UPI,Bangalore
T9392,U115,2022-11-20,Income,Rent,71698,NO,NO,UPI,Lucknow
T5728,U043,2022-09-26,Expense,Food,5908,NO,NO,UPI,Unknown
T1528,U109,2022-04-11,Expense,Entertainment,5710,NO,NO,CASH,Mumbai
T6358,U043,2024-01-06,Income,Freelance,30482,NO,NO,CARD,Mumbai
T5437,U085,2024-10-10,Expense,Rent,3550,NO,NO,UPI,Bangalore
T11718,U049,2022-07-28,Expense,Utilities,1953,NO,NO,CARD,Lucknow
T13031,U098,2023-02-08,Expense,Travel,0,NO,NO,BANK TRANSFER,Kolkata
T12080,U077,2022-06-06,Expense,Food,4138,NO,NO,BANK TRANSFER,Lucknow
T13586,U089,2021-02-12,Income,Education,33121,NO,NO,CARD,Jaipur
T11493,U089,2023-10-09,Expense,Health,6233,NO,NO,CARD,Kolkata
T5159,U064,2024-01-14,Income,Food,35208,NO,NO,CARD,Mumbai
T10149,U008,2022-04-17,Income,Travel,26749,NO,NO,UPI,Mumbai
T13515,U032,2024-05-13,Expense,Food,8053,NO,NO,UPI,Hyderabad
T3177,U053,2023-09-04,Expense,Health,212,NO,NO,CARD,Bangalore
T9721,U073,2024-12-07,Expense,Rent,5784,NO,NO,UPI,Ahmedabad
T11330,U147,2021-05-21,Expense,Travel,36216,NO,NO,CASH,Bangalore
T12302,U034,2021-10-18,Expense,Savings,784,NO,NO,CARD,Bangalore
T8433,U098,2023-04-02,Expense,Food,23718,NO,NO,UPI,Kolkata
T1474,U008,2023-02-13,Income,Savings,27106,NO,NO,BANK TRANSFER,Lucknow
T12173,U119,2021-11-15,Expense,Food,8712,NO,NO,BANK TRANSFER,Ahmedabad
T4661,U034,2023-03-17,Expense,Utilities,702,NO,NO,BANK TRANSFER,Bangalore
T9962,U019,2024-09-18,Expense,Food,3301,NO,NO,UPI,Kolkata
T11138,U027,2021-07-27,Expense,Entertainment,4064,NO,NO,CARD,Hyderabad
T13592,U097,2023-08-01,Expense,Travel,6794,NO,NO,CASH,Ahmedabad
T2726,U052,2023-05-27,Expense,Education,153,NO,NO,CARD,Chennai
T11130,U023,2024-08-08,Expense,Travel,0,NO,NO,CARD,Jaipur
T7273,U054,2023-10-05,Expense,Others,9997,NO,NO,CARD,Delhi
T7225,U095,2024-02-12,Expense,Food,999999,NO,YES,CASH,Bangalore
T12476,U134,2023-10-29,Expense,Travel,143,NO,NO,BANK TRANSFER,Bangalore
T3841,U024,2024-10-01,Income,Uncategorised,24321,NO,NO,CASH,Hyderabad
T4971,U048,2021-12-21,Expense,Rent,0,NO,NO,CARD,Ahmedabad
T2702,U036,2024-09-10,Expense,Health,6243,NO,NO,UPI,Lucknow
T0151,U040,2023-03-12,Expense,Food,3633,NO,NO,CASH,Lucknow
T10025,U138,2022-10-10,Expense,Education,5719,NO,NO,UNKNOWN,Chennai
T2319,U097,2021-09-25,Expense,Food,1119,NO,NO,CARD,Lucknow
T6684,U121,2023-01-07,Expense,Entertainment,1449,NO,NO,BANK TRANSFER,Pune
T1656,U102,2024-08-22,Expense,Travel,3756,NO,NO,UPI,Jaipur
T9594,U022,2024-06-17,Expense,Travel,42655,NO,NO,CASH,Bangalore
T13415,U072,2023-12-11,Expense,Rent,548,NO,NO,CASH,Hyderabad
T8534,U101,2022-04-11,Income,Food,20916,NO,NO,UPI,Ahmedabad
T3246,U008,2023-07-08,Expense,Food,4374,NO,NO,BANK TRANSFER,Hyderabad
T13116,U029,2024-08-16,Expense,Food,41974,NO,NO,CARD,Jaipur
T9694,U020,2022-08-26,Expense,Food,3605,NO,NO,BANK TRANSFER,Delhi
T1274,U095,2022-08-27,Expense,Food,1405,NO,NO,CASH,Lucknow
T7299,U103,2024-07-28,Expense,Utilities,29584,NO,NO,UPI,Ahmedabad
T3183,U026,2021-08-12,Expense,Rent,2951,NO,NO,CASH,Hyderabad
T6543,U006,2022-12-12,Income,Salary,45846,NO,NO,CASH,Ahmedabad
T8359,U141,2021-06-29,Income,Health,49021,NO,NO,BANK TRANSFER,Lucknow
T4349,U039,2023-04-09,Expense,Travel,6047,NO,NO,UPI,Bangalore
T12455,U098,2021-03-16,Expense,Education,3516,NO,NO,UNKNOWN,Pune
T6626,U049,2022-08-14,Expense,Others,2637,NO,NO,CASH,Jaipur
T12611,U038,2023-02-20,Expense,Savings,932,NO,NO,UNKNOWN,Ahmedabad
T3003,U014,2023-08-06,Expense,Health,4748,NO,NO,CASH,Unknown
T3128,U120,2022-04-07,Expense,Utilities,2745,NO,NO,BANK TRANSFER,Pune
T11124,U017,2023-10-07,Expense,Entertainment,2901,NO,NO,BANK TRANSFER,Lucknow
T10241,U003,2022-04-17,Expense,Rent,5434,NO,NO,BANK TRANSFER,Chennai
T7194,U037,2023-06-18,Expense,Food,7329,NO,NO,UPI,Mumbai
T2555,U017,2023-11-18,Expense,Rent,1542,NO,NO,UNKNOWN,Hyderabad
T9632,U036,2022-04-04,Income,Food,15508,NO,NO,UPI,Hyderabad
T4476,U046,2022-02-02,Expense,Utilities,3365,NO,NO,CARD,Pune
T3164,U045,2023-08-10,Expense,Uncategorised,1388,NO,NO,CARD,Bangalore
T3721,U002,2022-04-09,Expense,Food,4373,NO,NO,UPI,Ahmedabad
T1785,U075,2021-01-15,Expense,Food,6600,NO,NO,UPI,Bangalore
T3738,U142,2024-08-19,Expense,Rent,4293,NO,NO,BANK TRANSFER,Bangalore
T2006,U031,2023-02-10,Expense,Entertainment,2796,NO,NO,BANK TRANSFER,Kolkata
T7212,U057,2023-12-03,Income,Rent,13677,NO,NO,UPI,Mumbai
T6061,U123,2023-03-06,Expense,Salary,5876,NO,NO,BANK TRANSFER,Mumbai
T8705,U018,2023-08-20,Expense,Rent,2217,NO,NO,CARD,Pune
T8506,U136,2023-09-24,Expense,Rent,920,NO,NO,CASH,Lucknow
T2854,U039,2024-12-11,Expense,Food,6216,NO,NO,BANK TRANSFER,Hyderabad
T0864,U010,2023-06-23,Income,Rent,35688,NO,NO,CARD,Ahmedabad
T1568,U028,2022-05-26,Expense,Travel,166,NO,NO,BANK TRANSFER,Bangalore
T12011,U086,2023-07-28,Expense,Travel,8097,NO,NO,CARD,Mumbai
T10480,U107,2021-07-21,Expense,Health,1874,NO,NO,CASH,Mumbai
T11081,U083,2021-04-17,Expense,Travel,4898,NO,NO,BANK TRANSFER,Kolkata
T7382,U086,2022-10-02,Expense,Utilities,3290,NO,NO,BANK TRANSFER,Pune
T12803,U068,2022-02-16,Expense,Utilities,7070,NO,NO,BANK TRANSFER,Delhi
T3472,U006,2022-03-12,Expense,Travel,2737,NO,NO,UPI,Bangalore
T7095,U054,2024-04-24,Expense,Entertainment,9540,NO,NO,BANK TRANSFER,Chennai
T9364,U142,2024-01-18,Expense,Food,3348,NO,NO,UNKNOWN,Jaipur
T5265,U062,2024-11-16,Expense,Travel,3430,NO,NO,CASH,Chennai
T4025,U046,2024-03-28,Expense,Investment,3524,NO,NO,BANK TRANSFER,Pune
T11697,U016,2023-05-22,Expense,Entertainment,1857,NO,NO,CARD,Delhi
T13400,U053,2023-02-03,Expense,Health,35289,NO,NO,CARD,Pune
T5981,U146,2022-11-03,Income,Rent,35716,NO,NO,CARD,Delhi
T8947,U106,2022-02-25,Expense,Utilities,5518,NO,NO,UPI,Jaipur
T12884,U032,2024-10-27,Expense,Salary,6385,NO,NO,CARD,Ahmedabad
T2597,U061,2024-05-05,Expense,Rent,7571,NO,NO,CASH,Jaipur
T3879,U095,2023-08-07,Expense,Utilities,307,NO,NO,UPI,Kolkata
T0788,U126,2024-04-30,Expense,Bonus,9256,NO,NO,CASH,Kolkata
T3634,U134,2021-12-19,Expense,Entertainment,2955,NO,NO,CARD,Mumbai
T2923,U045,2021-11-02,Expense,Rent,4336,NO,NO,BANK TRANSFER,Kolkata
T9273,U099,2023-07-05,Expense,Food,832,NO,NO,UPI,Pune
T11251,U030,2023-08-18,Expense,Rent,4435,NO,NO,UPI,Unknown
T4465,U138,2022-01-01,Expense,Rent,4726,NO,NO,CARD,Kolkata
T6071,U129,2021-09-13,Expense,Utilities,825,NO,NO,BANK TRANSFER,Mumbai
T7568,U144,2023-05-18,Expense,Savings,4945,NO,NO,CASH,Delhi
T7321,U047,2024-02-27,Expense,Rent,2868,NO,NO,BANK TRANSFER,Pune
T8569,U129,2023-08-25,Expense,Rent,3128,NO,NO,BANK TRANSFER,Ahmedabad
T0308,U062,2024-04-20,Expense,Rent,273,NO,NO,UNKNOWN,Delhi
T9681,U021,2021-01-02,Expense,Rent,5191,NO,NO,CASH,Bangalore
T5966,U127,2021-10-26,Expense,Food,9113,NO,NO,UNKNOWN,Unknown
T9794,U090,2022-07-31,Expense,Rent,8149,NO,NO,UPI,Hyderabad
T9798,U049,2024-05-03,Expense,Uncategorised,1137,NO,NO,CARD,Delhi
T1682,U100,2023-03-07,Expense,Food,8949,NO,NO,CARD,Pune
T2198,U140,2022-03-11,Expense,Savings,103,NO,NO,BANK TRANSFER,Jaipur
T7890,U063,2023-05-26,Expense,Entertainment,17876,NO,NO,CARD,Jaipur
T6020,U092,2022-08-03,Expense,Education,3280,NO,NO,BANK TRANSFER,Jaipur
T3914,U149,2021-10-21,Expense,Utilities,9139,NO,NO,UPI,Ahmedabad
T4250,U011,2021-03-03,Expense,Travel,3542,NO,NO,CASH,Unknown
T4931,U104,2022-06-24,Income,Food,63184,NO,NO,UPI,Lucknow
T5894,U104,2022-08-12,Expense,Utilities,7670,NO,NO,UPI,Bangalore
T1226,U041,2022-03-27,Income,Utilities,46693,NO,NO,BANK TRANSFER,Chennai
T5214,U136,2021-10-20,Income,Rent,39974,NO,NO,BANK TRANSFER,Jaipur
T0841,U050,2021-04-24,Expense,Travel,546,NO,NO,CARD,Chennai
T11089,U138,2022-11-29,Expense,Bonus,999999999,NO,YES,BANK TRANSFER,Delhi
T9734,U120,2024-02-20,Expense,Salary,725,NO,NO,CARD,Pune
T8879,U054,2024-05-17,Expense,Travel,2188,NO,NO,CASH,Ahmedabad
T10560,U119,2024-08-26,Expense,Utilities,7004,NO,NO,CASH,Ahmedabad
T12462,U028,2021-09-21,Expense,Travel,2761,NO,NO,CARD,Jaipur
T8913,U038,2022-08-23,Expense,Health,8647,NO,NO,BANK TRANSFER,Jaipur
T1724,U129,2022-06-19,Income,Bonus,38260,NO,NO,CASH,Hyderabad
T3915,U095,2024-11-08,Expense,Utilities,9682,NO,NO,CASH,Bangalore
T9073,U100,2024-07-21,Expense,Education,9469,NO,NO,BANK TRANSFER,Lucknow
T9546,U021,2021-01-16,Income,Food,11675,NO,NO,BANK TRANSFER,Jaipur
T5134,U008,2022-09-05,Expense,Utilities,1060,NO,NO,CASH,Kolkata
T0785,U111,2023-08-28,Expense,Education,8158,NO,NO,BANK TRANSFER,Lucknow
T0370,U029,2023-11-24,Expense,Education,6822,NO,NO,CARD,Lucknow
T7667,U125,2023-06-05,Expense,Others,5748,NO,NO,UPI,Unknown
T8620,U022,2021-02-20,Income,Food,32787,NO,NO,BANK TRANSFER,Hyderabad
T8574,U071,2023-11-13,Expense,Travel,4780,NO,NO,CARD,Jaipur
T1275,U039,2022-05-08,Expense,Food,942,NO,NO,CARD,Unknown
T4787,U131,2023-08-07,Expense,Salary,7057,NO,NO,UPI,Pune
T2756,U022,2024-04-03,Expense,Entertainment,3212,NO,NO,CASH,Mumbai
T7082,U006,2021-06-03,Expense,Utilities,999999999,NO,YES,BANK TRANSFER,Chennai
T12702,U007,2021-09-08,Expense,Food,44608,NO,NO,CARD,Kolkata
T10263,U066,2022-10-03,Expense,Travel,5223,NO,NO,UPI,Chennai
T13421,U029,2024-11-10,Expense,Rent,2371,NO,NO,UPI,Unknown
T2299,U017,2024-08-17,Expense,Others,1763,NO,NO,BANK TRANSFER,Kolkata
T8437,U134,2023-09-14,Expense,Others,3216,NO,NO,UPI,Unknown
T8012,U041,2024-08-15,Expense,Travel,5706,NO,NO,BANK TRANSFER,Delhi
T3361,U011,2022-11-04,Expense,Utilities,9416,NO,NO,UPI,Delhi
T3416,U088,2022-12-12,Expense,Food,2643,NO,NO,CARD,Unknown
T10980,U071,2022-02-02,Expense,Food,21307,NO,NO,BANK TRANSFER,Pune
T6815,U094,2022-12-02,Expense,Food,6882,NO,NO,UPI,Pune
T12556,U012,2023-02-25,Expense,Investment,47746,NO,NO,CASH,Unknown
T5512,U080,2024-12-19,Expense,Food,2367,NO,NO,UPI,Jaipur
T0819,U041,2021-01-16,Expense,Others,2681,NO,NO,CARD,Jaipur
T4484,U088,2022-12-10,Expense,Entertainment,17147,NO,NO,CASH,Hyderabad
T4382,U002,2021-06-15,Expense,Entertainment,999999999,NO,YES,BANK TRANSFER,Bangalore
T4153,U116,2021-05-23,Expense,Salary,2621,NO,NO,BANK TRANSFER,Ahmedabad
T9352,U106,2022-04-06,Expense,Utilities,21220,NO,NO,CARD,Kolkata
T0430,U021,2024-09-20,Expense,Food,7706,NO,NO,BANK TRANSFER,Lucknow
T5009,U028,2023-02-13,Expense,Health,6681,NO,NO,BANK TRANSFER,Kolkata
T0873,U131,2021-05-13,Expense,Education,5925,NO,NO,UPI,Unknown
T5219,U062,2024-01-10,Expense,Travel,7773,NO,NO,CARD,Jaipur
T2322,U053,2022-04-27,Expense,Food,9734,NO,NO,UNKNOWN,Pune
T13839,U028,2023-08-21,Expense,Entertainment,4621,NO,NO,BANK TRANSFER,Delhi
T4241,U070,2022-06-08,Expense,Entertainment,8721,NO,NO,UPI,Bangalore
T7182,U094,2021-10-25,Expense,Utilities,1312,NO,NO,BANK TRANSFER,Delhi
T0133,U022,2021-10-18,Expense,Bonus,7901,NO,NO,CASH,Unknown
T9981,U046,2023-09-29,Expense,Rent,5275,NO,NO,UPI,Kolkata
T2812,U006,2023-12-12,Expense,Education,8801,NO,NO,CASH,Ahmedabad
T1840,U076,2023-06-16,Expense,Savings,2196,NO,NO,CASH,Kolkata
T13229,U101,2022-04-15,Income,Rent,18123,NO,NO,CASH,Ahmedabad
T0313,U018,2021-01-07,Expense,Entertainment,5980,NO,NO,CASH,Hyderabad
T3678,U113,2021-02-13,Expense,Utilities,13715,NO,NO,CASH,Unknown
T0062,U126,2023-06-28,Expense,Investment,9690,NO,NO,UPI,Pune
T9580,U043,2023-06-25,Income,Education,63122,NO,NO,CASH,Pune
T7914,U027,2024-08-03,Income,Food,63957,NO,NO,CARD,Lucknow
T10714,U062,2023-05-28,Expense,Travel,4000,NO,NO,CARD,Jaipur
T3149,U041,2021-08-16,Expense,Travel,8149,NO,NO,BANK TRANSFER,Chennai
T8993,U118,2024-10-01,Income,Food,17940,NO,NO,BANK TRANSFER,Chennai
T13276,U106,2024-11-16,Expense,Others,4864,NO,NO,UPI,Pune
T1287,U102,2022-09-10,Expense,Savings,249,NO,NO,CARD,Kolkata
T2572,U073,2023-02-22,Income,Utilities,22572,NO,NO,BANK TRANSFER,Ahmedabad
T11735,U059,2022-09-17,Income,Food,76266,NO,NO,CASH,Pune
T6584,U079,2021-09-18,Income,Savings,77530,NO,NO,UPI,Chennai
T7618,U058,2021-08-19,Expense,Rent,42308,NO,NO,BANK TRANSFER,Delhi
T11965,U050,2022-05-08,Expense,Rent,1977,NO,NO,CARD,Unknown
T3109,U099,2024-03-06,Expense,Entertainment,3479,NO,NO,CASH,Hyderabad
T13541,U080,2024-03-23,Expense,Education,1051,NO,NO,CASH,Unknown
T9823,U063,2024-05-09,Income,Utilities,14041,NO,NO,CARD,Lucknow
T4161,U038,2023-07-19,Expense,Savings,5076,NO,NO,CARD,Delhi
T10326,U040,2023-08-31,Expense,Rent,1964,NO,NO,CASH,Pune
T4304,U144,2021-01-17,Income,Entertainment,51541,NO,NO,CASH,Hyderabad
T9113,U085,2021-03-27,Expense,Travel,2600,NO,NO,CARD,Mumbai
T3276,U059,2024-10-11,Expense,Others,5536,NO,NO,UNKNOWN,Bangalore
T0698,U025,2021-11-02,Expense,Misc,999999999,NO,YES,UPI,Lucknow
T1790,U011,2023-08-29,Expense,Travel,9767,NO,NO,BANK TRANSFER,Kolkata
T3264,U084,2023-11-05,Expense,Salary,4567,NO,NO,UPI,Unknown
T3029,U102,2024-07-19,Expense,Health,3201,NO,NO,CASH,Ahmedabad
T6664,U110,2021-06-04,Expense,Salary,7109,NO,NO,CASH,Kolkata
T8124,U012,2022-02-27,Expense,Entertainment,8301,NO,NO,BANK TRANSFER,Bangalore
T9603,U145,2023-06-28,Expense,Utilities,6760,NO,NO,BANK TRANSFER,Kolkata
T3208,U131,2021-06-11,Income,Rent,45898,NO,NO,CASH,Chennai
T11236,U071,2022-11-24,Expense,Food,1554,NO,NO,UNKNOWN,Bangalore
T8628,U129,2024-09-14,Expense,Freelance,5821,NO,NO,UPI,Jaipur
T6043,U124,2021-05-17,Expense,Food,3622,NO,NO,BANK TRANSFER,Bangalore
T1560,U148,2024-11-27,Expense,Food,7804,NO,NO,UPI,Kolkata
T8237,U023,2023-12-12,Income,Food,62177,NO,NO,CASH,Chennai
T3061,U140,2021-04-18,Income,Travel,73105,NO,NO,CARD,Kolkata
T1924,U023,2023-10-22,Expense,Rent,4781,NO,NO,CARD,Kolkata
T7453,U107,2021-08-23,Expense,Travel,4419,NO,NO,BANK TRANSFER,Delhi
T0518,U025,2023-10-29,Expense,Uncategorised,7914,NO,NO,CARD,Unknown
T7085,U091,2023-06-22,Expense,Rent,999999,NO,YES,CASH,Mumbai
T7500,U091,2022-05-28,Expense,Utilities,3689,NO,NO,CARD,Lucknow
T13338,U059,2022-03-17,Expense,Rent,4890,NO,NO,CARD,Chennai
T12388,U087,2022-03-12,Expense,Education,4571,NO,NO,UPI,Ahmedabad
T10634,U148,2024-06-17,Expense,Bonus,11741,NO,NO,CASH,Bangalore
T13466,U133,2021-10-18,Expense,Travel,7433,NO,NO,CASH,Kolkata
T7212,U057,2023-12-03,Income,Salary,13677,NO,NO,UPI,Mumbai
T11255,U009,2024-12-30,Expense,Rent,7937,NO,NO,CARD,Pune
T7288,U138,2024-12-13,Expense,Utilities,4471,NO,NO,CASH,Kolkata
T8372,U123,2022-12-27,Income,Others,58674,NO,NO,CARD,Unknown
T10903,U137,2023-06-12,Expense,Travel,9623,NO,NO,UPI,Pune
T0727,U126,2022-01-25,Expense,Food,7663,NO,NO,BANK TRANSFER,Ahmedabad
T11588,U141,2021-10-11,Expense,Bonus,4301,NO,NO,CASH,Hyderabad
T2590,U118,2024-09-06,Expense,Uncategorised,3591,NO,NO,CARD,Unknown
T3429,U121,2023-03-22,Expense,Travel,7345,NO,NO,UPI,Mumbai
T10839,U097,2021-09-17,Income,Freelance,41966,NO,NO,BANK TRANSFER,Hyderabad
T0292,U144,2022-02-28,Expense,Investment,2906,NO,NO,BANK TRANSFER,Ahmedabad
T11287,U060,2024-06-23,Income,Freelance,61216,NO,NO,CARD,Kolkata
T0546,U031,2021-10-31,Income,Utilities,78388,NO,NO,BANK TRANSFER,Ahmedabad
T2715,U085,2023-11-03,Expense,Entertainment,2165,NO,NO,BANK TRANSFER,Kolkata
T5680,U133,2021-01-22,Expense,Food,168,NO,NO,BANK TRANSFER,Lucknow
T7705,U051,2021-02-09,Expense,Entertainment,3409,NO,NO,CASH,Delhi
T4925,U058,2023-05-12,Expense,Food,3246,NO,NO,CARD,Lucknow
T0915,U001,2023-04-08,Expense,Food,8570,NO,NO,UPI,Pune
T6450,U126,2023-06-29,Expense,Travel,2840,NO,NO,BANK TRANSFER,Hyderabad
T13709,U143,2021-04-29,Expense,Food,27204,NO,NO,UPI,Pune
T11909,U043,2022-12-03,Income,Investment,78288,NO,NO,BANK TRANSFER,Unknown
T4821,U077,2022-11-22,Expense,Utilities,5376,NO,NO,UPI,Chennai
T9412,U050,2024-04-11,Expense,Entertainment,3020,NO,NO,CARD,Hyderabad
T6062,U126,2022-09-02,Expense,Utilities,7418,NO,NO,UPI,Ahmedabad
T2881,U106,2021-07-09,Expense,Salary,7316,NO,NO,BANK TRANSFER,Lucknow
T12447,U053,2024-04-29,Income,Food,22105,NO,NO,CARD,Bangalore
T7496,U026,2023-07-21,Expense,Salary,3319,NO,NO,UNKNOWN,Bangalore
T9498,U090,2024-08-08,Income,Uncategorised,77361,NO,NO,CASH,Pune
T10603,U095,2021-12-05,Expense,Utilities,1107,NO,NO,BANK TRANSFER,Unknown
T13383,U091,2022-01-10,Expense,Savings,655,NO,NO,CASH,Unknown
T11277,U107,2023-12-31,Expense,Food,5240,NO,NO,CARD,Hyderabad
T8759,U079,2021-10-28,Expense,Entertainment,1964,NO,NO,CARD,Jaipur
T4036,U017,2022-04-12,Expense,Salary,1942,NO,NO,CARD,Ahmedabad
T2352,U133,2024-10-28,Expense,Savings,9742,NO,NO,CASH,Hyderabad
T1148,U010,2022-07-30,Income,Savings,27013,NO,NO,UPI,Unknown
T0497,U034,2024-05-17,Expense,Food,7403,NO,NO,UPI,Chennai
T1599,U129,2024-11-19,Income,Travel,183091,NO,NO,CARD,Ahmedabad
T10325,U090,2024-04-28,Expense,Salary,5582,NO,NO,UPI,Chennai
T7952,U032,2023-02-02,Expense,Utilities,4691,NO,NO,CARD,Jaipur
T8639,U015,2021-03-21,Expense,Food,1849,NO,NO,CASH,Hyderabad
T5067,U137,2022-09-11,Expense,Freelance,4306,NO,NO,CASH,Bangalore
T12541,U115,2023-08-11,Income,Utilities,36352,NO,NO,CARD,Ahmedabad
T8095,U039,2022-12-22,Expense,Food,8703,NO,NO,BANK TRANSFER,Bangalore
T8587,U137,2023-06-05,Expense,Rent,2538,NO,NO,CARD,Lucknow
T7345,U094,2024-02-22,Expense,Food,4654,NO,NO,CASH,Chennai
T5082,U131,2023-12-29,Expense,Food,3022,NO,NO,UPI,Chennai
T4281,U148,2022-06-04,Expense,Salary,2750,NO,NO,CARD,Bangalore
T13034,U117,2022-03-05,Expense,Utilities,9065,NO,NO,CARD,Pune
T1150,U024,2022-09-06,Expense,Salary,4813,NO,NO,BANK TRANSFER,Pune
T11755,U137,2021-11-13,Expense,Rent,6245,NO,NO,BANK TRANSFER,Lucknow
T5326,U067,2022-02-21,Expense,Entertainment,8884,NO,NO,BANK TRANSFER,Hyderabad
T9026,U090,2024-11-09,Expense,Travel,2092,NO,NO,BANK TRANSFER,Mumbai
T11319,U020,2023-08-05,Expense,Rent,3946,NO,NO,BANK TRANSFER,Jaipur
T6544,U066,2023-05-17,Expense,Rent,166,NO,NO,UPI,Mumbai
T6972,U047,2024-02-23,Expense,Bonus,2857,NO,NO,UPI,Kolkata
T7737,U046,2022-11-08,Expense,Others,9344,NO,NO,UNKNOWN,Lucknow
T12660,U027,2023-12-29,Income,Health,15135,NO,NO,BANK TRANSFER,Jaipur
T10589,U116,2022-10-20,Expense,Entertainment,2159,NO,NO,UPI,Pune
T1235,U084,2024-06-11,Expense,Utilities,1614,NO,NO,UNKNOWN,Chennai
T9360,U018,2022-08-02,Expense,Food,6308,NO,NO,CASH,Jaipur
T6622,U124,2021-10-12,Expense,Food,3142,NO,NO,UNKNOWN,Delhi
T2596,U054,2021-07-20,Expense,Rent,813,NO,NO,UPI,Mumbai
T1047,U014,2023-10-09,Income,Entertainment,14576,NO,NO,CARD,Delhi
T12374,U085,2021-05-23,Expense,Utilities,699,NO,NO,BANK TRANSFER,Pune
T4572,U137,2024-09-29,Expense,Food,1554,NO,NO,UPI,Ahmedabad
T0531,U142,2022-05-02,Income,Others,61879,NO,NO,CARD,Kolkata
T4769,U137,2022-02-02,Expense,Travel,6343,NO,NO,UPI,Delhi
T3429,U097,2023-11-11,Expense,Utilities,35430,NO,NO,BANK TRANSFER,Mumbai
T10026,U083,2022-03-10,Expense,Utilities,3272,NO,NO,BANK TRANSFER,Lucknow
T1964,U127,2021-04-10,Expense,Savings,0,NO,NO,UPI,Hyderabad
T8060,U137,2022-08-01,Income,Utilities,64875,NO,NO,CASH,Bangalore
T9796,U070,2024-04-14,Expense,Travel,3352,NO,NO,CARD,Ahmedabad
T8730,U062,2022-01-27,Income,Food,64963,NO,NO,BANK TRANSFER,Ahmedabad
T2748,U132,2021-10-05,Income,Health,34506,NO,NO,CARD,Pune
T8824,U004,2024-08-12,Expense,Food,7186,NO,NO,BANK TRANSFER,Bangalore
T9193,U055,2023-10-30,Expense,Health,1171,NO,NO,UPI,Unknown
T3188,U005,2021-03-01,Expense,Food,-1000,YES,NO,CARD,Chennai
T3162,U115,2022-11-25,Income,Food,25509,NO,NO,CARD,Kolkata
T10587,U104,2024-12-02,Expense,Travel,4565,NO,NO,CASH,Lucknow
T8897,U021,2021-11-22,Income,Education,70871,NO,NO,CASH,Jaipur
T2942,U011,2024-01-17,Expense,Education,9034,NO,NO,BANK TRANSFER,Kolkata
T0595,U072,2022-02-28,Expense,Entertainment,8944,NO,NO,CASH,Lucknow
T8799,U061,2024-07-16,Expense,Education,9459,NO,NO,BANK TRANSFER,Jaipur
T7762,U142,2022-11-19,Expense,Travel,835,NO,NO,UPI,Ahmedabad
T0242,U084,2022-06-16,Expense,Food,3113,NO,NO,UPI,Kolkata
T13573,U116,2024-05-30,Expense,Food,2126,NO,NO,CARD,Chennai
T4748,U024,2024-10-19,Expense,Food,41453,NO,NO,UNKNOWN,Bangalore
T13673,U086,2024-12-03,Income,Travel,29265,NO,NO,UPI,Chennai
T10733,U139,2022-08-28,Expense,Freelance,557,NO,NO,CASH,Unknown
T1861,U111,2023-05-20,Expense,Entertainment,6544,NO,NO,CARD,Hyderabad
T4412,U111,2023-12-14,Expense,Rent,1367,NO,NO,CARD,Hyderabad
T12902,U080,2023-09-28,Expense,Freelance,7836,NO,NO,BANK TRANSFER,Unknown
T1863,U033,2022-01-20,Expense,Freelance,6085,NO,NO,UPI,Kolkata
T11845,U032,2022-07-04,Expense,Food,0,NO,NO,CASH,Kolkata
T9371,U083,2021-12-22,Expense,Food,7195,NO,NO,CARD,Delhi
T4941,U110,2021-04-02,Expense,Utilities,2857,NO,NO,BANK TRANSFER,Chennai
T12531,U035,2023-01-16,Expense,Food,7635,NO,NO,BANK TRANSFER,Mumbai
T3518,U127,2022-07-19,Expense,Food,6864,NO,NO,UPI,Bangalore
T0107,U093,2021-05-08,Expense,Food,4933,NO,NO,BANK TRANSFER,Lucknow
T12030,U086,2021-07-26,Expense,Travel,5778,NO,NO,CASH,Jaipur
T9157,U057,2022-02-08,Expense,Investment,361,NO,NO,BANK TRANSFER,Bangalore
T1164,U014,2021-04-22,Expense,Rent,409,NO,NO,UPI,Bangalore
T8744,U089,2023-03-07,Expense,Education,5765,NO,NO,CARD,Bangalore
T2684,U100,2024-05-20,Income,Food,36616,NO,NO,CARD,Pune
T2406,U130,2023-02-06,Expense,Travel,2789,NO,NO,UPI,Bangalore
T11971,U132,2022-02-02,Expense,Education,7238,NO,NO,UPI,Kolkata
T4815,U133,2023-09-26,Expense,Health,7986,NO,NO,CASH,Chennai
T8204,U097,2022-01-04,Expense,Entertainment,5435,NO,NO,UPI,Chennai
T6318,U085,2024-12-22,Expense,Food,2727,NO,NO,UPI,Delhi
T3214,U016,2022-11-22,Expense,Others,6636,NO,NO,CASH,Delhi
T5066,U103,2024-07-05,Expense,Travel,4305,NO,NO,BANK TRANSFER,Kolkata
T2665,U056,2022-08-06,Expense,Food,8850,NO,NO,UPI,Jaipur
T1846,U004,2021-07-17,Expense,Rent,2217,NO,NO,CARD,Hyderabad
T10023,U036,2021-07-02,Expense,Rent,2237,NO,NO,UPI,Pune
T3633,U077,2023-02-08,Expense,Freelance,0,NO,NO,CARD,Ahmedabad
T5921,U001,2024-05-24,Expense,Food,8174,NO,NO,CASH,Ahmedabad
T9287,U089,2021-12-15,Expense,Others,4978,NO,NO,CASH,Hyderabad
T7994,U013,2024-12-31,Expense,Travel,6240,NO,NO,CARD,Hyderabad
T2236,U114,2024-04-16,Expense,Bonus,814,NO,NO,BANK TRANSFER,Chennai
T8343,U119,2022-10-01,Expense,Food,0,NO,NO,UPI,Hyderabad
T4823,U053,2021-10-03,Expense,Entertainment,305,NO,NO,UPI,Chennai
T8791,U016,2021-10-13,Expense,Travel,5132,NO,NO,BANK TRANSFER,Delhi
T12815,U084,2022-07-19,Income,Food,22720,NO,NO,CASH,Chennai
T0923,U035,2024-06-09,Expense,Utilities,1737,NO,NO,UPI,Mumbai
T12127,U111,2024-03-26,Expense,Travel,6058,NO,NO,UPI,Mumbai
T9311,U017,2024-11-11,Expense,Utilities,3337,NO,NO,UPI,Mumbai
T11548,U134,2021-12-21,Expense,Education,9882,NO,NO,CARD,Pune
T8390,U029,2023-12-25,Expense,Travel,1311,NO,NO,CARD,Ahmedabad
T13749,U139,2021-07-12,Expense,Entertainment,6893,NO,NO,BANK TRANSFER,Mumbai
T12711,U009,2024-12-30,Expense,Investment,8056,NO,NO,UPI,Chennai
T8889,U131,2021-01-07,Expense,Salary,8861,NO,NO,BANK TRANSFER,Pune
T8619,U142,2021-08-30,Expense,Entertainment,4710,NO,NO,BANK TRANSFER,Unknown
T5119,U056,2023-02-16,Expense,Bonus,7659,NO,NO,UPI,Bangalore
T3480,U067,2023-11-25,Income,Rent,72320,NO,NO,CASH,Pune
T2751,U006,2024-08-25,Expense,Health,1077,NO,NO,BANK TRANSFER,Bangalore
T12145,U111,2021-01-05,Expense,Savings,1824,NO,NO,UPI,Pune
T4148,U017,2023-01-10,Expense,Health,3089,NO,NO,UPI,Bangalore
T2449,U119,2023-10-15,Expense,Travel,7628,NO,NO,BANK TRANSFER,Kolkata
T12414,U098,2023-08-19,Expense,Food,347,NO,NO,UPI,Bangalore
T2859,U149,2021-09-20,Expense,Rent,6231,NO,NO,CASH,Lucknow
T1835,U128,2023-01-01,Expense,Education,0,NO,NO,CARD,Chennai
T0756,U008,2023-06-30,Expense,Food,8876,NO,NO,BANK TRANSFER,Kolkata
T5604,U031,2024-11-23,Expense,Others,7126,NO,NO,CARD,Pune
T10779,U043,2024-02-21,Expense,Utilities,1156,NO,NO,CARD,Jaipur
T13012,U088,2022-02-27,Expense,Uncategorised,526,NO,NO,CARD,Delhi
T10438,U072,2021-01-07,Expense,Uncategorised,4353,NO,NO,CARD,Hyderabad
T6475,U115,2024-08-13,Expense,Uncategorised,3639,NO,NO,CASH,Unknown
T6272,U058,2023-07-16,Expense,Uncategorised,4723,NO,NO,CASH,Delhi
T5205,U148,2022-01-30,Expense,Uncategorised,5368,NO,NO,UPI,Lucknow
T12785,U119,2024-10-15,Expense,Uncategorised,6990,NO,NO,BANK TRANSFER,Jaipur
T12327,U099,2024-12-03,Expense,Uncategorised,3716,NO,NO,UPI,Kolkata
T4835,U116,2022-03-07,Expense,Uncategorised,42012,NO,NO,UPI,Bangalore
T5810,U043,2022-07-09,Expense,Uncategorised,5681,NO,NO,BANK TRANSFER,Unknown
T3290,U148,2022-08-20,Expense,Uncategorised,9677,NO,NO,UPI,Ahmedabad
T2771,U023,2021-09-09,Expense,Uncategorised,4011,NO,NO,UPI,Bangalore
T0958,U087,2024-06-16,Income,Uncategorised,54625,NO,NO,CASH,Unknown
T7011,U106,2023-04-10,Expense,Uncategorised,47358,NO,NO,UPI,Mumbai
T5515,U137,2024-05-18,Expense,Uncategorised,3336,NO,NO,BANK TRANSFER,Pune
T12227,U029,2021-11-06,Expense,Uncategorised,3133,NO,NO,CASH,Kolkata
T2523,U019,2021-07-06,Expense,Uncategorised,2907,NO,NO,CASH,Bangalore
T3111,U100,2022-04-19,Income,Uncategorised,76606,NO,NO,CARD,Chennai
T5516,U111,2022-07-11,Income,Uncategorised,76469,NO,NO,CASH,Chennai
T8409,U037,2024-02-17,Expense,Uncategorised,589,NO,NO,UPI,Jaipur
T5094,U144,2022-08-11,Expense,Uncategorised,6493,NO,NO,CASH,Jaipur
T0094,U028,2023-08-14,Expense,Uncategorised,6393,NO,NO,CARD,Hyderabad
T13138,U053,2021-07-31,Expense,Uncategorised,6000,NO,NO,BANK TRANSFER,Delhi
T0586,U090,2023-11-05,Expense,Uncategorised,6915,NO,NO,CASH,Hyderabad
T3853,U017,2024-04-08,Income,Uncategorised,17284,NO,NO,CARD,Lucknow
T2808,U020,2022-07-23,Expense,Uncategorised,22788,NO,NO,CASH,Hyderabad
T13546,U099,2022-04-08,Expense,Uncategorised,5285,NO,NO,CARD,Mumbai
T0215,U105,2024-07-14,Expense,Uncategorised,1136,NO,NO,CASH,Delhi
T4964,U144,2024-08-20,Expense,Uncategorised,3043,NO,NO,BANK TRANSFER,Mumbai
T13594,U118,2021-08-08,Expense,Uncategorised,1916,NO,NO,UPI,Delhi
T5979,U046,2024-04-19,Expense,Uncategorised,7164,NO,NO,CARD,Bangalore
T10775,U111,2021-09-04,Expense,Uncategorised,190,NO,NO,CARD,Ahmedabad
T4171,U116,2022-08-29,Expense,Uncategorised,1368,NO,NO,CARD,Lucknow
T1410,U001,2024-05-25,Expense,Uncategorised,1413,NO,NO,CARD,Jaipur
T8537,U058,2021-04-20,Income,Uncategorised,54564,NO,NO,CASH,Hyderabad
T1845,U031,2023-09-03,Income,Uncategorised,679408,NO,YES,UPI,Bangalore
T7380,U020,2021-06-21,Expense,Uncategorised,7684,NO,NO,BANK TRANSFER,Bangalore
T1432,U010,2022-11-02,Expense,Uncategorised,8690,NO,NO,UPI,Pune
T3546,U134,2022-04-20,Expense,Uncategorised,35598,NO,NO,CASH,Delhi
T3357,U105,2022-11-21,Expense,Uncategorised,49581,NO,NO,CARD,Bangalore
T12497,U133,2021-12-10,Income,Uncategorised,54987,NO,NO,CASH,Jaipur
T10338,U029,2022-04-13,Expense,Uncategorised,8370,NO,NO,UPI,Chennai
T10322,U103,2023-11-13,Expense,Uncategorised,4952,NO,NO,BANK TRANSFER,Kolkata
T9565,U147,2024-08-30,Expense,Uncategorised,3173,NO,NO,UPI,Pune
T9909,U143,2024-08-28,Expense,Uncategorised,9395,NO,NO,CASH,Jaipur
T2612,U098,2022-04-26,Expense,Uncategorised,46889,NO,NO,CARD,Unknown
T5575,U034,2021-05-28,Expense,Uncategorised,8440,NO,NO,CARD,Delhi
T1163,U138,2023-08-24,Income,Uncategorised,39070,NO,NO,CASH,Kolkata
T13683,U149,2024-05-21,Expense,Uncategorised,6736,NO,NO,BANK TRANSFER,Jaipur
T9931,U135,2021-08-20,Expense,Uncategorised,1664,NO,NO,CARD,Kolkata
T7629,U139,2024-06-06,Income,Uncategorised,66406,NO,NO,CARD,Pune
T13743,U089,2023-11-30,Expense,Uncategorised,17622,NO,NO,CASH,Chennai
T2303,U130,2024-11-24,Expense,Uncategorised,46108,NO,NO,CARD,Chennai
T6914,U012,2022-06-26,Income,Uncategorised,65760,NO,NO,BANK TRANSFER,Bangalore
T0568,U009,2024-09-07,Expense,Uncategorised,7609,NO,NO,CARD,Jaipur
T0106,U104,2023-11-22,Expense,Uncategorised,0,NO,NO,UPI,Lucknow
T10163,U131,2023-05-17,Expense,Uncategorised,9589,NO,NO,CASH,Kolkata
T10879,U080,2021-10-16,Expense,Uncategorised,24421,NO,NO,CASH,Mumbai
T9562,U047,2021-03-22,Expense,Uncategorised,3925,NO,NO,CARD,Kolkata
T1081,U077,2022-01-15,Expense,Uncategorised,1462,NO,NO,CASH,Pune
T5021,U132,2022-09-13,Income,Uncategorised,16967,NO,NO,CASH,Lucknow
T5114,U002,2023-05-21,Income,Uncategorised,54572,NO,NO,BANK TRANSFER,Hyderabad
T9142,U091,2023-08-27,Expense,Uncategorised,25115,NO,NO,UPI,Pune
T6701,U128,2024-10-24,Income,Uncategorised,46799,NO,NO,CASH,Hyderabad
T3697,U138,2021-06-04,Expense,Uncategorised,9886,NO,NO,CARD,Lucknow
T5771,U142,2022-06-20,Expense,Uncategorised,4504,NO,NO,CARD,Pune
T12709,U053,2024-04-05,Expense,Uncategorised,7398,NO,NO,UPI,Hyderabad
T2821,U100,2022-04-07,Expense,Uncategorised,4356,NO,NO,BANK TRANSFER,Delhi
T6383,U088,2023-12-24,Expense,Uncategorised,2888,NO,NO,CASH,Unknown
T4253,U132,2021-10-13,Expense,Uncategorised,43348,NO,NO,CASH,Pune
T11166,U125,2021-09-23,Expense,Uncategorised,777,NO,NO,CASH,Chennai
T6413,U070,2022-11-20,Expense,Uncategorised,2018,NO,NO,BANK TRANSFER,Mumbai
T13927,U050,2021-04-10,Expense,Uncategorised,31398,NO,NO,CARD,Ahmedabad
T1649,U092,2024-02-18,Expense,Uncategorised,8811,NO,NO,BANK TRANSFER,Mumbai
T4454,U014,2022-03-21,Expense,Uncategorised,0,NO,NO,CASH,Pune
T3249,U092,2022-01-26,Expense,Uncategorised,8484,NO,NO,CASH,Hyderabad
T10664,U034,2021-05-06,Expense,Uncategorised,4576,NO,NO,UPI,Unknown
T10800,U037,2022-05-16,Expense,Uncategorised,9691,NO,NO,CARD,Chennai
T3186,U070,2022-08-21,Income,Uncategorised,40839,NO,NO,UPI,Pune
T3021,U089,2022-07-20,Expense,Uncategorised,5201,NO,NO,BANK TRANSFER,Delhi
T9837,U003,2023-07-17,Expense,Uncategorised,9682,NO,NO,UPI,Lucknow
T0161,U116,2024-02-01,Expense,Uncategorised,1110,NO,NO,BANK TRANSFER,Delhi
T2828,U142,2023-01-25,Income,Uncategorised,15136,NO,NO,CARD,Jaipur
T6695,U113,2023-10-07,Expense,Uncategorised,1387,NO,NO,BANK TRANSFER,Kolkata
T2425,U054,2022-12-09,Expense,Uncategorised,1164,NO,NO,CARD,Hyderabad
T12020,U077,2021-04-24,Expense,Uncategorised,5033,NO,NO,BANK TRANSFER,Kolkata
T12223,U098,2023-04-23,Expense,Uncategorised,9192,NO,NO,BANK TRANSFER,Lucknow
T5577,U026,2024-01-02,Expense,Uncategorised,17210,NO,NO,CARD,Kolkata
T5064,U148,2023-10-14,Expense,Uncategorised,4729,NO,NO,CASH,Delhi
T4902,U104,2021-12-25,Expense,Uncategorised,7777,NO,NO,CARD,Chennai
T1483,U023,2022-11-19,Expense,Uncategorised,4489,NO,NO,CASH,Mumbai
T13037,U040,2023-06-09,Expense,Uncategorised,3446,NO,NO,UNKNOWN,Pune
T9462,U081,2022-01-27,Expense,Uncategorised,2820,NO,NO,UNKNOWN,Mumbai
T8015,U015,2024-03-21,Expense,Uncategorised,176,NO,NO,BANK TRANSFER,Pune
T4340,U146,2022-08-21,Expense,Uncategorised,6665,NO,NO,CASH,Ahmedabad
T3047,U080,2023-01-28,Expense,Uncategorised,8415,NO,NO,BANK TRANSFER,Hyderabad
T10699,U032,2023-09-22,Expense,Uncategorised,3064,NO,NO,CARD,Hyderabad
T8192,U033,2024-01-07,Expense,Uncategorised,6442,NO,NO,UNKNOWN,Chennai
T6894,U131,2021-11-23,Income,Uncategorised,75366,NO,NO,BANK TRANSFER,Hyderabad
T10303,U025,2024-11-10,Income,Uncategorised,12561,NO,NO,CASH,Pune
T2306,U107,2023-07-15,Income,Uncategorised,52836,NO,NO,CARD,Mumbai
T13522,U021,2023-12-17,Income,Uncategorised,79600,NO,NO,BANK TRANSFER,Lucknow
T4486,U132,2023-02-28,Expense,Uncategorised,6428,NO,NO,BANK TRANSFER,Bangalore
T10416,U071,2024-01-02,Expense,Uncategorised,8558,NO,NO,UPI,Pune
T8353,U119,2024-06-22,Expense,Uncategorised,8081,NO,NO,UNKNOWN,Unknown
T0130,U119,2022-03-06,Expense,Uncategorised,2380,NO,NO,BANK TRANSFER,Unknown
T4785,U056,2022-08-05,Expense,Uncategorised,5101,NO,NO,CASH,Unknown
T13084,U100,2021-02-26,Expense,Uncategorised,38654,NO,NO,CARD,Bangalore
T11553,U129,2022-03-30,Expense,Uncategorised,6819,NO,NO,CASH,Kolkata
T12574,U120,2024-11-18,Expense,Uncategorised,39367,NO,NO,UPI,Jaipur
T10301,U138,2024-08-03,Expense,Uncategorised,9837,NO,NO,CARD,Jaipur
T8382,U127,2021-06-23,Expense,Uncategorised,3146,NO,NO,UPI,Ahmedabad
T12305,U128,2021-02-05,Expense,Uncategorised,116,NO,NO,CARD,Chennai
T8136,U051,2022-03-28,Income,Uncategorised,74441,NO,NO,UPI,Ahmedabad
T0920,U106,2023-06-12,Expense,Uncategorised,6066,NO,NO,CASH,Kolkata
T1530,U117,2023-07-20,Expense,Uncategorised,2635,NO,NO,CARD,Jaipur
T10215,U045,2024-09-29,Expense,Uncategorised,3223,NO,NO,BANK TRANSFER,Delhi
T6373,U061,2024-06-12,Expense,Uncategorised,3531,NO,NO,BANK TRANSFER,Unknown
T11627,U004,2021-05-01,Expense,Uncategorised,8564,NO,NO,UPI,Mumbai
T11702,U103,2023-04-05,Expense,Uncategorised,6264,NO,NO,CASH,Chennai
T0967,U149,2021-12-20,Expense,Uncategorised,1672,NO,NO,BANK TRANSFER,Unknown
T1096,U025,2021-06-24,Expense,Uncategorised,5502,NO,NO,UPI,Chennai
T8848,U104,2021-01-29,Expense,Uncategorised,1594,NO,NO,BANK TRANSFER,Mumbai
T5766,U128,2023-04-17,Expense,Uncategorised,0,NO,NO,BANK TRANSFER,Kolkata
T6576,U080,2024-09-08,Expense,Uncategorised,4236,NO,NO,CASH,Jaipur
T8685,U131,2023-06-26,Expense,Uncategorised,5605,NO,NO,CARD,Mumbai
T9105,U027,2024-04-13,Expense,Uncategorised,319,NO,NO,UNKNOWN,Unknown
T13941,U087,2022-05-15,Expense,Uncategorised,3354,NO,NO,CASH,Chennai
T5095,U101,2023-06-16,Expense,Uncategorised,6260,NO,NO,CARD,Delhi
T3592,U046,2021-03-13,Expense,Uncategorised,1067,NO,NO,UPI,Ahmedabad
T0975,U078,2023-02-11,Expense,Uncategorised,2024,NO,NO,BANK TRANSFER,Hyderabad
T6255,U049,2024-11-21,Expense,Uncategorised,-1000,YES,NO,CARD,Jaipur
T1588,U024,2021-04-27,Expense,Uncategorised,4200,NO,NO,UPI,Delhi
T8948,U044,2023-01-19,Expense,Uncategorised,2304,NO,NO,UPI,Delhi
T4824,U057,2023-08-11,Expense,Uncategorised,9423,NO,NO,CASH,Lucknow
T10383,U046,2022-05-05,Expense,Uncategorised,9374,NO,NO,UPI,Pune
T5290,U135,2021-04-17,Expense,Uncategorised,7264,NO,NO,CARD,Delhi
T12630,U049,2024-08-26,Expense,Uncategorised,1704,NO,NO,CARD,Mumbai
T11305,U113,2021-12-21,Expense,Uncategorised,367,NO,NO,UNKNOWN,Delhi
T10286,U036,2023-09-21,Expense,Uncategorised,1540,NO,NO,CARD,Lucknow
T13481,U025,2021-10-14,Expense,Uncategorised,1959,NO,NO,UPI,Jaipur
T5459,U067,2021-08-28,Expense,Uncategorised,1008,NO,NO,UPI,Jaipur
T1548,U018,2021-11-25,Expense,Uncategorised,2722,NO,NO,UPI,Mumbai
T8955,U010,2022-12-29,Expense,Uncategorised,7493,NO,NO,CARD,Jaipur
T3753,U091,2024-10-13,Expense,Uncategorised,717,NO,NO,UPI,Bangalore
T6400,U055,2021-05-06,Expense,Uncategorised,6669,NO,NO,UNKNOWN,Pune
T0280,U063,2023-03-22,Expense,Uncategorised,7301,NO,NO,BANK TRANSFER,Lucknow
T7347,U013,2022-09-22,Expense,Uncategorised,2440,NO,NO,UPI,Hyderabad
T2516,U007,2024-10-19,Expense,Uncategorised,4973,NO,NO,CARD,Delhi
T13811,U056,2022-11-11,Expense,Uncategorised,6993,NO,NO,BANK TRANSFER,Chennai
T5941,U145,2021-08-29,Expense,Uncategorised,1680,NO,NO,UPI,Chennai
T9093,U034,2021-08-15,Expense,Uncategorised,738,NO,NO,CASH,Lucknow
T1192,U122,2022-07-13,Expense,Uncategorised,514,NO,NO,CARD,Unknown
T6461,U069,2023-10-16,Expense,Uncategorised,820,NO,NO,CARD,Chennai
T0752,U104,2022-03-05,Expense,Uncategorised,0,NO,NO,CARD,Delhi
T8665,U040,2023-01-14,Expense,Uncategorised,2888,NO,NO,BANK TRANSFER,Delhi
T13495,U065,2024-04-23,Expense,Uncategorised,8455,NO,NO,CARD,Kolkata
T6367,U095,2021-10-15,Income,Uncategorised,42618,NO,NO,UPI,Ahmedabad
T12881,U110,2022-08-19,Expense,Uncategorised,6814,NO,NO,CASH,Mumbai
T9986,U059,2022-04-29,Expense,Uncategorised,6833,NO,NO,CASH,Chennai
T7442,U070,2022-07-13,Expense,Uncategorised,4594,NO,NO,BANK TRANSFER,Ahmedabad
T8436,U105,2021-09-03,Expense,Uncategorised,7901,NO,NO,CASH,Jaipur
T6872,U061,2024-06-30,Expense,Uncategorised,5278,NO,NO,CARD,Mumbai
T0709,U002,2024-02-27,Expense,Uncategorised,676,NO,NO,BANK TRANSFER,Kolkata
T1813,U133,2024-10-19,Expense,Uncategorised,9730,NO,NO,CARD,Mumbai
T1365,U056,2023-12-20,Expense,Uncategorised,5079,NO,NO,BANK TRANSFER,Hyderabad
T10180,U054,2024-11-12,Expense,Uncategorised,5678,NO,NO,CARD,Unknown
T5763,U115,2024-01-21,Expense,Uncategorised,20419,NO,NO,CASH,Kolkata
T11462,U147,2024-04-13,Expense,Uncategorised,861,NO,NO,UPI,Hyderabad
T1683,U012,2023-01-27,Expense,Uncategorised,1130,NO,NO,CARD,Bangalore
T1130,U029,2023-06-22,Expense,Uncategorised,93,NO,NO,UNKNOWN,Hyderabad
T3425,U122,2024-06-18,Expense,Uncategorised,5144,NO,NO,CASH,Hyderabad
T1253,U124,2021-12-16,Income,Uncategorised,69782,NO,NO,BANK TRANSFER,Kolkata
T1169,U005,2021-11-16,Expense,Uncategorised,2231,NO,NO,CASH,Ahmedabad
T13860,U018,2022-12-25,Expense,Uncategorised,4684,NO,NO,BANK TRANSFER,Chennai
T3152,U046,2021-08-23,Expense,Uncategorised,10050,NO,NO,BANK TRANSFER,Ahmedabad
T2146,U004,2023-01-30,Expense,Uncategorised,4528,NO,NO,BANK TRANSFER,Ahmedabad
T11719,U007,2023-08-06,Expense,Uncategorised,5721,NO,NO,CASH,Chennai
T7556,U150,2024-01-26,Income,Uncategorised,44906,NO,NO,CARD,Bangalore
T1665,U057,2022-04-21,Expense,Uncategorised,3158,NO,NO,CARD,Mumbai
T5320,U069,2023-08-21,Expense,Uncategorised,10959,NO,NO,BANK TRANSFER,Unknown
T4323,U074,2021-01-27,Expense,Uncategorised,1313,NO,NO,UPI,Pune
T7942,U001,2022-10-19,Expense,Uncategorised,5368,NO,NO,BANK TRANSFER,Kolkata
T7197,U038,2024-11-20,Expense,Uncategorised,6835,NO,NO,CARD,Unknown
T8317,U060,2022-04-13,Expense,Uncategorised,4824,NO,NO,UPI,Ahmedabad
T9606,U068,2021-10-27,Expense,Uncategorised,0,NO,NO,CARD,Hyderabad
T9386,U139,2022-12-25,Expense,Uncategorised,633,NO,NO,BANK TRANSFER,Jaipur
T8676,U005,2021-09-24,Expense,Uncategorised,7448,NO,NO,UPI,Unknown
T9253,U084,2022-11-22,Expense,Uncategorised,7598,NO,NO,UPI,Jaipur
T11731,U073,2022-12-27,Expense,Uncategorised,5023,NO,NO,UPI,Kolkata
T12580,U014,2022-06-23,Expense,Uncategorised,314,NO,NO,UPI,Pune
T6810,U012,2024-10-04,Expense,Uncategorised,3124,NO,NO,CARD,Mumbai
T1729,U085,2022-06-21,Expense,Uncategorised,0,NO,NO,UPI,Delhi
T11106,U126,2023-06-02,Income,Uncategorised,65852,NO,NO,UPI,Hyderabad
T8748,U116,2024-02-14,Expense,Uncategorised,2118,NO,NO,CASH,Mumbai
T0364,U017,2023-04-14,Expense,Uncategorised,2402,NO,NO,CASH,Lucknow
T13428,U027,2023-08-15,Expense,Uncategorised,999999,NO,YES,CASH,Hyderabad
T6825,U054,2024-11-04,Expense,Uncategorised,7619,NO,NO,CASH,Mumbai
T0488,U146,2022-09-17,Income,Uncategorised,73998,NO,NO,UNKNOWN,Kolkata
T2029,U069,2024-02-21,Expense,Uncategorised,2920,NO,NO,CARD,Unknown
T9214,U071,2023-05-05,Expense,Uncategorised,7568,NO,NO,CARD,Chennai
T8314,U139,2021-02-07,Income,Uncategorised,69328,NO,NO,CASH,Hyderabad
T10157,U029,2021-11-13,Expense,Uncategorised,6893,NO,NO,BANK TRANSFER,Mumbai
T0457,U093,2024-10-17,Expense,Uncategorised,49634,NO,NO,CARD,Delhi
T3479,U039,2021-09-12,Expense,Uncategorised,1971,NO,NO,CARD,Unknown
T8618,U133,2023-10-21,Expense,Uncategorised,3321,NO,NO,UPI,Pune
T6148,U099,2024-05-22,Expense,Uncategorised,13455,NO,NO,BANK TRANSFER,Delhi
T9168,U110,2022-10-07,Expense,Uncategorised,41084,NO,NO,CARD,Chennai
T11418,U140,2022-03-31,Expense,Uncategorised,999999999,NO,YES,CASH,Hyderabad
T1231,U017,2024-05-18,Expense,Uncategorised,9110,NO,NO,BANK TRANSFER,Bangalore
T7545,U021,2023-08-25,Expense,Uncategorised,11809,NO,NO,UPI,Delhi
T10816,U139,2024-07-15,Expense,Uncategorised,43091,NO,NO,CARD,Kolkata
T3205,U066,2022-11-24,Expense,Uncategorised,29401,NO,NO,CASH,Lucknow
T7018,U019,2021-01-18,Expense,Uncategorised,31824,NO,NO,CARD,Pune
T1193,U019,2024-03-18,Expense,Uncategorised,6787,NO,NO,BANK TRANSFER,Mumbai
T3566,U116,2022-05-26,Expense,Uncategorised,2649,NO,NO,UPI,Chennai
T0746,U018,2022-02-01,Expense,Uncategorised,9301,NO,NO,UPI,Hyderabad
T1490,U008,2024-03-08,Expense,Uncategorised,7929,NO,NO,BANK TRANSFER,Kolkata
T7648,U150,2024-07-10,Expense,Uncategorised,6164,NO,NO,CASH,Ahmedabad
T7503,U027,2022-12-13,Expense,Uncategorised,5693,NO,NO,CASH,Delhi
T2489,U094,2022-09-13,Expense,Uncategorised,0,NO,NO,UPI,Jaipur
T7631,U038,2023-11-05,Expense,Uncategorised,2798,NO,NO,BANK TRANSFER,Hyderabad
T4882,U133,2021-12-02,Expense,Uncategorised,5415,NO,NO,CASH,Ahmedabad
T0421,U017,2021-07-05,Expense,Uncategorised,884,NO,NO,BANK TRANSFER,Pune
T3168,U096,2022-02-07,Expense,Uncategorised,2120,NO,NO,CARD,Ahmedabad
T9579,U023,2023-07-01,Expense,Uncategorised,867,NO,NO,BANK TRANSFER,Mumbai
T13423,U074,2024-07-28,Expense,Uncategorised,2578,NO,NO,UPI,Mumbai
T1805,U027,2023-01-10,Expense,Uncategorised,0,NO,NO,UNKNOWN,Chennai
T9797,U095,2023-09-15,Income,Uncategorised,62421,NO,NO,CARD,Lucknow
T12787,U131,2024-11-03,Income,Uncategorised,56023,NO,NO,CASH,Mumbai
T4040,U083,2021-10-17,Expense,Uncategorised,8017,NO,NO,CASH,Lucknow
T1167,U004,2023-12-23,Expense,Uncategorised,2970,NO,NO,UPI,Hyderabad
T3329,U105,2021-10-31,Expense,Uncategorised,744,NO,NO,CASH,Jaipur
T13185,U078,2023-07-27,Expense,Uncategorised,7857,NO,NO,CARD,Delhi
T6100,U090,2022-12-23,Income,Uncategorised,24123,NO,NO,CASH,Lucknow
T5050,U128,2024-11-08,Expense,Uncategorised,5910,NO,NO,CASH,Jaipur
T9292,U035,2023-06-16,Expense,Uncategorised,9533,NO,NO,CASH,Kolkata
T1937,U092,2023-02-26,Expense,Uncategorised,4833,NO,NO,UPI,Hyderabad
T6220,U017,2023-09-30,Expense,Uncategorised,3414,NO,NO,CARD,Pune
T10350,U108,2024-02-13,Expense,Uncategorised,4084,NO,NO,CASH,Pune
T2370,U113,2022-02-26,Income,Uncategorised,70943,NO,NO,UPI,Delhi
T2818,U102,2024-09-13,Expense,Uncategorised,8374,NO,NO,CASH,Ahmedabad
T8211,U023,2021-06-10,Income,Uncategorised,30431,NO,NO,CASH,Pune
T12172,U036,2022-03-19,Expense,Uncategorised,729,NO,NO,CARD,Ahmedabad
T7451,U108,2022-08-29,Expense,Uncategorised,2054,NO,NO,CASH,Jaipur
T12031,U046,2022-11-07,Expense,Uncategorised,2787,NO,NO,CASH,Bangalore
T8605,U059,2022-12-21,Income,Uncategorised,45212,NO,NO,UPI,Mumbai
T0838,U089,2021-04-29,Expense,Uncategorised,4888,NO,NO,CASH,Pune
T7880,U088,2023-11-17,Expense,Uncategorised,6873,NO,NO,UPI,Bangalore
T0491,U108,2021-03-06,Expense,Uncategorised,1023,NO,NO,CARD,Pune
T7132,U094,2022-06-19,Expense,Uncategorised,1030,NO,NO,CARD,Chennai
T10405,U039,2024-03-07,Expense,Uncategorised,23110,NO,NO,BANK TRANSFER,Delhi
T13301,U147,2022-07-09,Income,Uncategorised,621176,NO,YES,CARD,Chennai
T9638,U128,2023-06-12,Expense,Uncategorised,5732,NO,NO,UPI,Delhi
T8273,U033,2021-10-12,Expense,Uncategorised,1891,NO,NO,CARD,Jaipur
T6206,U094,2023-01-23,Expense,Uncategorised,7331,NO,NO,CASH,Pune
T2917,U026,2022-10-06,Expense,Uncategorised,7755,NO,NO,BANK TRANSFER,Hyderabad
T1092,U003,2021-12-07,Expense,Uncategorised,169,NO,NO,CARD,Unknown
T13917,U136,2024-08-11,Expense,Uncategorised,6848,NO,NO,UPI,Kolkata
T1099,U101,2023-12-24,Income,Uncategorised,56990,NO,NO,UPI,Chennai
T6781,U018,2023-05-03,Expense,Uncategorised,4119,NO,NO,CASH,Ahmedabad
T4600,U146,2024-03-20,Income,Uncategorised,0,NO,NO,CASH,Chennai
T2499,U070,2024-08-05,Expense,Uncategorised,8158,NO,NO,CARD,Delhi
T0101,U144,2022-07-15,Expense,Uncategorised,2499,NO,NO,UPI,Ahmedabad
T7044,U082,2021-01-09,Income,Uncategorised,26983,NO,NO,CARD,Mumbai
T11377,U005,2021-09-22,Expense,Uncategorised,1962,NO,NO,BANK TRANSFER,Delhi
T6669,U076,2022-02-04,Expense,Uncategorised,3357,NO,NO,BANK TRANSFER,Pune
T10487,U049,2021-12-15,Expense,Uncategorised,5110,NO,NO,CASH,Delhi
T1388,U082,2024-06-16,Expense,Uncategorised,2959,NO,NO,BANK TRANSFER,Bangalore
T4365,U100,2023-06-28,Expense,Uncategorised,7728,NO,NO,BANK TRANSFER,Chennai
T1670,U146,2021-08-26,Expense,Uncategorised,5936,NO,NO,CARD,Ahmedabad
T11687,U023,2021-08-21,Expense,Uncategorised,3272,NO,NO,CARD,Mumbai
T9474,U026,2022-01-17,Expense,Uncategorised,1581,NO,NO,CARD,Unknown
T13921,U149,2021-04-09,Expense,Uncategorised,3191,NO,NO,CASH,Mumbai
T11596,U009,2021-07-22,Income,Uncategorised,57108,NO,NO,CARD,Delhi
T7797,U127,2022-07-15,Expense,Uncategorised,999999999,NO,YES,CARD,Chennai
T2831,U067,2024-07-07,Expense,Uncategorised,0,NO,NO,CASH,Mumbai
T2929,U101,2023-11-23,Expense,Uncategorised,9001,NO,NO,CARD,Chennai
T1166,U048,2023-08-15,Expense,Uncategorised,9804,NO,NO,BANK TRANSFER,Ahmedabad
T3099,U034,2024-07-18,Expense,Uncategorised,3580,NO,NO,UPI,Hyderabad
T11497,U060,2022-04-12,Expense,Uncategorised,4525,NO,NO,CASH,Kolkata
T8269,U119,2022-05-24,Expense,Uncategorised,5628,NO,NO,BANK TRANSFER,Kolkata
T5860,U082,2024-10-16,Income,Uncategorised,32436,NO,NO,CARD,Hyderabad
T9342,U120,2023-02-15,Expense,Uncategorised,1235,NO,NO,CARD,Chennai
T4919,U081,2022-02-09,Expense,Uncategorised,2054,NO,NO,UPI,Jaipur
T12564,U083,2021-03-05,Expense,Uncategorised,6100,NO,NO,CARD,Chennai
T1576,U123,2021-04-19,Expense,Uncategorised,7534,NO,NO,BANK TRANSFER,Unknown
T0196,U025,2021-04-04,Expense,Uncategorised,7271,NO,NO,UPI,Pune
T1179,U103,2024-10-03,Expense,Uncategorised,6162,NO,NO,UNKNOWN,Hyderabad
T9442,U024,2023-09-29,Expense,Uncategorised,6700,NO,NO,CASH,Pune
T2677,U063,2022-06-23,Expense,Uncategorised,6422,NO,NO,BANK TRANSFER,Hyderabad
T0535,U006,2024-01-04,Expense,Uncategorised,2363,NO,NO,UPI,Ahmedabad
T6992,U033,2024-11-05,Expense,Uncategorised,5511,NO,NO,CASH,Chennai
T2704,U011,2022-10-29,Expense,Uncategorised,30402,NO,NO,CARD,Kolkata
T10108,U002,2022-03-31,Expense,Uncategorised,724,NO,NO,BANK TRANSFER,Chennai
T6548,U005,2022-03-27,Expense,Uncategorised,8754,NO,NO,CARD,Kolkata
T2784,U052,2021-05-08,Expense,Uncategorised,459,NO,NO,UPI,Bangalore
T4723,U107,2022-07-19,Expense,Uncategorised,7403,NO,NO,BANK TRANSFER,Pune
T1738,U149,2022-04-20,Expense,Uncategorised,6985,NO,NO,UPI,Mumbai
T1730,U131,2024-09-02,Expense,Uncategorised,538,NO,NO,UPI,Lucknow
T3438,U021,2021-10-23,Expense,Uncategorised,6727,NO,NO,BANK TRANSFER,Ahmedabad
T7540,U063,2022-09-01,Expense,Uncategorised,3023,NO,NO,UPI,Unknown
T11412,U012,2024-05-13,Income,Uncategorised,45070,NO,NO,CARD,Unknown
T13025,U042,2022-12-15,Expense,Uncategorised,567,NO,NO,UPI,Ahmedabad
T13949,U079,2024-03-04,Expense,Uncategorised,5183,NO,NO,CASH,Chennai
T6817,U110,2022-09-04,Income,Uncategorised,31812,NO,NO,UPI,Chennai
T10714,U062,2023-05-28,Expense,Uncategorised,4000,NO,NO,CARD,Jaipur
T3554,U064,2022-10-31,Income,Uncategorised,23404,NO,NO,CARD,Lucknow
T6936,U135,2023-04-14,Expense,Uncategorised,228,NO,NO,CASH,Mumbai
T2052,U070,2021-07-04,Expense,Uncategorised,7033,NO,NO,CASH,Chennai
T1366,U030,2023-07-18,Expense,Uncategorised,49284,NO,NO,BANK TRANSFER,Pune
T5313,U059,2022-11-01,Expense,Uncategorised,1050,NO,NO,UPI,Ahmedabad
T5037,U041,2024-07-16,Income,Uncategorised,28566,NO,NO,CASH,Kolkata
T4044,U068,2023-12-26,Expense,Uncategorised,2641,NO,NO,BANK TRANSFER,Jaipur
T12072,U113,2023-05-05,Expense,Uncategorised,203,NO,NO,CASH,Hyderabad
T4299,U053,2022-09-27,Expense,Uncategorised,4582,NO,NO,CARD,Pune
T0332,U029,2023-10-14,Expense,Uncategorised,8970,NO,NO,CASH,Mumbai
T6508,U100,2022-05-22,Expense,Uncategorised,24568,NO,NO,UPI,Pune
T7988,U065,2023-07-08,Expense,Uncategorised,4825,NO,NO,CARD,Chennai
T1722,U078,2022-07-05,Expense,Uncategorised,5855,NO,NO,UPI,Kolkata
T2111,U095,2024-08-05,Expense,Uncategorised,7546,NO,NO,CARD,Chennai
T2605,U113,2023-05-19,Expense,Uncategorised,4854,NO,NO,CARD,Jaipur
T9597,U036,2022-05-31,Expense,Uncategorised,1773,NO,NO,CARD,Kolkata
T13951,U005,2021-12-30,Expense,Uncategorised,321,NO,NO,CARD,Mumbai
T12839,U047,2021-10-29,Income,Uncategorised,48642,NO,NO,CARD,Hyderabad
T3944,U043,2024-01-27,Expense,Uncategorised,5329,NO,NO,UPI,Unknown
T11159,U120,2024-09-20,Income,Uncategorised,30590,NO,NO,CASH,Mumbai
T3636,U004,2024-01-06,Expense,Uncategorised,0,NO,NO,CASH,Mumbai
T0522,U074,2024-06-23,Expense,Uncategorised,6222,NO,NO,CASH,Mumbai
T12082,U002,2021-01-26,Income,Uncategorised,65556,NO,NO,UPI,Pune
T11670,U109,2022-05-31,Expense,Uncategorised,5356,NO,NO,BANK TRANSFER,Lucknow
T10931,U005,2021-06-25,Expense,Uncategorised,0,NO,NO,CASH,Jaipur
T6275,U030,2024-04-08,Income,Uncategorised,17616,NO,NO,CASH,Delhi
T12932,U030,2022-06-10,Expense,Uncategorised,7743,NO,NO,UPI,Pune
T11182,U023,2024-01-31,Expense,Uncategorised,0,NO,NO,UNKNOWN,Ahmedabad
T7031,U087,2021-11-13,Income,Uncategorised,21270,NO,NO,CARD,Hyderabad
T10023,U146,2023-08-22,Income,Uncategorised,13365,NO,NO,CASH,Kolkata
T2807,U057,2021-07-05,Income,Uncategorised,56397,NO,NO,BANK TRANSFER,Hyderabad
T13278,U083,2024-05-27,Expense,Uncategorised,3484,NO,NO,CASH,Pune
T0514,U045,2021-01-23,Expense,Uncategorised,4327,NO,NO,BANK TRANSFER,Delhi
T9910,U076,2023-01-15,Expense,Uncategorised,307,NO,NO,UPI,Lucknow
T11633,U042,2022-01-09,Expense,Uncategorised,7615,NO,NO,BANK TRANSFER,Jaipur
T6610,U099,2023-01-03,Expense,Uncategorised,3796,NO,NO,CARD,Chennai
T9421,U104,2022-04-19,Expense,Uncategorised,2049,NO,NO,CASH,Jaipur
T12427,U017,2024-04-10,Expense,Uncategorised,9094,NO,NO,CARD,Ahmedabad
T0777,U038,2024-04-24,Expense,Uncategorised,-500,YES,NO,BANK TRANSFER,Hyderabad
T1140,U119,2022-06-19,Income,Uncategorised,22245,NO,NO,UPI,Jaipur
T1053,U045,2021-10-29,Expense,Uncategorised,8129,NO,NO,BANK TRANSFER,Unknown
T11803,U062,2023-03-05,Expense,Uncategorised,8340,NO,NO,CASH,Bangalore
T6624,U010,2022-11-13,Expense,Uncategorised,3695,NO,NO,BANK TRANSFER,Jaipur
T7245,U022,2021-04-30,Income,Uncategorised,77048,NO,NO,CARD,Jaipur
T5920,U112,2024-05-13,Expense,Uncategorised,4147,NO,NO,UPI,Chennai
T12414,U143,2021-07-02,Expense,Uncategorised,0,NO,NO,CARD,Mumbai
T11785,U006,2024-07-05,Income,Uncategorised,69207,NO,NO,UPI,Delhi
T5560,U114,2024-04-13,Expense,Uncategorised,4410,NO,NO,BANK TRANSFER,Ahmedabad
T10251,U078,2024-08-03,Expense,Uncategorised,8153,NO,NO,CASH,Lucknow
T10906,U065,2022-07-11,Expense,Uncategorised,229,NO,NO,CASH,Unknown
T0889,U023,2023-02-23,Expense,Uncategorised,311,NO,NO,BANK TRANSFER,Lucknow
T12308,U037,2023-11-17,Expense,Uncategorised,1896,NO,NO,UPI,Kolkata
T8328,U088,2021-05-20,Income,Uncategorised,52709,NO,NO,UPI,Kolkata
T2743,U141,2021-07-29,Expense,Uncategorised,4354,NO,NO,BANK TRANSFER,Lucknow
T10133,U063,2024-08-22,Expense,Uncategorised,6288,NO,NO,UPI,Pune
T5299,U095,2023-05-03,Expense,Uncategorised,6352,NO,NO,BANK TRANSFER,Pune
T5851,U095,2021-12-25,Expense,Uncategorised,2899,NO,NO,UPI,Jaipur
T13685,U128,2021-03-07,Income,Uncategorised,79999,NO,NO,UNKNOWN,Mumbai
T2626,U096,2021-08-25,Expense,Uncategorised,2147,NO,NO,CARD,Chennai
T2039,U022,2023-07-05,Expense,Uncategorised,3186,NO,NO,CARD,Chennai
T12529,U109,2024-12-22,Income,Uncategorised,75247,NO,NO,UNKNOWN,Pune
T12739,U029,2023-04-21,Expense,Uncategorised,6376,NO,NO,UPI,Pune
T0381,U069,2021-01-12,Expense,Uncategorised,9425,NO,NO,UPI,Delhi
T1202,U089,2024-03-17,Expense,Uncategorised,43714,NO,NO,BANK TRANSFER,Hyderabad
T4150,U039,2021-08-07,Expense,Uncategorised,476,NO,NO,CASH,Lucknow
T9703,U040,2023-05-07,Expense,Uncategorised,4034,NO,NO,CARD,Pune
T9799,U117,2024-10-04,Income,Uncategorised,24620,NO,NO,CASH,Ahmedabad
T1567,U116,2021-03-27,Expense,Uncategorised,1306,NO,NO,UPI,Pune
T12714,U036,2023-12-01,Income,Uncategorised,63555,NO,NO,BANK TRANSFER,Lucknow
T5555,U123,2024-04-01,Expense,Uncategorised,5984,NO,NO,UPI,Delhi
T0579,U092,2022-03-28,Expense,Uncategorised,4101,NO,NO,CASH,Pune
T1146,U014,2023-01-10,Expense,Uncategorised,407,NO,NO,UNKNOWN,Lucknow
T0344,U042,2021-11-13,Expense,Uncategorised,39449,NO,NO,CASH,Delhi
T8607,U017,2024-04-20,Expense,Uncategorised,9100,NO,NO,CASH,Unknown
T5759,U150,2024-03-21,Income,Uncategorised,29438,NO,NO,CARD,Ahmedabad
T1246,U140,2022-04-03,Income,Uncategorised,12116,NO,NO,CASH,Kolkata
T3608,U133,2023-11-06,Expense,Uncategorised,1625,NO,NO,CARD,Ahmedabad
T11947,U054,2021-08-31,Expense,Uncategorised,6298,NO,NO,CASH,Ahmedabad
T1176,U033,2021-03-02,Expense,Uncategorised,2505,NO,NO,UPI,Kolkata
T6137,U132,2024-08-26,Expense,Uncategorised,9510,NO,NO,BANK TRANSFER,Hyderabad
T6146,U140,2024-11-11,Expense,Uncategorised,8821,NO,NO,CASH,Ahmedabad
T11411,U043,2023-04-28,Expense,Uncategorised,5882,NO,NO,BANK TRANSFER,Lucknow
T8451,U080,2021-08-14,Expense,Uncategorised,3378,NO,NO,CARD,Hyderabad
T1189,U061,2023-05-06,Expense,Uncategorised,438,NO,NO,BANK TRANSFER,Unknown
T12891,U008,2022-01-23,Expense,Uncategorised,3537,NO,NO,BANK TRANSFER,Chennai
T12296,U018,2024-12-17,Expense,Uncategorised,6610,NO,NO,CASH,Delhi
T2820,U054,2022-07-05,Expense,Uncategorised,6146,NO,NO,BANK TRANSFER,Unknown
T6111,U023,2022-02-11,Income,Uncategorised,47374,NO,NO,CASH,Delhi
T10432,U014,2024-01-04,Expense,Uncategorised,3681,NO,NO,CARD,Chennai
T3951,U082,2022-02-08,Expense,Uncategorised,5973,NO,NO,UPI,Lucknow
T0027,U082,2021-06-15,Expense,Uncategorised,6778,NO,NO,BANK TRANSFER,Lucknow
T12812,U077,2023-02-21,Expense,Uncategorised,3130,NO,NO,CASH,Lucknow
T11636,U049,2023-12-20,Expense,Uncategorised,1302,NO,NO,CARD,Jaipur
T8727,U049,2022-11-15,Expense,Uncategorised,8341,NO,NO,UNKNOWN,Chennai
T4076,U050,2023-01-01,Expense,Uncategorised,2022,NO,NO,UPI,Pune
T2528,U131,2022-09-26,Expense,Uncategorised,5762,NO,NO,BANK TRANSFER,Mumbai
T3241,U032,2021-11-16,Expense,Uncategorised,9036,NO,NO,UPI,Bangalore
T2362,U133,2024-03-02,Expense,Uncategorised,3454,NO,NO,CARD,Pune
T5948,U141,2023-02-27,Expense,Uncategorised,9973,NO,NO,BANK TRANSFER,Unknown
T5606,U091,2023-07-27,Expense,Uncategorised,505,NO,NO,CARD,Hyderabad
T14000,U110,2021-06-13,Expense,Uncategorised,4159,NO,NO,CASH,Unknown
T7440,U051,2021-10-26,Expense,Uncategorised,4184,NO,NO,UNKNOWN,Lucknow
T0441,U077,2021-12-25,Expense,Uncategorised,3105,NO,NO,CASH,Bangalore
T7825,U005,2022-07-07,Expense,Uncategorised,9195,NO,NO,CASH,Pune
T1705,U126,2021-08-24,Expense,Uncategorised,1841,NO,NO,UNKNOWN,Chennai
T6493,U116,2023-04-04,Expense,Uncategorised,7073,NO,NO,BANK TRANSFER,Hyderabad
T7484,U089,2024-03-02,Expense,Uncategorised,6693,NO,NO,CASH,Kolkata
T13290,U029,2023-09-14,Expense,Uncategorised,4516,NO,NO,CASH,Hyderabad
T6466,U079,2024-07-27,Expense,Uncategorised,1105,NO,NO,CASH,Lucknow
T11746,U095,2022-07-31,Expense,Uncategorised,320,NO,NO,BANK TRANSFER,Ahmedabad
T1551,U091,2023-06-27,Expense,Uncategorised,3186,NO,NO,CARD,Hyderabad
T11987,U041,2023-02-27,Expense,Uncategorised,4901,NO,NO,CARD,Ahmedabad
T8660,U057,2024-02-01,Income,Uncategorised,44769,NO,NO,CASH,Jaipur
T8941,U147,2022-03-30,Expense,Uncategorised,5074,NO,NO,UPI,Delhi
T11812,U002,2023-08-11,Expense,Uncategorised,46947,NO,NO,CARD,Chennai
T3803,U063,2022-12-10,Income,Uncategorised,10022,NO,NO,UPI,Hyderabad
T12504,U090,2022-09-02,Income,Uncategorised,55483,NO,NO,BANK TRANSFER,Hyderabad
T8630,U035,2021-10-10,Expense,Uncategorised,-1000,YES,NO,UPI,Bangalore
T11853,U059,2021-08-30,Expense,Uncategorised,383,NO,NO,BANK TRANSFER,Unknown
T0893,U042,2024-02-16,Expense,Uncategorised,1498,NO,NO,UNKNOWN,Bangalore
T2460,U079,2021-09-30,Expense,Uncategorised,504,NO,NO,UPI,Unknown
T2742,U071,2024-10-09,Expense,Uncategorised,3328,NO,NO,BANK TRANSFER,Bangalore
T8106,U022,2021-10-24,Expense,Uncategorised,151,NO,NO,BANK TRANSFER,Ahmedabad
T6207,U141,2024-03-17,Expense,Uncategorised,3673,NO,NO,UPI,Lucknow
T6260,U150,2022-05-28,Income,Uncategorised,44371,NO,NO,CASH,Lucknow
T12449,U076,2024-10-21,Expense,Uncategorised,266,NO,NO,UPI,Chennai
T5657,U012,2022-04-11,Expense,Uncategorised,4906,NO,NO,BANK TRANSFER,Jaipur
T3027,U031,2024-03-20,Expense,Uncategorised,5874,NO,NO,BANK TRANSFER,Pune
T9686,U105,2022-08-14,Expense,Uncategorised,871,NO,NO,BANK TRANSFER,Jaipur
T4936,U083,2022-09-05,Expense,Uncategorised,8559,NO,NO,BANK TRANSFER,Bangalore
T2442,U087,2021-04-10,Expense,Uncategorised,3160,NO,NO,CASH,Hyderabad
T9176,U036,2023-04-20,Expense,Uncategorised,1366,NO,NO,CARD,Unknown
T1218,U120,2024-03-23,Income,Uncategorised,77543,NO,NO,UPI,Jaipur
T1087,U097,2022-03-03,Expense,Uncategorised,2238,NO,NO,UPI,Bangalore
T9985,U074,2023-05-31,Expense,Uncategorised,795,NO,NO,BANK TRANSFER,Hyderabad
T11959,U095,2021-11-23,Expense,Uncategorised,7465,NO,NO,UPI,Bangalore
T8493,U051,2021-05-06,Income,Uncategorised,253560,NO,NO,CARD,Hyderabad
T2141,U008,2023-09-27,Expense,Uncategorised,5374,NO,NO,CARD,Delhi
T8011,U126,2023-03-09,Income,Uncategorised,28322,NO,NO,BANK TRANSFER,Jaipur
T3371,U029,2023-01-13,Expense,Uncategorised,3390,NO,NO,CASH,Chennai
T3639,U101,2022-08-31,Income,Uncategorised,55943,NO,NO,CASH,Ahmedabad
T11722,U049,2024-08-13,Expense,Uncategorised,5079,NO,NO,CARD,Kolkata
T9492,U114,2023-08-17,Income,Uncategorised,56088,NO,NO,CARD,Lucknow
T8438,U099,2021-08-21,Expense,Uncategorised,1811,NO,NO,UPI,Unknown
T2002,U094,2023-09-03,Expense,Uncategorised,6406,NO,NO,UPI,Chennai
T4065,U027,2021-08-16,Expense,Uncategorised,7570,NO,NO,BANK TRANSFER,Mumbai
T2894,U041,2021-05-16,Expense,Uncategorised,121,NO,NO,CARD,Ahmedabad
T9564,U110,2021-05-09,Expense,Uncategorised,6002,NO,NO,UPI,Hyderabad
T2060,U064,2024-01-22,Expense,Uncategorised,2318,NO,NO,CARD,Unknown
T11286,U051,2021-11-03,Expense,Uncategorised,1798,NO,NO,BANK TRANSFER,Pune
T3316,U020,2024-11-11,Expense,Uncategorised,1902,NO,NO,CARD,Chennai
T1547,U113,2023-05-25,Expense,Uncategorised,143,NO,NO,CASH,Jaipur
T2257,U016,2024-10-29,Expense,Uncategorised,2651,NO,NO,CASH,Bangalore
T7539,U020,2021-07-20,Income,Uncategorised,54123,NO,NO,UPI,Delhi
T7107,U136,2022-08-11,Income,Uncategorised,30470,NO,NO,UPI,Bangalore
T12937,U127,2022-03-07,Expense,Uncategorised,5190,NO,NO,CARD,Bangalore
T12556,U010,2024-09-15,Income,Uncategorised,72854,NO,NO,BANK TRANSFER,Mumbai
T3328,U039,2024-08-28,Expense,Uncategorised,1612,NO,NO,UNKNOWN,Kolkata
T4037,U003,2023-11-17,Expense,Uncategorised,15193,NO,NO,CARD,Pune
T6603,U011,2024-05-03,Expense,Uncategorised,999999,NO,YES,BANK TRANSFER,Chennai
T11714,U142,2024-01-07,Expense,Uncategorised,9818,NO,NO,UPI,Lucknow
T0122,U104,2022-05-14,Expense,Uncategorised,619,NO,NO,CASH,Delhi
T10396,U014,2023-07-22,Expense,Uncategorised,3041,NO,NO,BANK TRANSFER,Pune
T12021,U030,2021-05-31,Expense,Uncategorised,3074,NO,NO,CARD,Pune
T13908,U113,2023-02-21,Expense,Uncategorised,9952,NO,NO,UNKNOWN,Lucknow
T7467,U033,2024-07-21,Expense,Uncategorised,7335,NO,NO,UPI,Hyderabad
T7486,U142,2024-02-27,Expense,Uncategorised,4353,NO,NO,CARD,Bangalore
T13247,U001,2024-03-04,Expense,Uncategorised,1048,NO,NO,CARD,Bangalore
T8679,U044,2022-08-04,Expense,Uncategorised,5459,NO,NO,CARD,Mumbai
